ags,election_year,turnout,cdu_csu,spd,gruene,fdp,linke_pds,afd,bsw,winner_party,winner_voteshare,election_type,round,number_voters,eligible_voters
03151000,2006,0.5326,,0.6017,,,,,,SPD,0.6017,Landratswahl,hauptwahl,73997,138936
03151000,2014,0.4656,0.5132,,,,,,,CDU,0.5132,Landratswahl,hauptwahl,65733,141175
03151000,2021,0.6051,,,,,,,,,,Landratswahl,hauptwahl,86454,142887
03151000,2021,0.6652,,0.6406,,,,,,SPD,0.6406,Landratswahl,stichwahl,95010,142837
03152000,2011,0.4966,,0.3841,,,,,,SPD,0.3841,Landratswahl,hauptwahl,100960,203303
03153000,2006,0.5069,,0.5261,,,,,,SPD,0.5261,Landratswahl,hauptwahl,62297,122907
03153000,2021,0.5593,,0.5305,,,,,,SPD,0.5305,Landratswahl,hauptwahl,61666,110246
03154000,2011,0.5578,,0.5991,,,,,,SPD,0.5991,Landratswahl,hauptwahl,43007,77103
03154000,2016,0.5524,,,,,,,,,,Landratswahl,hauptwahl,42632,77177
03154000,2016,0.3195,0.6069,,,,,,,CDU,0.6069,Landratswahl,stichwahl,24771,77521
03154000,2021,0.57,,,,,,,,,,Landratswahl,hauptwahl,43350,76050
03154000,2021,0.6155,0.5057,,,,,,,CDU,0.5057,Landratswahl,stichwahl,46769,75991
03155000,2013,0.7074,,,,,,,,,,Landratswahl,hauptwahl,80991,114486
03155000,2013,0.3897,,0.5187,,,,,,SPD,0.5187,Landratswahl,stichwahl,44804,114956
03155000,2021,0.5966,,0.6025,,,,,,SPD,0.6025,Landratswahl,hauptwahl,66135,110853
03156000,2006,0.5478,,0.6209,,,,,,SPD,0.6209,Landratswahl,hauptwahl,37566,68571
03157000,2006,0.5231,,0.613,,,,,,SPD,0.613,Landratswahl,hauptwahl,56146,107337
03157000,2016,0.565,,0.5406,,,,,,SPD,0.5406,Landratswahl,hauptwahl,60941,107853
03157000,2021,0.5808,,,,,,,,,,Landratswahl,hauptwahl,63697,109679
03157000,2021,0.6171,,0.6498,,,,,,SPD,0.6498,Landratswahl,stichwahl,67678,109679
03158000,2006,0.5576,,,,,,,,,,Landratswahl,hauptwahl,56886,102014
03158000,2006,0.3531,,0.7004,,,,,,SPD,0.7004,Landratswahl,stichwahl,36055,102097
03158000,2013,0.7407,,0.5925,,,,,,SPD,0.5925,Landratswahl,hauptwahl,74559,100657
03158000,2021,0.6327,,,,,,,,,,Landratswahl,hauptwahl,62700,99104
03158000,2021,0.6684,,0.6627,,,,,,SPD,0.6627,Landratswahl,stichwahl,66219,99071
03159000,2016,0.5398,,,,,,,,,,Landratswahl,hauptwahl,144717,268101
03159000,2016,0.3084,,0.5616,,,,,,SPD,0.5616,Landratswahl,stichwahl,82547,267698
03159000,2021,0.563,,,,,,,,,,Landratswahl,hauptwahl,146619,260416
03159000,2021,0.6207,,0.635,,,,,,SPD,0.635,Landratswahl,stichwahl,161570,260312
03241000,2006,0.4678,,,,,,,,,,Landratswahl,hauptwahl,414124,885229
03241000,2006,0.2775,,0.7801,,,,,,SPD,0.7801,Landratswahl,stichwahl,245386,884323
03241000,2014,0.4403,,,,,,,,,,Landratswahl,hauptwahl,421034,956310
03241000,2014,0.2759,,0.5087,,,,,,SPD,0.5087,Landratswahl,stichwahl,255309,925529
03241000,2021,0.547,,,,,,,,,,Landratswahl,hauptwahl,492120,899730
03241000,2021,0.6196,,0.6391,,,,,,SPD,0.6391,Landratswahl,stichwahl,557574,899881
03251000,2011,0.5141,,,,,,,,EB,0.612,Landratswahl,hauptwahl,90238,175517
03251000,2019,0.5921,,,,,,,,EB,0.8985,Landratswahl,hauptwahl,106011,179032
03252000,2011,0.5098,,0.5335,,,,,,SPD,0.5335,Landratswahl,hauptwahl,64038,125619
03252000,2013,0.6866,,,,,,,,,,Landratswahl,hauptwahl,85731,124870
03252000,2013,0.4424,,0.5985,,,,,,SPD,0.5985,Landratswahl,stichwahl,55263,124922
03254000,2006,0.5224,,,,,,,,,,Landratswahl,hauptwahl,121491,232556
03254000,2006,0.2923,,0.8264,,,,,,SPD,0.8264,Landratswahl,stichwahl,68001,232679
03254000,2016,0.5765,,0.5391,,,,,,SPD,0.5391,Landratswahl,hauptwahl,131549,228174
03254000,2021,0.5896,,,,,,,,,,Landratswahl,hauptwahl,133126,225804
03254000,2021,0.6264,,0.6253,,,,,,SPD,0.6253,Landratswahl,stichwahl,141443,225805
03255000,2011,0.549,,0.608,,,,,,SPD,0.608,Landratswahl,hauptwahl,33435,60907
03255000,2019,0.5786,,,,,,,,EB,0.5947,Landratswahl,hauptwahl,33766,58354
03256000,2011,0.5199,,,,,,,,EB,0.6142,Landratswahl,hauptwahl,52562,101106
03256000,2019,0.5398,,,,,,,,EB,0.8136,Landratswahl,hauptwahl,53664,99407
03257000,2006,0.5191,,0.6575,,,,,,SPD,0.6575,Landratswahl,hauptwahl,68849,132633
03351000,2006,0.4795,0.5426,,,,,,,CDU,0.5426,Landratswahl,hauptwahl,70476,146981
03351000,2014,0.4498,0.5985,,,,,,,CDU,0.5985,Landratswahl,hauptwahl,65636,145908
03351000,2021,0.5661,0.6206,,,,,,,CDU,0.6206,Landratswahl,hauptwahl,82832,146327
03352000,2011,0.5358,,,,,,,,EB,0.7949,Landratswahl,hauptwahl,89074,166237
03352000,2019,0.5953,,,,,,,,EB,0.6353,Landratswahl,hauptwahl,98883,166100
03353000,2006,0.4954,,,,,,,,EB,0.6262,Landratswahl,hauptwahl,96233,194234
03353000,2014,0.5046,0.5225,,,,,,,CDU,0.5225,Landratswahl,hauptwahl,103804,205697
03354000,2006,0.5609,,,,,,,,EB,0.6122,Landratswahl,hauptwahl,23988,42769
03354000,2014,0.5173,,,,,,,,EB,0.7255,Landratswahl,hauptwahl,21441,41447
03354000,2021,0.6234,,,,,,,,,,Landratswahl,hauptwahl,25462,40841
03354000,2021,0.6428,,,,,,,,EB,0.5702,Landratswahl,stichwahl,26225,40801
03355000,2006,0.5292,,,,,,,,,,Landratswahl,hauptwahl,73679,139220
03355000,2006,0.3176,,0.6331,,,,,,SPD,0.6331,Landratswahl,stichwahl,44185,139139
03355000,2014,0.521,,0.5053,,,,,,SPD,0.5053,Landratswahl,hauptwahl,75655,145204
03355000,2019,0.6502,,,,,,,,,,Landratswahl,hauptwahl,96443,148338
03355000,2019,,,,,,,,,CDU,,Landratswahl,stichwahl,,
03356000,2011,0.5211,,0.8564,,,,,,SPD,0.8564,Landratswahl,hauptwahl,47814,91763
03356000,2013,0.7237,,0.5692,,,,,,SPD,0.5692,Landratswahl,hauptwahl,66993,92566
03356000,2021,0.5959,,0.8709,,,,,,SPD,0.8709,Landratswahl,hauptwahl,56301,94484
03357000,2006,0.586,0.6039,,,,,,,CDU,0.6039,Landratswahl,hauptwahl,77289,131891
03357000,2014,0.5442,0.6215,,,,,,,CDU,0.6215,Landratswahl,hauptwahl,73112,134345
03357000,2021,0.622,0.6036,,,,,,,CDU,0.6036,Landratswahl,hauptwahl,85010,136681
03358000,2014,0.4965,,,,,,,,EB,0.7127,Landratswahl,hauptwahl,56739,114277
03358000,2021,0.5602,,,,,,,,EB,0.5281,Landratswahl,hauptwahl,64701,115488
03359000,2006,0.5166,0.5387,,,,,,,CDU,0.5387,Landratswahl,hauptwahl,81779,158313
03359000,2014,0.4638,0.5561,,,,,,,CDU,0.5561,Landratswahl,hauptwahl,75930,163708
03359000,2021,0.5692,0.5585,,,,,,,CDU,0.5585,Landratswahl,hauptwahl,95803,168322
03360000,2011,0.5642,0.4444,,,,,,,CDU,0.4444,Landratswahl,hauptwahl,44445,78782
03360000,2019,0.5916,,,,,,,,CDU,,Landratswahl,hauptwahl,46324,78300
03361000,2011,0.534,,0.6651,,,,,,SPD,0.6651,Landratswahl,hauptwahl,57657,107964
03361000,2019,0.618,,0.7258,,,,,,SPD,0.7258,Landratswahl,hauptwahl,68611,111023
03451000,2006,0.532,0.5647,,,,,,,CDU,0.5647,Landratswahl,hauptwahl,49464,92972
03451000,2014,0.4787,,,,,,,,EB,0.8555,Landratswahl,hauptwahl,47599,99437
03451000,2021,0.6127,,,,,,,,EB,0.5064,Landratswahl,hauptwahl,63732,104014
03452000,2011,0.5312,,,,,,,,EB,0.4588,Landratswahl,hauptwahl,83496,157175
03452000,2019,0.5841,,,,,,,,EB,0.5348,Landratswahl,hauptwahl,93708,160436
03453000,2006,0.5449,0.8028,,,,,,,CDU,0.8028,Landratswahl,hauptwahl,64981,119245
03453000,2014,0.4815,0.7017,,,,,,,CDU,0.7017,Landratswahl,hauptwahl,61327,127358
03453000,2021,0.5498,0.6608,,,,,,,CDU,0.6608,Landratswahl,hauptwahl,75548,137419
03454000,2006,0.5614,0.7424,,,,,,,CDU,0.7424,Landratswahl,hauptwahl,137564,245026
03454000,2011,0.5506,0.6802,,,,,,,CDU,0.6802,Landratswahl,hauptwahl,139003,252463
03454000,2019,0.5735,0.5944,,,,,,,CDU,0.5944,Landratswahl,hauptwahl,153080,266903
03455000,2011,0.5454,,0.7506,,,,,,SPD,0.7506,Landratswahl,hauptwahl,45254,82967
03455000,2019,0.606,,0.7885,,,,,,SPD,0.7885,Landratswahl,hauptwahl,50887,83972
03456000,2011,0.5637,0.5206,,,,,,,CDU,0.5206,Landratswahl,hauptwahl,61510,109112
03456000,2019,0.6073,,,,,,,,,,Landratswahl,hauptwahl,68272,112416
03456000,2019,,,,,,,,,CDU,,Landratswahl,stichwahl,,
03457000,2006,0.5462,,0.6782,,,,,,SPD,0.6782,Landratswahl,hauptwahl,72130,132055
03457000,2014,0.4753,,0.7654,,,,,,SPD,0.7654,Landratswahl,hauptwahl,64987,136741
03457000,2016,0.5503,,0.5679,,,,,,SPD,0.5679,Landratswahl,hauptwahl,76399,138838
03457000,2021,0.5657,,0.8125,,,,,,SPD,0.8125,Landratswahl,hauptwahl,79973,141363
03458000,2006,0.561,,0.6822,,,,,,SPD,0.6822,Landratswahl,hauptwahl,55879,99607
03458000,2014,0.529,,,,,,,,EB,0.8062,Landratswahl,hauptwahl,55744,105375
03458000,2021,0.5943,,,,,,,,EB,0.6339,Landratswahl,hauptwahl,65401,110047
03459000,2011,0.549,0.4126,,,,,,,CDU,0.4126,Landratswahl,hauptwahl,156578,285224
03459000,2019,0.5941,,,,,,,,,,Landratswahl,hauptwahl,174482,293708
03459000,2019,,,,,,,,,GRÜNE,,Landratswahl,stichwahl,,
03460000,2006,0.5635,0.7555,,,,,,,CDU,0.7555,Landratswahl,hauptwahl,56099,99560
03460000,2014,0.4897,0.8114,,,,,,,CDU,0.8114,Landratswahl,hauptwahl,52610,107436
03460000,2021,0.5801,0.9265,,,,,,,CDU,0.9265,Landratswahl,hauptwahl,65669,113210
03461000,2013,0.6673,,,,,,,,EB,0.541,Landratswahl,hauptwahl,49288,73859
03461000,2021,0.5436,,,,,,,,,,Landratswahl,hauptwahl,39820,73257
03461000,2021,0.6146,,,,,,,,EB,0.5695,Landratswahl,stichwahl,45036,73280
03462000,2006,0.573,,,,,,,,EB,0.7643,Landratswahl,hauptwahl,26763,46706
03462000,2016,0.5851,,0.545,,,,,,SPD,0.545,Landratswahl,hauptwahl,28007,47866
03462000,2021,0.5913,,0.819,,,,,,SPD,0.819,Landratswahl,hauptwahl,28623,48408
05154000,2009,0.5301,0.5717,,,,,,,CDU,0.5717,Landratswahl,hauptwahl,133670,252163
05154000,2015,0.4298,0.5816,,,,,,,CDU,0.5816,Landratswahl,hauptwahl,111581,259602
05154000,2020,0.5152,0.4868,,,,,,,CDU,0.4868,Landratswahl,hauptwahl,136545,265011
05154000,2020,0.3141,0.5421,,,,,,,CDU,0.5421,Landratswahl,stichwahl,83184,264836
05154000,2025,,,,,,,,,,,Landratswahl,hauptwahl,0,
05158000,2009,0.5332,0.569,,,,,,,CDU,0.569,Landratswahl,hauptwahl,213405,400207
05158000,2014,0.5179,0.545,,,,,,,CDU,0.545,Landratswahl,hauptwahl,207619,400914
05158000,2020,0.5377,0.5098,,,,,,,CDU,0.5098,Landratswahl,hauptwahl,213727,397492
05158000,2025,0.5718,0.5785,,,,,,,CDU,0.5785,Landratswahl,hauptwahl,222950,389875
05162000,2009,0.5305,0.5741,,,,,,,CDU,0.5741,Landratswahl,hauptwahl,188314,354959
05162000,2015,0.3816,0.604,,,,,,,CDU,0.604,Landratswahl,hauptwahl,138507,362996
05162000,2020,0.5364,0.4973,,,,,,,CDU,0.4973,Landratswahl,hauptwahl,195437,364372
05162000,2020,0.333,0.5976,,,,,,,CDU,0.5976,Landratswahl,stichwahl,121282,364189
05162000,2025,0.5739,0.4594,,,,,,,CDU,0.4594,Landratswahl,hauptwahl,205663,358355
05162000,2025,0.3411,0.6294,,,,,,,CDU,0.6294,Landratswahl,stichwahl,122159,358175
05166000,2009,0.541,0.5303,,,,,,,CDU,0.5303,Landratswahl,hauptwahl,132077,244136
05166000,2015,0.3195,0.7228,,,,,,,CDU,0.7228,Landratswahl,hauptwahl,78715,246403
05166000,2020,0.5266,0.541,,,,,,,CDU,0.541,Landratswahl,hauptwahl,130520,247851
05166000,2025,0.5725,0.4695,,,,,,,CDU,0.4695,Landratswahl,hauptwahl,139481,243655
05166000,2025,0.3452,0.5923,,,,,,,CDU,0.5923,Landratswahl,stichwahl,84064,243522
05170000,2009,0.5445,,0.4181,,,,,,SPD,0.4181,Landratswahl,hauptwahl,207034,380195
05170000,2014,0.5144,,0.4852,,,,,,SPD,0.4852,Landratswahl,hauptwahl,195124,379290
05170000,2014,0.2349,,0.5383,,,,,,SPD,0.5383,Landratswahl,stichwahl,89047,379017
05170000,2020,0.5336,0.3642,,,,,,,CDU,0.3642,Landratswahl,hauptwahl,200253,375309
05170000,2020,0.3246,0.5347,,,,,,,CDU,0.5347,Landratswahl,stichwahl,121752,375091
05170000,2025,0.5815,,,,,,,,CDU-GRÜNE,0.4656,Landratswahl,hauptwahl,215187,370081
05170000,2025,0.3766,,,,,,,,CDU-GRÜNE,0.5738,Landratswahl,stichwahl,139296,369867
05334000,2009,0.5464,0.4008,,,,,,,CDU,0.4008,Landratswahl,hauptwahl,234557,429311
05334000,2014,0.5214,0.4245,,,,,,,CDU,0.4245,Landratswahl,hauptwahl,228821,438884
05334000,2014,0.2222,0.522,,,,,,,CDU,0.522,Landratswahl,stichwahl,97438,438573
05334000,2025,0.5923,0.4434,,,,,,,CDU,0.4434,Landratswahl,hauptwahl,252699,426623
05334000,2025,0.4263,0.6251,,,,,,,CDU,0.6251,Landratswahl,stichwahl,181795,426400
05358000,2009,0.5738,0.5851,,,,,,,CDU,0.5851,Landratswahl,hauptwahl,121468,211701
05358000,2015,0.4298,0.5634,,,,,,,CDU,0.5634,Landratswahl,hauptwahl,92069,214208
05358000,2020,0.559,0.578,,,,,,,CDU,0.578,Landratswahl,hauptwahl,119813,214351
05358000,2025,0.6008,0.4441,,,,,,,CDU,0.4441,Landratswahl,hauptwahl,128576,214011
05358000,2025,0.3372,0.5978,,,,,,,CDU,0.5978,Landratswahl,stichwahl,72145,213953
05362000,2009,0.5611,0.5039,,,,,,,CDU,0.5039,Landratswahl,hauptwahl,205163,365657
05362000,2020,0.5396,0.445,,,,,,,CDU,0.445,Landratswahl,hauptwahl,205320,380533
05362000,2020,0.3438,0.5725,,,,,,,CDU,0.5725,Landratswahl,stichwahl,130716,380218
05362000,2025,0.5856,0.4585,,,,,,,CDU,0.4585,Landratswahl,hauptwahl,221270,377880
05362000,2025,0.3707,0.6294,,,,,,,CDU,0.6294,Landratswahl,stichwahl,139919,377478
05366000,2009,0.5633,,,,,,,,Wählergr./Einzelbew.,0.4284,Landratswahl,hauptwahl,88531,157176
05366000,2015,0.4056,,,,,,,,Einzelbew.,0.4377,Landratswahl,hauptwahl,64267,158462
05366000,2015,0.292,,,,,,,,Einzelbew.,0.5968,Landratswahl,stichwahl,46246,158394
05366000,2020,0.5604,,0.4014,,,,,,SPD,0.4014,Landratswahl,hauptwahl,90585,161642
05366000,2020,0.4278,,0.6038,,,,,,SPD,0.6038,Landratswahl,stichwahl,69106,161551
05366000,2025,0.6125,,0.6814,,,,,,SPD,0.6814,Landratswahl,hauptwahl,99249,162042
05370000,2009,0.5501,0.6084,,,,,,,CDU,0.6084,Landratswahl,hauptwahl,112428,204369
05370000,2014,0.5161,0.5992,,,,,,,CDU,0.5992,Landratswahl,hauptwahl,106994,207313
05370000,2020,0.5437,0.7991,,,,,,,CDU,0.7991,Landratswahl,hauptwahl,115068,211639
05370000,2025,0.5728,0.6261,,,,,,,CDU,0.6261,Landratswahl,hauptwahl,121585,212251
05374000,2009,0.5376,0.5255,,,,,,,CDU,0.5255,Landratswahl,hauptwahl,120989,225039
05374000,2015,0.3283,0.5193,,,,,,,CDU,0.5193,Landratswahl,hauptwahl,73449,223734
05374000,2020,0.5231,0.6352,,,,,,,CDU,0.6352,Landratswahl,hauptwahl,116497,222719
05374000,2025,0.589,,,,,,,,CDU | FDP,0.4322,Landratswahl,hauptwahl,129079,219146
05374000,2025,0.3439,,,,,,,,CDU | FDP,0.6173,Landratswahl,stichwahl,75305,218988
05378000,2009,0.5853,0.5383,,,,,,,CDU,0.5383,Landratswahl,hauptwahl,134117,229132
05378000,2025,0.619,0.4082,,,,,,,CDU,0.4082,Landratswahl,hauptwahl,141519,228615
05378000,2025,0.4104,0.5694,,,,,,,CDU,0.5694,Landratswahl,stichwahl,93809,228578
05382000,2009,0.5533,0.5266,,,,,,,CDU,0.5266,Landratswahl,hauptwahl,260397,470584
05382000,2014,0.561,0.4769,,,,,,,CDU,0.4769,Landratswahl,hauptwahl,269774,480854
05382000,2014,0.2574,0.5543,,,,,,,CDU,0.5543,Landratswahl,stichwahl,123759,480747
05382000,2020,0.5643,0.5318,,,,,,,CDU,0.5318,Landratswahl,hauptwahl,276297,489668
05382000,2025,0.613,0.4496,,,,,,,CDU,0.4496,Landratswahl,hauptwahl,297357,485062
05382000,2025,0.4211,0.5622,,,,,,,CDU,0.5622,Landratswahl,stichwahl,204132,484811
05554000,2009,0.5916,0.6213,,,,,,,CDU,0.6213,Landratswahl,hauptwahl,173349,293027
05554000,2014,0.5379,0.6318,,,,,,,CDU,0.6318,Landratswahl,hauptwahl,160630,298599
05554000,2020,0.5906,0.6723,,,,,,,CDU,0.6723,Landratswahl,hauptwahl,179008,303081
05554000,2025,0.6131,0.6252,,,,,,,CDU,0.6252,Landratswahl,hauptwahl,186879,304797
05558000,2009,0.6173,0.6326,,,,,,,CDU,0.6326,Landratswahl,hauptwahl,109771,177820
05558000,2015,0.5174,0.6213,,,,,,,CDU,0.6213,Landratswahl,hauptwahl,93956,181590
05558000,2020,0.6225,0.6674,,,,,,,CDU,0.6674,Landratswahl,hauptwahl,114019,183170
05558000,2025,0.6564,0.6777,,,,,,,CDU,0.6777,Landratswahl,hauptwahl,119972,182772
05562000,2009,0.5272,,0.3853,,,,,,SPD,0.3853,Landratswahl,hauptwahl,269169,510608
05562000,2014,0.4799,,0.4408,,,,,,SPD,0.4408,Landratswahl,hauptwahl,242176,504680
05562000,2014,0.2642,,0.547,,,,,,SPD,0.547,Landratswahl,stichwahl,133310,504515
05562000,2020,0.4906,0.3833,,,,,,,CDU/FDP,0.3833,Landratswahl,hauptwahl,243552,496470
05562000,2020,0.2926,0.5054,,,,,,,CDU/FDP,0.5054,Landratswahl,stichwahl,145229,496330
05562000,2025,0.5642,,,,,,,,"CDU, FDP",0.3979,Landratswahl,hauptwahl,271995,482047
05562000,2025,0.3547,,,,,,,,"CDU, FDP",0.5187,Landratswahl,stichwahl,170900,481757
05566000,2009,0.5802,0.5446,,,,,,,CDU,0.5446,Landratswahl,hauptwahl,204884,353127
05566000,2015,0.4148,0.5774,,,,,,,CDU,0.5774,Landratswahl,hauptwahl,149806,361163
05566000,2020,0.5782,0.3102,,,,,,,CDU,0.3102,Landratswahl,hauptwahl,210434,363972
05566000,2020,0.3555,,,,,,,,Einzelbew.,0.6872,Landratswahl,stichwahl,129354,363852
05566000,2025,0.6097,,,,,,,,EZB,0.7053,Landratswahl,hauptwahl,221237,362860
05570000,2014,0.552,0.6076,,,,,,,CDU,0.6076,Landratswahl,hauptwahl,123697,224086
05570000,2020,0.5809,0.6319,,,,,,,CDU/FDP,0.6319,Landratswahl,hauptwahl,131027,225560
05570000,2025,0.5983,,,,,,,,CDU|FDP,0.6463,Landratswahl,hauptwahl,133888,223783
05754000,2009,0.5536,0.5671,,,,,,,CDU,0.5671,Landratswahl,hauptwahl,155751,281351
05754000,2014,0.5065,0.6166,,,,,,,CDU,0.6166,Landratswahl,hauptwahl,146285,288817
05754000,2020,0.5359,0.5443,,,,,,,CDU,0.5443,Landratswahl,hauptwahl,157698,294290
05754000,2025,0.5441,0.5922,,,,,,,CDU,0.5922,Landratswahl,hauptwahl,159513,293154
05758000,2009,0.5348,0.4815,,,,,,,CDU/FDP,0.4815,Landratswahl,hauptwahl,109901,205506
05758000,2015,0.3261,,0.5331,,,,,,SPD/GRÜNE,0.5331,Landratswahl,hauptwahl,66675,204467
05758000,2020,0.5324,,0.5631,,,,,,SPD/GRÜNE,0.5631,Landratswahl,hauptwahl,107995,202834
05758000,2025,0.5738,0.436,,,,,,,CDU,0.436,Landratswahl,hauptwahl,114024,198711
05758000,2025,0.3757,0.5375,,,,,,,CDU,0.5375,Landratswahl,stichwahl,74614,198603
05762000,2009,0.5961,0.592,,,,,,,CDU,0.592,Landratswahl,hauptwahl,72511,121645
05762000,2014,0.5703,0.7318,,,,,,,CDU,0.7318,Landratswahl,hauptwahl,67721,118753
05762000,2020,0.5977,0.7294,,,,,,,CDU,0.7294,Landratswahl,hauptwahl,69397,116114
05762000,2025,0.6438,0.6453,,,,,,,CDU,0.6453,Landratswahl,hauptwahl,73200,113706
05766000,2009,0.5546,0.5013,,,,,,,CDU,0.5013,Landratswahl,hauptwahl,159525,287662
05766000,2015,0.4118,0.4958,,,,,,,CDU,0.4958,Landratswahl,hauptwahl,117243,284693
05766000,2015,0.3289,,0.5288,,,,,,SPD,0.5288,Landratswahl,stichwahl,93565,284444
05766000,2020,0.548,,0.4026,,,,,,SPD,0.4026,Landratswahl,hauptwahl,154455,281829
05766000,2020,0.369,,0.5596,,,,,,SPD,0.5596,Landratswahl,stichwahl,103914,281614
05766000,2025,0.5984,0.3981,,,,,,,CDU,0.3981,Landratswahl,hauptwahl,165590,276705
05766000,2025,0.3812,0.5561,,,,,,,CDU,0.5561,Landratswahl,stichwahl,105415,276536
05770000,2014,0.4926,,0.4953,,,,,,SPD,0.4953,Landratswahl,hauptwahl,126371,256555
05770000,2014,0.246,,0.6378,,,,,,SPD,0.6378,Landratswahl,stichwahl,63060,256373
05770000,2020,0.525,0.4632,,,,,,,CDU,0.4632,Landratswahl,hauptwahl,133048,253437
05770000,2020,0.3549,0.6373,,,,,,,CDU,0.6373,Landratswahl,stichwahl,89889,253312
05770000,2025,,,,,,,,,,,Landratswahl,hauptwahl,0,
05774000,2009,0.5189,0.7021,,,,,,,CDU,0.7021,Landratswahl,hauptwahl,122703,236475
05774000,2014,0.5062,0.6432,,,,,,,CDU,0.6432,Landratswahl,hauptwahl,122894,242760
05774000,2020,0.5294,0.5345,,,,,,,CDU,0.5345,Landratswahl,hauptwahl,130023,245607
05774000,2025,0.5856,0.5384,,,,,,,CDU,0.5384,Landratswahl,hauptwahl,143891,245703
05954000,2009,0.548,,0.4672,,,,,,SPD,0.4672,Landratswahl,hauptwahl,151445,276357
05954000,2015,0.3875,,0.5527,,,,,,SPD/GRÜNE,0.5527,Landratswahl,hauptwahl,105422,272074
05954000,2020,0.5136,,0.6159,,,,,,SPD/GRÜNE,0.6159,Landratswahl,hauptwahl,137217,267177
05954000,2025,0.5831,,0.3763,,,,,,SPD,0.3763,Landratswahl,hauptwahl,151032,259035
05954000,2025,0.3773,,0.5591,,,,,,SPD,0.5591,Landratswahl,stichwahl,97616,258732
05958000,2014,0.5369,0.5997,,,,,,,CDU,0.5997,Landratswahl,hauptwahl,117368,218623
05958000,2020,0.566,0.5871,,,,,,,CDU,0.5871,Landratswahl,hauptwahl,121870,215335
05958000,2025,0.6129,0.6316,,,,,,,CDU,0.6316,Landratswahl,hauptwahl,128477,209627
05962000,2009,0.4888,0.4342,,,,,,,CDU,0.4342,Landratswahl,hauptwahl,169121,346000
05962000,2014,0.4448,0.4868,,,,,,,CDU,0.4868,Landratswahl,hauptwahl,150715,338816
05962000,2014,0.1964,0.6198,,,,,,,CDU,0.6198,Landratswahl,stichwahl,66435,338324
05962000,2020,0.462,0.4211,,,,,,,CDU,0.4211,Landratswahl,hauptwahl,151746,328462
05962000,2020,0.2958,0.5635,,,,,,,CDU,0.5635,Landratswahl,stichwahl,97083,328226
05962000,2025,0.5184,0.5621,,,,,,,CDU,0.5621,Landratswahl,hauptwahl,164744,317775
05966000,2009,0.5763,0.726,,,,,,,CDU,0.726,Landratswahl,hauptwahl,64106,111235
05966000,2014,0.523,0.6872,,,,,,,CDU,0.6872,Landratswahl,hauptwahl,57746,110423
05966000,2020,0.5787,0.6584,,,,,,,CDU,0.6584,Landratswahl,hauptwahl,63198,109207
05966000,2025,0.608,0.6079,,,,,,,CDU,0.6079,Landratswahl,hauptwahl,64845,106651
05970000,2009,0.5369,0.5292,,,,,,,CDU,0.5292,Landratswahl,hauptwahl,123432,229908
05970000,2014,0.5167,0.4327,,,,,,,CDU,0.4327,Landratswahl,hauptwahl,118041,228438
05970000,2014,0.3288,,0.5948,,,,,,SPD,0.5948,Landratswahl,stichwahl,75073,228294
05970000,2020,0.5589,,0.5444,,,,,,SPD,0.5444,Landratswahl,hauptwahl,125071,223779
05970000,2025,0.5956,,0.4422,,,,,,SPD,0.4422,Landratswahl,hauptwahl,127898,214740
05970000,2025,0.4034,,0.622,,,,,,SPD,0.622,Landratswahl,stichwahl,86540,214508
05974000,2014,0.5119,0.5097,,,,,,,CDU,0.5097,Landratswahl,hauptwahl,126877,247871
05974000,2020,0.5329,0.5652,,,,,,,CDU,0.5652,Landratswahl,hauptwahl,132674,248970
05974000,2025,0.5839,0.4819,,,,,,,CDU,0.4819,Landratswahl,hauptwahl,143099,245073
05974000,2025,0.3654,0.6028,,,,,,,CDU,0.6028,Landratswahl,stichwahl,89493,244917
05978000,2009,0.5399,,0.5373,,,,,,SPD,0.5373,Landratswahl,hauptwahl,177231,328282
05978000,2014,0.5016,,0.5423,,,,,,SPD,0.5423,Landratswahl,hauptwahl,163143,325225
05978000,2020,0.4881,,0.4112,,,,,,SPD,0.4112,Landratswahl,hauptwahl,157035,321737
05978000,2020,0.3199,,0.6194,,,,,,SPD,0.6194,Landratswahl,stichwahl,102844,321503
05978000,2025,0.5658,,0.5875,,,,,,SPD,0.5875,Landratswahl,hauptwahl,178164,314873
06431000,1997,0.6334,,,,,,,,,,Landratswahl,hauptwahl,124772,196993
06431000,1997,0.4071,,0.5248,,,,,,SPD,0.5248,Landratswahl,stichwahl,80184,196975
06431000,2003,0.3351,0.6002,,,,,,,CDU,0.6002,Landratswahl,hauptwahl,67262,200717
06431000,2009,0.4263,0.5752,,,,,,,CDU,0.5752,Landratswahl,hauptwahl,87813,205977
06431000,2015,0.3003,,,,,,,,,,Landratswahl,hauptwahl,63303,210791
06431000,2015,0.2185,0.5392,,,,,,,CDU,0.5392,Landratswahl,stichwahl,46095,210985
06431000,2021,0.5132,0.6328,,,,,,,CDU,0.6328,Landratswahl,hauptwahl,109609,213578
06432000,1997,0.6659,,0.5564,,,,,,SPD,0.5564,Landratswahl,hauptwahl,138243,207589
06432000,2003,0.3476,,0.6203,,,,,,SPD,0.6203,Landratswahl,hauptwahl,74933,215578
06432000,2009,0.3172,,0.5443,,,,,,SPD,0.5443,Landratswahl,hauptwahl,70150,221167
06432000,2015,0.2915,,0.6513,,,,,,SPD,0.6513,Landratswahl,hauptwahl,66665,228657
06432000,2021,0.3025,,0.701,,,,,,SPD,0.701,Landratswahl,hauptwahl,70229,232144
06433000,1998,0.4236,,0.5919,,,,,,SPD,0.5919,Landratswahl,hauptwahl,75180,177480
06433000,2004,0.3204,,0.5599,,,,,,SPD,0.5599,Landratswahl,hauptwahl,58090,181285
06433000,2010,0.2987,,0.59,,,,,,SPD,0.59,Landratswahl,hauptwahl,55481,185719
06433000,2015,0.2412,,0.6403,,,,,,SPD,0.6403,Landratswahl,hauptwahl,47483,196899
06433000,2021,0.2858,,0.6147,,,,,,SPD,0.6147,Landratswahl,hauptwahl,57676,201790
06434000,1996,0.4103,0.549,,,,,,,CDU,0.549,Landratswahl,hauptwahl,68619,167248
06434000,2002,0.3233,0.6914,,,,,,,CDU,0.6914,Landratswahl,hauptwahl,54977,170063
06434000,2006,0.472,0.5646,,,,,,,CDU,0.5646,Landratswahl,hauptwahl,80850,171304
06434000,2012,0.2623,0.633,,,,,,,CDU,0.633,Landratswahl,hauptwahl,45619,173940
06434000,2018,0.2985,0.5727,,,,,,,CDU,0.5727,Landratswahl,hauptwahl,53184,178150
06434000,2024,0.4107,0.6707,,,,,,,CDU,0.6707,Landratswahl,hauptwahl,72371,176218
06435000,1993,0.3975,,0.5075,,,,,,SPD,0.5075,Landratswahl,hauptwahl,112919,284104
06435000,1999,0.4599,,0.6261,,,,,,SPD,0.6261,Landratswahl,hauptwahl,140504,305511
06435000,2005,0.3532,,,,,,,,,,Landratswahl,hauptwahl,108288,306591
06435000,2005,0.3065,,0.517,,,,,,SPD,0.517,Landratswahl,stichwahl,93988,306672
06435000,2011,0.4665,,,,,,,,,,Landratswahl,hauptwahl,145500,311914
06435000,2011,0.2119,,0.6505,,,,,,SPD,0.6505,Landratswahl,stichwahl,66134,312131
06435000,2017,0.339,,0.5788,,,,,,SPD,0.5788,Landratswahl,hauptwahl,108891,321223
06435000,2023,0.2667,,0.6748,,,,,,SPD,0.6748,Landratswahl,hauptwahl,86092,322842
06436000,1995,0.3581,0.5986,,,,,,,CDU,0.5986,Landratswahl,hauptwahl,55452,154859
06436000,1999,0.3056,0.6466,,,,,,,CDU,0.6466,Landratswahl,hauptwahl,51274,167770
06436000,2005,0.3416,0.6242,,,,,,,CDU,0.6242,Landratswahl,hauptwahl,58105,170081
06436000,2011,0.4963,0.6149,,,,,,,CDU,0.6149,Landratswahl,hauptwahl,86041,173379
06436000,2017,0.287,0.676,,,,,,,CDU,0.676,Landratswahl,hauptwahl,51858,180679
06436000,2023,0.2774,0.683,,,,,,,CDU,0.683,Landratswahl,hauptwahl,49856,179705
06437000,1997,0.7057,,0.7477,,,,,,SPD,0.7477,Landratswahl,hauptwahl,51477,72946
06437000,2003,0.6456,,0.607,,,,,,SPD,0.607,Landratswahl,hauptwahl,48576,75247
06437000,2009,0.4521,,,,,,,,,,Landratswahl,hauptwahl,34439,76180
06437000,2009,0.2958,,,,,,,,ÜWG,0.8658,Landratswahl,stichwahl,22519,76141
06437000,2015,0.4166,,0.5886,,,,,,SPD,0.5886,Landratswahl,hauptwahl,31772,76266
06437000,2021,0.5305,,0.6729,,,,,,SPD,0.6729,Landratswahl,hauptwahl,40838,76983
06438000,1997,0.3802,,,,,,,,,,Landratswahl,hauptwahl,91347,240273
06438000,1997,0.3185,0.55,,,,,,,CDU,0.55,Landratswahl,stichwahl,76638,240593
06438000,2003,0.3435,0.6889,,,,,,,CDU,0.6889,Landratswahl,hauptwahl,84390,245668
06438000,2009,0.7173,,,,,,,,,,Landratswahl,hauptwahl,179603,250380
06438000,2009,0.3261,0.6325,,,,,,,CDU,0.6325,Landratswahl,stichwahl,81673,250450
06438000,2015,0.2875,0.5921,,,,,,,CDU,0.5921,Landratswahl,hauptwahl,75132,261321
06438000,2021,0.6683,,,,,,,,,,Landratswahl,hauptwahl,177562,265698
06438000,2021,0.3109,0.5586,,,,,,,CDU,0.5586,Landratswahl,stichwahl,82539,265472
06439000,1993,0.3975,,,,,,,,,,Landratswahl,hauptwahl,52329,131655
06439000,1993,0.3102,,0.5032,,,,,,SPD,0.5032,Landratswahl,stichwahl,40820,131601
06439000,1999,0.4372,0.5303,,,,,,,CDU,0.5303,Landratswahl,hauptwahl,61188,139945
06439000,2005,0.3579,,,,,,,,,,Landratswahl,hauptwahl,50562,141280
06439000,2005,0.3724,,0.5737,,,,,,SPD,0.5737,Landratswahl,stichwahl,52722,141575
06439000,2011,0.515,,,,,,,,,,Landratswahl,hauptwahl,73464,142658
06439000,2011,0.317,,0.6035,,,,,,SPD,0.6035,Landratswahl,stichwahl,45273,142835
06439000,2017,0.3769,,,,,,,,Einzelbewerbung,0.5869,Landratswahl,hauptwahl,55195,146440
06439000,2023,0.4017,0.5283,,,,,,,CDU,0.5283,Landratswahl,hauptwahl,58828,146463
06440000,1997,0.4248,,,,,,,,,,Landratswahl,hauptwahl,90298,212570
06440000,1997,0.3816,,0.5264,,,,,,SPD,0.5264,Landratswahl,stichwahl,81197,212773
06440000,2003,0.411,,0.5255,,,,,,SPD,0.5255,Landratswahl,hauptwahl,90690,220657
06440000,2008,0.6342,,,,,,,,,,Landratswahl,hauptwahl,144242,227451
06440000,2008,0.365,,0.5047,,,,,,SPD,0.5047,Landratswahl,stichwahl,82945,227260
06440000,2014,0.2879,,0.5959,,,,,,SPD,0.5959,Landratswahl,hauptwahl,67107,233111
06440000,2018,0.3173,,,,,,,,,,Landratswahl,hauptwahl,75380,237584
06440000,2018,0.2306,0.5695,,,,,,,CDU,0.5695,Landratswahl,stichwahl,54756,237498
06440000,2023,0.6256,0.5285,,,,,,,CDU,0.5285,Landratswahl,hauptwahl,150485,240530
06531000,1997,0.4491,,,,,,,,,,Landratswahl,hauptwahl,83773,186523
06531000,1997,0.3494,,0.5466,,,,,,SPD,0.5466,Landratswahl,stichwahl,65155,186473
06531000,2003,0.3642,,0.5998,,,,,,SPD,0.5998,Landratswahl,hauptwahl,69675,191322
06531000,2009,0.4186,,0.5484,,,,,,SPD,0.5484,Landratswahl,hauptwahl,82575,197256
06531000,2015,0.304,,0.6214,,,,,,SPD,0.6214,Landratswahl,hauptwahl,62221,204699
06531000,2021,0.712,,,,,,,,,,Landratswahl,hauptwahl,148298,208282
06531000,2021,0.3727,,0.6644,,,,,,SPD,0.6644,Landratswahl,stichwahl,77580,208171
06532000,1994,0.424,,0.5237,,,,,,SPD,0.5237,Landratswahl,hauptwahl,80800,190585
06532000,2000,0.2941,,0.61,,,,,,SPD,0.61,Landratswahl,hauptwahl,58917,200300
06532000,2006,0.4055,,,,,,,,,,Landratswahl,hauptwahl,79956,197181
06532000,2006,0.2342,,0.5211,,,,,,SPD,0.5211,Landratswahl,stichwahl,46326,197796
06532000,2012,0.2678,,0.6215,,,,,,SPD,0.6215,Landratswahl,hauptwahl,52779,197100
06532000,2018,0.2386,,0.792,,,,,,SPD,0.792,Landratswahl,hauptwahl,46879,196506
06532000,2024,0.5624,,,,,,,,,,Landratswahl,hauptwahl,109381,194482
06532000,2024,0.3136,0.5118,,,,,,,CDU,0.5118,Landratswahl,stichwahl,60944,194337
06533000,1995,0.4722,,0.5036,,,,,,SPD/Freie Bürger,0.5036,Landratswahl,hauptwahl,59414,125815
06533000,2001,0.544,,,,,,,,,,Landratswahl,hauptwahl,71782,131948
06533000,2001,0.3913,,,,,,,,Einzelbewerbung,0.5411,Landratswahl,stichwahl,52208,133412
06533000,2006,0.3105,0.5638,,,,,,,CDU,0.5638,Landratswahl,hauptwahl,41815,134650
06533000,2012,0.2546,0.6264,,,,,,,CDU,0.6264,Landratswahl,hauptwahl,34103,133951
06533000,2018,0.62,,,,,,,,,,Landratswahl,hauptwahl,83660,134930
06533000,2018,0.3449,0.5793,,,,,,,CDU,0.5793,Landratswahl,stichwahl,46382,134486
06533000,2024,0.5821,0.781,,,,,,,CDU,0.781,Landratswahl,hauptwahl,77958,133920
06534000,1995,0.4311,0.5497,,,,,,,CDU,0.5497,Landratswahl,hauptwahl,77610,180042
06534000,2001,0.3513,0.6131,,,,,,,CDU,0.6131,Landratswahl,hauptwahl,64533,183678
06534000,2007,0.3083,0.5716,,,,,,,CDU,0.5716,Landratswahl,hauptwahl,57718,187244
06534000,2013,0.364,,,,,,,,,,Landratswahl,hauptwahl,68579,188382
06534000,2013,0.6401,,0.6058,,,,,,SPD,0.6058,Landratswahl,stichwahl,120491,188250
06534000,2019,0.3395,,0.5709,,,,,,SPD,0.5709,Landratswahl,hauptwahl,64042,188662
06534000,2022,0.2959,,,,,,,,,,Landratswahl,hauptwahl,55812,188595
06534000,2022,0.2518,,0.5219,,,,,,SPD,0.5219,Landratswahl,stichwahl,47487,188579
06535000,1993,0.4719,,0.5589,,,,,,SPD,0.5589,Landratswahl,hauptwahl,42839,90780
06535000,1998,0.4123,,0.6467,,,,,,SPD,0.6467,Landratswahl,hauptwahl,38922,94393
06535000,2000,0.4236,,,,,,,,,,Landratswahl,hauptwahl,40031,94500
06535000,2000,0.3801,0.5301,,,,,,,CDU,0.5301,Landratswahl,stichwahl,35929,94524
06535000,2006,0.5324,0.5556,,,,,,,CDU,0.5556,Landratswahl,hauptwahl,49031,92095
06535000,2011,0.4106,,,,,,,,,,Landratswahl,hauptwahl,36492,88878
06535000,2011,0.3888,,0.5367,,,,,,SPD,0.5367,Landratswahl,stichwahl,34540,88833
06535000,2017,0.7418,,0.7858,,,,,,SPD,0.7858,Landratswahl,hauptwahl,64226,86576
06535000,2023,0.676,0.6728,,,,,,,CDU,0.6728,Landratswahl,hauptwahl,57903,85655
06631000,1994,0.5231,0.725,,,,,,,CDU,0.725,Landratswahl,hauptwahl,81706,156195
06631000,2000,0.4063,0.7545,,,,,,,CDU,0.7545,Landratswahl,hauptwahl,67417,165923
06631000,2005,0.3446,0.7191,,,,,,,CDU,0.7191,Landratswahl,hauptwahl,57793,167687
06631000,2011,0.3046,0.7212,,,,,,,CDU,0.7212,Landratswahl,hauptwahl,52014,170736
06631000,2017,0.7492,0.6508,,,,,,,CDU,0.6508,Landratswahl,hauptwahl,130502,174189
06631000,2023,0.6667,0.6288,,,,,,,CDU,0.6288,Landratswahl,hauptwahl,117441,176140
06632000,1997,0.7202,,0.5725,,,,,,SPD,0.5725,Landratswahl,hauptwahl,74428,103342
06632000,2003,0.6584,0.5031,,,,,,,CDU,0.5031,Landratswahl,hauptwahl,66933,101653
06632000,2009,0.4049,0.5975,,,,,,,CDU,0.5975,Landratswahl,hauptwahl,40341,99632
06632000,2015,0.3658,,,,,,,,,,Landratswahl,hauptwahl,35757,97743
06632000,2015,0.3233,0.5836,,,,,,,CDU,0.5836,Landratswahl,stichwahl,31680,97983
06632000,2021,0.5383,,0.6188,,,,,,SPD,0.6188,Landratswahl,hauptwahl,52001,96599
06633000,1997,0.715,,0.5711,,,,,,SPD,0.5711,Landratswahl,hauptwahl,136300,190635
06633000,2003,0.6667,,0.5057,,,,,,SPD,0.5057,Landratswahl,hauptwahl,128964,193447
06633000,2009,0.3979,,0.6446,,,,,,SPD,0.6446,Landratswahl,hauptwahl,77012,193536
06633000,2015,0.2627,,0.6194,,,,,,SPD,0.6194,Landratswahl,hauptwahl,50540,192398
06633000,2021,0.5002,,0.5885,,,,,,SPD,0.5885,Landratswahl,hauptwahl,96366,192640
06634000,1996,0.4579,,0.5997,,,,,,SPD,0.5997,Landratswahl,hauptwahl,68446,149471
06634000,2002,0.4483,,0.6175,,,,,,SPD,0.6175,Landratswahl,hauptwahl,67589,150771
06634000,2008,0.3668,,0.6142,,,,,,SPD,0.6142,Landratswahl,hauptwahl,54879,149624
06634000,2014,0.4256,,0.744,,,,,,SPD,0.744,Landratswahl,hauptwahl,62483,146827
06634000,2015,0.345,,0.6065,,,,,,SPD,0.6065,Landratswahl,hauptwahl,50570,146594
06634000,2021,0.5514,,0.5151,,,,,,SPD,0.5151,Landratswahl,hauptwahl,80338,145703
06635000,1995,0.4257,,0.5778,,,,,,SPD,0.5778,Landratswahl,hauptwahl,54302,127554
06635000,1997,0.4905,0.5459,,,,,,,CDU,0.5459,Landratswahl,hauptwahl,64120,130716
06635000,2003,0.3299,0.5385,,,,,,,CDU,0.5385,Landratswahl,hauptwahl,43269,131172
06635000,2009,0.3803,,,,,,,,,,Landratswahl,hauptwahl,49591,130404
06635000,2009,0.4005,,0.5429,,,,,,SPD,0.5429,Landratswahl,stichwahl,52305,130615
06635000,2015,0.3166,,0.6056,,,,,,SPD,0.6056,Landratswahl,hauptwahl,40662,128431
06635000,2021,0.704,,,,,,,,Einzelbewerbung,0.5112,Landratswahl,hauptwahl,88994,126405
06636000,1994,0.5107,,0.7093,,,,,,SPD,0.7093,Landratswahl,hauptwahl,47309,92631
06636000,2000,0.4382,,0.6772,,,,,,SPD,0.6772,Landratswahl,hauptwahl,40863,93244
06636000,2006,0.5441,,0.5689,,,,,,SPD,0.5689,Landratswahl,hauptwahl,48053,88311
06636000,2012,0.4383,,0.7816,,,,,,SPD,0.7816,Landratswahl,hauptwahl,37245,84967
06636000,2017,0.7382,,0.8383,,,,,,SPD,0.8383,Landratswahl,hauptwahl,61336,83087
06636000,2021,0.4316,,,,,,,,,,Landratswahl,hauptwahl,35415,82058
06636000,2021,0.3989,,,,,,,,FREIE WÄHLER,0.5974,Landratswahl,stichwahl,32677,81926
07131000,2000,0.328,0.6338,,,,,,,CDU,0.6338,Landratswahl,hauptwahl,,
07131000,2007,0.387,0.5076,,,,,,,CDU,0.5076,Landratswahl,hauptwahl,,
07131000,2015,0.2977,0.7523,,,,,,,CDU,0.7523,Landratswahl,hauptwahl,,
07131000,2022,0.481,,,,,,,,Weigand,0.502,Landratswahl,hauptwahl,,
07132000,1998,0.416,0.5775,,,,,,,CDU,0.5775,Landratswahl,hauptwahl,,
07132000,2006,0.525,0.537,,,,,,,CDU,0.537,Landratswahl,hauptwahl,,
07132000,2014,0.547,0.725,,,,,,,CDU,0.725,Landratswahl,hauptwahl,,
07132000,2019,0.606,0.549,,,,,,,CDU,0.549,Landratswahl,hauptwahl,,
07133000,2001,0.632,,0.5356,,,,,,SPD,0.5356,Landratswahl,hauptwahl,,
07133000,2008,0.2934,0.5059,,,,,,,CDU,0.5059,Landratswahl,hauptwahl,,
07133000,2017,0.3798,0.4345,,,,,,,CDU,0.4345,Landratswahl,hauptwahl,,
07133000,2017,0.3456,0.5872,,,,,,,CDU,0.5872,Landratswahl,stichwahl,,
07133000,2024,0.398,0.548,,,,,,,CDU,0.548,Landratswahl,hauptwahl,,
07134000,1995,0.481,,0.6067,,,,,,SPD,0.6067,Landratswahl,hauptwahl,,
07134000,2002,0.744,,0.5415,,,,,,SPD,0.5415,Landratswahl,hauptwahl,,
07134000,2010,0.3132,0.4534,,,,,,,CDU,0.4534,Landratswahl,hauptwahl,,
07134000,2010,0.3518,0.633,,,,,,,CDU,0.633,Landratswahl,stichwahl,,
07134000,2018,0.2929,0.5925,,,,,,,CDU,0.5925,Landratswahl,hauptwahl,,
07134000,2023,0.378,0.343,,,,,,,CDU,0.343,Landratswahl,hauptwahl,,
07134000,2023,0.334,0.51,,,,,,,CDU,0.51,Landratswahl,stichwahl,,
07135000,1999,0.439,0.5225,,,,,,,CDU,0.5225,Landratswahl,hauptwahl,,
07135000,2007,0.433,0.453,,,,,,,CDU,0.453,Landratswahl,hauptwahl,,
07135000,2007,0.386,0.5253,,,,,,,CDU,0.5253,Landratswahl,stichwahl,,
07135000,2015,0.278,0.6952,,,,,,,CDU,0.6952,Landratswahl,hauptwahl,,
07135000,2023,0.441,0.627,,,,,,,CDU,0.627,Landratswahl,hauptwahl,,
07137000,2001,0.317,0.6414,,,,,,,CDU,0.6414,Landratswahl,hauptwahl,,
07137000,2008,0.3451,0.6191,,,,,,,CDU,0.6191,Landratswahl,hauptwahl,,
07137000,2016,0.2076,0.8834,,,,,,,CDU,0.8834,Landratswahl,hauptwahl,,
07137000,2024,0.624,,0.338,,,,,,SPD,0.338,Landratswahl,hauptwahl,,
07137000,2024,0.348,,0.573,,,,,,SPD,0.573,Landratswahl,stichwahl,,
07138000,2001,0.34,,0.6012,,,,,,SPD,0.6012,Landratswahl,hauptwahl,,
07138000,2009,0.525,,0.6217,,,,,,SPD,0.6217,Landratswahl,hauptwahl,,
07138000,2017,0.7323,0.5274,,,,,,,CDU,0.5274,Landratswahl,hauptwahl,,
07138000,2025,0.312,,,,,,,,Hallerbach,0.865,Landratswahl,hauptwahl,,
07140000,1998,0.82,0.5429,,,,,,,CDU,0.5429,Landratswahl,hauptwahl,,
07140000,2006,0.261,0.8471,,,,,,,CDU,0.8471,Landratswahl,hauptwahl,,
07140000,2014,0.3581,0.6869,,,,,,,CDU,0.6869,Landratswahl,hauptwahl,,
07140000,2022,0.395,0.355,,,,,,,CDU,0.355,Landratswahl,hauptwahl,,
07140000,2022,0.376,,,,,,,,Boch,0.56,Landratswahl,stichwahl,,
07141000,2001,0.614,,0.8666,,,,,,SPD,0.8666,Landratswahl,hauptwahl,,
07141000,2003,0.391,,0.5526,,,,,,SPD,0.5526,Landratswahl,hauptwahl,,
07141000,2011,0.6076,,0.9094,,,,,,SPD,0.9094,Landratswahl,hauptwahl,,
07141000,2014,0.5831,,0.5554,,,,,,SPD,0.5554,Landratswahl,hauptwahl,,
07141000,2022,0.386,,0.526,,,,,,SPD,0.526,Landratswahl,hauptwahl,,
07143000,2001,0.606,0.6632,,,,,,,CDU,0.6632,Landratswahl,hauptwahl,,
07143000,2009,0.567,0.6025,,,,,,,CDU,0.6025,Landratswahl,hauptwahl,,
07143000,2017,0.3203,0.8887,,,,,,,CDU,0.8887,Landratswahl,hauptwahl,,
07143000,2025,0.78,0.749,,,,,,,CDU,0.749,Landratswahl,hauptwahl,,
07231000,2001,0.362,0.8537,,,,,,,CDU,0.8537,Landratswahl,hauptwahl,,
07231000,2009,0.606,0.8216,,,,,,,CDU,0.8216,Landratswahl,hauptwahl,,
07231000,2011,0.6057,0.5963,,,,,,,CDU,0.5963,Landratswahl,hauptwahl,,
07231000,2018,0.24,0.8497,,,,,,,CDU,0.8497,Landratswahl,hauptwahl,,
07231000,2024,0.637,0.755,,,,,,,CDU,0.755,Landratswahl,hauptwahl,,
07232000,2001,0.63,0.5611,,,,,,,CDU,0.5611,Landratswahl,hauptwahl,,
07232000,2009,0.638,,,,,,,,STREIT,0.7463,Landratswahl,hauptwahl,,
07232000,2017,0.7118,,,,,,,,Streit,0.884,Landratswahl,hauptwahl,,
07232000,2021,0.674,,,,,,,,Kruppert,0.645,Landratswahl,hauptwahl,,
07233000,1999,0.729,,,,,,,,Einzelbewerber,0.5344,Landratswahl,hauptwahl,,
07233000,2007,0.476,,,,,,,,Einzelbewerber,0.6745,Landratswahl,hauptwahl,,
07233000,2012,0.3757,,,,,,,,Thiel,0.6132,Landratswahl,hauptwahl,,
07233000,2020,0.466,,0.664,,,,,,SPD,0.664,Landratswahl,hauptwahl,,
07235000,2001,0.646,0.6245,,,,,,,CDU,0.6245,Landratswahl,hauptwahl,,
07235000,2005,0.368,0.5539,,,,,,,CDU,0.5539,Landratswahl,hauptwahl,,
07235000,2013,0.7169,0.6057,,,,,,,CDU,0.6057,Landratswahl,hauptwahl,,
07235000,2021,0.729,,0.324,,,,,,SPD,0.324,Landratswahl,hauptwahl,,
07235000,2021,0.464,,0.683,,,,,,SPD,0.683,Landratswahl,stichwahl,,
07331000,2001,0.628,,0.6591,,,,,,SPD,0.6591,Landratswahl,hauptwahl,,
07331000,2004,0.62,,0.3964,,,,,,SPD,0.3964,Landratswahl,hauptwahl,,
07331000,2004,0.352,,0.5172,,,,,,SPD,0.5172,Landratswahl,stichwahl,,
07331000,2012,0.3363,,0.5777,,,,,,SPD,0.5777,Landratswahl,hauptwahl,,
07331000,2019,0.655,,0.412,,,,,,SPD,0.412,Landratswahl,hauptwahl,,
07331000,2019,0.398,,0.51,,,,,,SPD,0.51,Landratswahl,stichwahl,,
07332000,2001,0.654,,0.5065,,,,,,SPD,0.5065,Landratswahl,hauptwahl,,
07332000,2009,0.6181,,0.5642,,,,,,SPD,0.5642,Landratswahl,hauptwahl,,
07332000,2013,0.3529,0.4691,,,,,,,CDU,0.4691,Landratswahl,hauptwahl,,
07332000,2013,0.3189,0.5985,,,,,,,CDU,0.5985,Landratswahl,stichwahl,,
07332000,2020,0.425,0.589,,,,,,,CDU,0.589,Landratswahl,hauptwahl,,
07333000,2001,0.626,,0.5205,,,,,,SPD,0.5205,Landratswahl,hauptwahl,,
07333000,2009,0.592,,0.5117,,,,,,SPD,0.5117,Landratswahl,hauptwahl,,
07333000,2017,0.4315,,,,,,,,CDU / FWG,0.5192,Landratswahl,hauptwahl,,
07333000,2025,0.784,0.519,,,,,,,CDU/FWG,0.519,Landratswahl,hauptwahl,,
07334000,2001,0.634,0.4795,,,,,,,CDU,0.4795,Landratswahl,hauptwahl,,
07334000,2001,0.46,0.551,,,,,,,CDU,0.551,Landratswahl,stichwahl,,
07334000,2009,0.5714,0.6925,,,,,,,CDU,0.6925,Landratswahl,hauptwahl,,
07334000,2017,0.4288,0.6562,,,,,,,CDU,0.6562,Landratswahl,hauptwahl,,
07334000,2024,0.639,0.5,,,,,,,CDU,0.5,Landratswahl,hauptwahl,,
07335000,2001,0.654,,0.5223,,,,,,SPD,0.5223,Landratswahl,hauptwahl,,
07335000,2009,0.611,0.5431,,,,,,,CDU,0.5431,Landratswahl,hauptwahl,,
07335000,2017,0.75,0.435,,,,,,,CDU,0.435,Landratswahl,hauptwahl,,
07335000,2017,0.406,0.5322,,,,,,,CDU,0.5322,Landratswahl,stichwahl,,
07335000,2025,0.342,0.686,,,,,,,CDU,0.686,Landratswahl,hauptwahl,,
07336000,2001,0.624,,0.6001,,,,,,SPD,0.6001,Landratswahl,hauptwahl,,
07336000,2009,0.592,,0.6162,,,,,,SPD,0.6162,Landratswahl,hauptwahl,,
07336000,2017,0.4266,,0.3778,,,,,,SPD,0.3778,Landratswahl,hauptwahl,,
07336000,2017,0.3637,0.5472,,,,,,,CDU,0.5472,Landratswahl,stichwahl,,
07336000,2025,0.811,0.282,,,,,,,CDU,0.282,Landratswahl,hauptwahl,,
07336000,2025,0.439,0.626,,,,,,,CDU,0.626,Landratswahl,stichwahl,,
07337000,1997,0.556,,0.5068,,,,,,SPD,0.5068,Landratswahl,hauptwahl,,
07337000,2005,0.465,,0.5465,,,,,,SPD,0.5465,Landratswahl,hauptwahl,,
07337000,2013,0.4262,,0.5863,,,,,,SPD,0.5863,Landratswahl,hauptwahl,,
07337000,2017,0.3833,0.6889,,,,,,,CDU,0.6889,Landratswahl,hauptwahl,,
07337000,2017,0.4415,0.5012,,,,,,,CDU,0.5012,Landratswahl,hauptwahl,,
07337000,2025,0.803,0.541,,,,,,,CDU,0.541,Landratswahl,hauptwahl,,
07338000,2001,0.66,,0.4794,,,,,,SPD,0.4794,Landratswahl,hauptwahl,,
07338000,2001,0.441,,0.5516,,,,,,SPD,0.5516,Landratswahl,stichwahl,,
07338000,2009,0.5694,0.4496,,,,,,,CDU,0.4496,Landratswahl,hauptwahl,,
07338000,2009,0.3488,0.5733,,,,,,,CDU,0.5733,Landratswahl,stichwahl,,
07338000,2025,0.799,0.361,,,,,,,CDU,0.361,Landratswahl,hauptwahl,,
07338000,2025,0.4,0.576,,,,,,,CDU,0.576,Landratswahl,stichwahl,,
07339000,2001,0.357,,,,,,,,Einzelbewerber,0.5946,Landratswahl,hauptwahl,,
07339000,2009,0.6,,,,,,,,Schick,0.5762,Landratswahl,hauptwahl,,
07339000,2017,0.3713,0.498,,,,,,,CDU,0.498,Landratswahl,hauptwahl,,
07339000,2017,0.3239,0.6509,,,,,,,CDU,0.6509,Landratswahl,stichwahl,,
07339000,2025,0.809,0.382,,,,,,,CDU,0.382,Landratswahl,hauptwahl,,
07339000,2025,0.387,0.545,,,,,,,CDU,0.545,Landratswahl,stichwahl,,
07340000,2001,0.662,0.6082,,,,,,,CDU,0.6082,Landratswahl,hauptwahl,,
07340000,2009,0.671,0.781,,,,,,,CDU,0.781,Landratswahl,hauptwahl,,
07340000,2017,0.4353,0.5379,,,,,,,CDU,0.5379,Landratswahl,hauptwahl,,
07340000,2025,0.831,0.561,,,,,,,CDU,0.561,Landratswahl,hauptwahl,,
09171000,1945,,,,,,,,,,,Landratswahl,hauptwahl,,
09171000,1946,1,0.9773,,,,,,,CSU,0.9773,Landratswahl,hauptwahl,44,44
09171000,1948,1,0.7727,,,,,,,CSU/BP/Unabhängige Notgemeinschaft,0.7727,Landratswahl,hauptwahl,44,44
09171000,1952,0.8902,0.844,,,,,,,CSU/BP/BHE,0.844,Landratswahl,hauptwahl,41577,46703
09171000,1958,0.5612,0.9726,,,,,,,CSU/GB,0.9726,Landratswahl,hauptwahl,27070,48232
09171000,1964,0.7281,,,,,,,,Frei ohne Partei,0.5051,Landratswahl,hauptwahl,38505,52885
09171000,1970,0.703,,0.5322,,,,,,SPD,0.5322,Landratswahl,hauptwahl,40046,56966
09171000,1972,0.8006,,0.9445,,,,,,SPD/Bürgermeistergr. Lkr Altötting,0.9445,Landratswahl,hauptwahl,50381,62930
09171000,1978,0.8349,,,,,,,,Bgm.gr. Lkr Altötting/Frei ohne Partei/SPD,0.6488,Landratswahl,hauptwahl,56101,67196
09171000,1984,0.7728,,0.9402,,,,,,SPD/FW/Bgm.gr. Lkr Altötting,0.9402,Landratswahl,hauptwahl,54939,71092
09171000,1990,0.7688,,0.7959,,,,,,SPD/FW/Bgm.gr. Lkr Altötting,0.7959,Landratswahl,hauptwahl,57360,74607
09171000,1996,0.7071,,0.5839,,,,,,SPD/FW,0.5839,Landratswahl,hauptwahl,55851,78988
09171000,2000,0.6069,0.6689,,,,,,,CSU,0.6689,Landratswahl,hauptwahl,48804,80414
09171000,2002,0.6509,0.8278,,,,,,,CSU,0.8278,Landratswahl,hauptwahl,54411,83595
09171000,2008,0.6033,0.6334,,,,,,,CSU,0.6334,Landratswahl,hauptwahl,51286,85004
09171000,2014,0.5391,0.6911,,,,,,,CSU,0.6911,Landratswahl,hauptwahl,46826,86861
09171000,2020,0.5686,0.67,,,,,,,CSU,0.67,Landratswahl,hauptwahl,50544,88891
09171000,2026,0.5858,0.5473,,,,,,,CSU,0.5473,Landratswahl,hauptwahl,51983,88740
09172000,1972,0.7811,0.4922,,,,,,,CSU,0.4922,Landratswahl,hauptwahl,48231,61747
09172000,1972,0.6952,0.5357,,,,,,,CSU,0.5357,Landratswahl,stichwahl,42929,61747
09172000,1978,0.8298,0.7279,,,,,,,CSU,0.7279,Landratswahl,hauptwahl,51707,62312
09172000,1984,0.748,0.7672,,,,,,,CSU,0.7672,Landratswahl,hauptwahl,51131,68353
09172000,1984,0.4674,0.6236,,,,,,,CSU,0.6236,Landratswahl,hauptwahl,31513,67424
09172000,1990,0.742,0.6587,,,,,,,CSU,0.6587,Landratswahl,hauptwahl,52348,70552
09172000,1996,0.6579,0.6521,,,,,,,CSU,0.6521,Landratswahl,hauptwahl,47516,72226
09172000,2002,0.6137,0.556,,,,,,,CSU,0.556,Landratswahl,hauptwahl,47742,77800
09172000,2008,0.564,0.6553,,,,,,,CSU,0.6553,Landratswahl,hauptwahl,45421,80529
09172000,2014,0.5245,0.5886,,,,,,,CSU,0.5886,Landratswahl,hauptwahl,44034,83949
09172000,2020,0.5698,0.4195,,,,,,,CSU,0.4195,Landratswahl,hauptwahl,48789,85623
09172000,2020,0.5821,0.5873,,,,,,,CSU,0.5873,Landratswahl,stichwahl,49792,85534
09172000,2026,0.5972,,,,,,,,FREIE WÄHLER/Freie Wähler Berchtesgadener Land,0.3691,Landratswahl,hauptwahl,50034,83780
09172000,2026,0.4385,,,,,,,,FREIE WÄHLER/Freie Wähler Berchtesgadener Land,0.6463,Landratswahl,stichwahl,37265,84986
09173000,1945,,,,,,,,,,,Landratswahl,hauptwahl,,
09173000,1945,,,,,,,,,,,Landratswahl,hauptwahl,,
09173000,1946,,,,,,,,,SPD/LDP/CSU,,Landratswahl,hauptwahl,,
09173000,1948,,,,,,,,,Part.lo.,1,Landratswahl,hauptwahl,,40
09173000,1952,0.8131,,0.8365,,,,,,SPD/CSU/BHE/F.D.P.,0.8365,Landratswahl,hauptwahl,20604,25339
09173000,1956,0.3862,0.9462,,,,,,,CSU,0.9462,Landratswahl,hauptwahl,9412,24370
09173000,1962,0.6028,0.6555,,,,,,,CSU,0.6555,Landratswahl,hauptwahl,15388,25526
09173000,1967,0.7277,,,,,,,,Überp. Wählersch.,0.5004,Landratswahl,hauptwahl,18504,25429
09173000,1972,0.7771,0.5612,,,,,,,CSU/Fr. Wgem.,0.5612,Landratswahl,hauptwahl,47425,61025
09173000,1978,0.803,0.9491,,,,,,,CSU,0.9491,Landratswahl,hauptwahl,52632,65546
09173000,1984,0.6935,0.8484,,,,,,,CSU,0.8484,Landratswahl,hauptwahl,54239,78208
09173000,1990,0.7738,0.5984,,,,,,,CSU,0.5984,Landratswahl,hauptwahl,58713,75874
09173000,1996,0.6794,0.5272,,,,,,,CSU,0.5272,Landratswahl,hauptwahl,55269,81347
09173000,2002,0.6095,0.7029,,,,,,,CSU,0.7029,Landratswahl,hauptwahl,53785,88251
09173000,2008,0.5917,0.4311,,,,,,,CSU,0.4311,Landratswahl,hauptwahl,55137,93186
09173000,2008,0.4067,,,,,,,,FREIE WÄHLER,0.5132,Landratswahl,stichwahl,37866,93096
09173000,2014,0.5523,,,,,,,,FREIE WÄHLER,0.5466,Landratswahl,hauptwahl,54331,98365
09173000,2020,0.5933,,,,,,,,FREIE WÄHLER,0.4283,Landratswahl,hauptwahl,60159,101404
09173000,2020,0.5799,,,,,,,,FREIE WÄHLER,0.628,Landratswahl,stichwahl,58755,101317
09173000,2026,0.6284,0.3848,,,,,,,CSU,0.3848,Landratswahl,hauptwahl,63560,101143
09173000,2026,0.4776,,,,,,,,FREIE WÄHLER/Freie Wähler Kreisverband Bad Tölz - Wolfratshausen,0.609,Landratswahl,stichwahl,48265,101048
09174000,1945,,,,,,,,,,,Landratswahl,hauptwahl,,
09174000,1946,,,,,,,,,,0.7556,Landratswahl,hauptwahl,,
09174000,1947,,,,,,,,,Part.lo.,0.8182,Landratswahl,hauptwahl,44,
09174000,1948,,1,,,,,,,CSU,1,Landratswahl,hauptwahl,45,
09174000,1952,0.8391,0.6796,,,,,,,CSU,0.6796,Landratswahl,hauptwahl,32075,38227
09174000,1957,0.5984,0.7058,,,,,,,CSU,0.7058,Landratswahl,hauptwahl,25333,42333
09174000,1963,0.7055,0.7024,,,,,,,CSU,0.7024,Landratswahl,hauptwahl,32684,46325
09174000,1969,0.8654,0.9895,,,,,,,CSU/BP/F.D.P.,0.9895,Landratswahl,hauptwahl,43556,50332
09174000,1972,0.7796,0.7576,,,,,,,CSU/ÜB/Part.fr. Wählersch./BP,0.7576,Landratswahl,hauptwahl,48213,61842
09174000,1977,0.6437,0.5042,,,,,,,CSU,0.5042,Landratswahl,hauptwahl,42017,65271
09174000,1983,0.8961,0.737,,,,,,,CSU,0.737,Landratswahl,hauptwahl,64792,72306
09174000,1989,0.5178,0.5981,,,,,,,CSU,0.5981,Landratswahl,hauptwahl,40909,79012
09174000,1995,0.3929,0.642,,,,,,,CSU,0.642,Landratswahl,hauptwahl,33914,86323
09174000,2002,0.6303,0.6607,,,,,,,CSU,0.6607,Landratswahl,hauptwahl,61329,97298
09174000,2008,0.5887,0.5307,,,,,,,CSU,0.5307,Landratswahl,hauptwahl,60606,102943
09174000,2014,0.5412,0.4188,,,,,,,CSU,0.4188,Landratswahl,hauptwahl,60436,111671
09174000,2014,0.4264,0.5013,,,,,,,CSU,0.5013,Landratswahl,stichwahl,47558,111538
09174000,2020,0.5905,0.5532,,,,,,,CSU,0.5532,Landratswahl,hauptwahl,69976,118501
09174000,2026,0.6301,0.4664,,,,,,,CSU,0.4664,Landratswahl,hauptwahl,74911,118883
09174000,2026,0.4758,0.5876,,,,,,,CSU,0.5876,Landratswahl,stichwahl,56485,118719
09175000,1945,,,,,,,,,,,Landratswahl,hauptwahl,,
09175000,1946,1,0.9773,,,,,,,CSU,0.9773,Landratswahl,hauptwahl,44,44
09175000,1948,1,0.6889,,,,,,,CSU,0.6889,Landratswahl,hauptwahl,45,45
09175000,1952,0.8334,,,,,,,,BP/BHE,0.5198,Landratswahl,hauptwahl,27733,33276
09175000,1958,0.5329,0.9937,,,,,,,CSU/SPD/BP/BHE,0.9937,Landratswahl,hauptwahl,18099,33966
09175000,1964,0.5074,0.9923,,,,,,,CSU/SPD/BP/GDP,0.9923,Landratswahl,hauptwahl,19837,39092
09175000,1970,0.3979,0.9917,,,,,,,CSU/SPD/BP/F.D.P./GDP,0.9917,Landratswahl,hauptwahl,18431,46324
09175000,1972,0.7905,0.9766,,,,,,,CSU/SPD/F.D.P./GDP/BHE/Unabh. Wgem.,0.9766,Landratswahl,hauptwahl,41105,51999
09175000,1978,0.7828,0.6831,,,,,,,CSU/Unabh. Wgem.,0.6831,Landratswahl,hauptwahl,48358,61778
09175000,1984,0.7562,0.7201,,,,,,,CSU/Unabh. Wgem.,0.7201,Landratswahl,hauptwahl,52398,69288
09175000,1990,0.7681,0.6423,,,,,,,CSU,0.6423,Landratswahl,hauptwahl,58202,75778
09175000,1994,0.5278,0.5878,,,,,,,CSU,0.5878,Landratswahl,hauptwahl,41409,78450
09175000,1996,0.7027,0.6471,,,,,,,CSU,0.6471,Landratswahl,hauptwahl,56553,80479
09175000,2002,0.6571,0.5935,,,,,,,CSU,0.5935,Landratswahl,hauptwahl,58709,89346
09175000,2008,0.6289,0.5279,,,,,,,CSU,0.5279,Landratswahl,hauptwahl,59973,95363
09175000,2013,0.4245,0.4796,,,,,,,CSU,0.4796,Landratswahl,hauptwahl,42926,101123
09175000,2013,0.4132,0.5096,,,,,,,CSU,0.5096,Landratswahl,stichwahl,41721,100960
09175000,2020,0.6351,0.609,,,,,,,CSU,0.609,Landratswahl,hauptwahl,69800,109904
09175000,2026,0.6668,0.5671,,,,,,,CSU,0.5671,Landratswahl,hauptwahl,73874,110795
09176000,1945,,,,,,,,,,,Landratswahl,hauptwahl,,
09176000,1946,0.973,0.9444,,,,,,,CSU,0.9444,Landratswahl,hauptwahl,36,37
09176000,1948,0.9778,0.8889,,,,,,,CSU,0.8889,Landratswahl,hauptwahl,44,45
09176000,1952,0.9118,0.9791,,,,,,,CSU,0.9791,Landratswahl,hauptwahl,18133,19888
09176000,1958,0.7756,0.9886,,,,,,,CSU,0.9886,Landratswahl,hauptwahl,14463,18648
09176000,1964,0.7793,0.9889,,,,,,,CSU,0.9889,Landratswahl,hauptwahl,14844,19047
09176000,1970,0.6755,0.9896,,,,,,,CSU,0.9896,Landratswahl,hauptwahl,13096,19387
09176000,1972,0.8792,0.5373,,,,,,,CSU,0.5373,Landratswahl,hauptwahl,49842,56687
09176000,1978,0.871,0.7496,,,,,,,CSU,0.7496,Landratswahl,hauptwahl,54684,62782
09176000,1984,0.8692,0.7671,,,,,,,CSU,0.7671,Landratswahl,hauptwahl,60054,69088
09176000,1990,0.8503,0.7216,,,,,,,CSU,0.7216,Landratswahl,hauptwahl,63592,74787
09176000,1996,0.7864,0.6632,,,,,,,CSU,0.6632,Landratswahl,hauptwahl,63723,81032
09176000,2002,0.7324,0.7568,,,,,,,CSU,0.7568,Landratswahl,hauptwahl,65077,88857
09176000,2008,0.6887,0.6386,,,,,,,CSU,0.6386,Landratswahl,hauptwahl,65377,94935
09176000,2014,0.6454,0.6684,,,,,,,CSU,0.6684,Landratswahl,hauptwahl,64284,99601
09176000,2020,0.6687,0.4715,,,,,,,CSU,0.4715,Landratswahl,hauptwahl,69158,103426
09176000,2020,0.6529,0.5178,,,,,,,CSU,0.5178,Landratswahl,stichwahl,67672,103648
09176000,2026,0.7022,0.4837,,,,,,,CSU,0.4837,Landratswahl,hauptwahl,73301,104384
09176000,2026,0.5001,0.6236,,,,,,,CSU,0.6236,Landratswahl,stichwahl,51922,103831
09177000,1945,,,,,,,,,,,Landratswahl,hauptwahl,,
09177000,1946,,,,,,,,,CSU,,Landratswahl,hauptwahl,,
09177000,1948,,,,,,,,,BP/SPD/Überp. Wgem. Heimatvertr./F.D.P.,0.7381,Landratswahl,hauptwahl,,45
09177000,1952,0.8337,,,,,,,,BP/SPD/Überp. Wgem. Heimatvertr.,0.9579,Landratswahl,hauptwahl,33791,40532
09177000,1958,0.4621,0.9814,,,,,,,CSU/SPD/BP/Überp. Wgem. Heimatvertr.,0.9814,Landratswahl,hauptwahl,18517,40073
09177000,1964,0.6843,,0.5046,,,,,,SPD/GDP/BP,0.5046,Landratswahl,hauptwahl,30152,44060
09177000,1964,0.6623,,,,,,,,BP,0.6119,Landratswahl,hauptwahl,29123,43971
09177000,1970,0.7088,,,,,,,,BP,0.7502,Landratswahl,hauptwahl,32265,45522
09177000,1972,0.8183,,,,,,,,BP,0.5747,Landratswahl,hauptwahl,44413,54272
09177000,1978,0.8232,0.9355,,,,,,,CSU,0.9355,Landratswahl,hauptwahl,48473,58882
09177000,1984,0.7734,0.7641,,,,,,,CSU,0.7641,Landratswahl,hauptwahl,49770,64352
09177000,1987,0.8273,0.55,,,,,,,CSU,0.55,Landratswahl,hauptwahl,55146,66656
09177000,1990,0.7801,0.6783,,,,,,,CSU,0.6783,Landratswahl,hauptwahl,54281,69579
09177000,1996,0.7157,0.73,,,,,,,CSU,0.73,Landratswahl,hauptwahl,53956,75394
09177000,2002,0.6596,0.6796,,,,,,,CSU,0.6796,Landratswahl,hauptwahl,57571,87285
09177000,2008,0.6367,0.6196,,,,,,,CSU,0.6196,Landratswahl,hauptwahl,60046,94310
09177000,2014,0.5849,0.5452,,,,,,,CSU,0.5452,Landratswahl,hauptwahl,59615,101926
09177000,2020,0.6425,0.4893,,,,,,,CSU,0.4893,Landratswahl,hauptwahl,69791,108620
09177000,2020,0.6739,0.5319,,,,,,,CSU,0.5319,Landratswahl,stichwahl,73181,108586
09177000,2026,0.6678,0.5654,,,,,,,CSU,0.5654,Landratswahl,hauptwahl,73405,109923
09178000,1945,,,,,,,,,,,Landratswahl,hauptwahl,,
09178000,1945,,,,,,,,,,,Landratswahl,hauptwahl,,
09178000,1946,1,1,,,,,,,CSU/SPD,1,Landratswahl,hauptwahl,42,42
09178000,1948,1,1,,,,,,,CSU,1,Landratswahl,hauptwahl,42,42
09178000,1952,0.8519,,,,,,,,BP/CSU,0.9894,Landratswahl,hauptwahl,26991,31683
09178000,1958,0.6641,0.7626,,,,,,,CSU,0.7626,Landratswahl,hauptwahl,20083,30240
09178000,1964,0.5557,0.9884,,,,,,,CSU,0.9884,Landratswahl,hauptwahl,18049,32481
09178000,1967,0.6928,0.5974,,,,,,,CSU,0.5974,Landratswahl,hauptwahl,23246,33556
09178000,1972,0.7559,0.9472,,,,,,,CSU,0.9472,Landratswahl,hauptwahl,50520,66830
09178000,1978,0.7794,0.9618,,,,,,,CSU,0.9618,Landratswahl,hauptwahl,56595,72610
09178000,1984,0.7119,0.7565,,,,,,,CSU,0.7565,Landratswahl,hauptwahl,59054,82947
09178000,1990,0.7207,0.6226,,,,,,,CSU,0.6226,Landratswahl,hauptwahl,65962,91522
09178000,1996,0.6608,0.4267,,,,,,,CSU,0.4267,Landratswahl,hauptwahl,64548,97685
09178000,1996,0.4861,,,,,,,,PFW,0.5382,Landratswahl,stichwahl,47462,97629
09178000,2002,0.6062,,,,,,,,PFW,0.504,Landratswahl,hauptwahl,66547,109775
09178000,2008,0.5849,,,,,,,,Freie Wähler e.V.,0.276,Landratswahl,hauptwahl,70409,120377
09178000,2008,0.4323,,,,,,,,Freie Wähler e.V.,0.5847,Landratswahl,stichwahl,51947,120158
09178000,2014,0.5281,0.4046,,,,,,,CSU,0.4046,Landratswahl,hauptwahl,68290,129319
09178000,2014,0.3749,0.5346,,,,,,,CSU,0.5346,Landratswahl,stichwahl,48432,129178
09178000,2020,0.5825,0.2613,,,,,,,CSU,0.2613,Landratswahl,hauptwahl,79425,136358
09178000,2020,0.5087,,,,,,,,FREIE WÄHLER/Freie Wähler - Kreis Freising e.V.,0.5971,Landratswahl,stichwahl,69297,136221
09178000,2026,0.6099,0.3233,,,,,,,CSU,0.3233,Landratswahl,hauptwahl,84148,137967
09178000,2026,0.4666,0.5448,,,,,,,CSU,0.5448,Landratswahl,stichwahl,64257,137721
09179000,1945,,,,,,,,,,,Landratswahl,hauptwahl,,
09179000,1945,,,,,,,,,,,Landratswahl,hauptwahl,,
09179000,1946,0.6889,0.7097,,,,,,,CSU,0.7097,Landratswahl,hauptwahl,31,45
09179000,1947,0.9556,0.814,,,,,,,CSU,0.814,Landratswahl,hauptwahl,43,45
09179000,1947,0.8667,0.8974,,,,,,,CSU,0.8974,Landratswahl,hauptwahl,39,45
09179000,1948,1,,,,,,,,BP,0.5111,Landratswahl,hauptwahl,45,45
09179000,1952,0.8259,,,,,,,,BP,0.6012,Landratswahl,hauptwahl,36699,44434
09179000,1958,0.6265,,,,,,,,BP,0.6531,Landratswahl,hauptwahl,31222,49833
09179000,1964,0.7083,,0.637,,,,,,SPD,0.637,Landratswahl,hauptwahl,39594,55901
09179000,1970,0.5781,,0.6213,,,,,,SPD,0.6213,Landratswahl,hauptwahl,43933,75994
09179000,1972,0.7624,0.5501,,,,,,,CSU,0.5501,Landratswahl,hauptwahl,65479,85887
09179000,1978,0.7455,0.6634,,,,,,,CSU,0.6634,Landratswahl,hauptwahl,82104,110127
09179000,1984,0.6934,0.6217,,,,,,,CSU,0.6217,Landratswahl,hauptwahl,86091,124166
09179000,1990,0.7167,0.4507,,,,,,,CSU,0.4507,Landratswahl,hauptwahl,97010,135352
09179000,1990,0.4596,,0.5162,,,,,,SPD,0.5162,Landratswahl,stichwahl,62067,135039
09179000,1996,0.6411,,0.3816,,,,,,SPD,0.3816,Landratswahl,hauptwahl,88920,138690
09179000,1996,0.5085,0.503,,,,,,,CSU,0.503,Landratswahl,stichwahl,70446,138533
09179000,2002,0.5941,0.5742,,,,,,,CSU,0.5742,Landratswahl,hauptwahl,88396,148799
09179000,2008,0.5803,0.5264,,,,,,,CSU,0.5264,Landratswahl,hauptwahl,89967,155037
09179000,2014,0.5348,0.5625,,,,,,,CSU,0.5625,Landratswahl,hauptwahl,88223,164954
09179000,2020,0.5819,0.5254,,,,,,,CSU,0.5254,Landratswahl,hauptwahl,98361,169026
09179000,2026,0.6292,0.4496,,,,,,,CSU,0.4496,Landratswahl,hauptwahl,104306,165780
09179000,2026,0.5205,0.5651,,,,,,,CSU,0.5651,Landratswahl,stichwahl,86153,165514
09180000,1948,1,,,,,,,,Part.lo.,0.6,Landratswahl,hauptwahl,45,45
09180000,1952,0.8046,0.78,,,,,,,CSU,0.78,Landratswahl,hauptwahl,29310,36430
09180000,1958,0.5534,0.5003,,,,,,,CSU,0.5003,Landratswahl,hauptwahl,20499,37042
09180000,1959,0.6231,,,,,,,,Unabh. Wver.,0.5561,Landratswahl,hauptwahl,23404,37562
09180000,1965,0.5687,,,,,,,,Fr. Wver.,0.5531,Landratswahl,hauptwahl,22853,40185
09180000,1971,0.4748,0.7775,,,,,,,CSU,0.7775,Landratswahl,hauptwahl,20085,42303
09180000,1972,0.7836,0.7183,,,,,,,CSU,0.7183,Landratswahl,hauptwahl,41531,53003
09180000,1978,0.7801,0.9542,,,,,,,CSU,0.9542,Landratswahl,hauptwahl,44166,56618
09180000,1984,0.7595,0.7197,,,,,,,CSU,0.7197,Landratswahl,hauptwahl,45567,59998
09180000,1990,0.7554,0.7177,,,,,,,CSU,0.7177,Landratswahl,hauptwahl,47516,62901
09180000,1996,0.687,0.6805,,,,,,,CSU,0.6805,Landratswahl,hauptwahl,43728,63647
09180000,2002,0.6608,0.7606,,,,,,,CSU,0.7606,Landratswahl,hauptwahl,44035,66640
09180000,2008,0.6513,0.7128,,,,,,,CSU,0.7128,Landratswahl,hauptwahl,43996,67547
09180000,2014,0.5963,0.3966,,,,,,,CSU,0.3966,Landratswahl,hauptwahl,41570,69709
09180000,2014,0.5229,,,,,,,,Freie Wähler der Landkreisgemeinden,0.6013,Landratswahl,stichwahl,36385,69581
09180000,2020,0.6201,,,,,,,,Freie Wähler der Landkreisgemeinden,0.7874,Landratswahl,hauptwahl,43950,70875
09180000,2026,0.6507,,,,,,,,Freie Wähler der Landkreisgemeinden,0.6624,Landratswahl,hauptwahl,45355,69707
09181000,1946,,,,,,,,,CSU,,Landratswahl,hauptwahl,,
09181000,1948,,0.5909,,,,,,,CSU,0.5909,Landratswahl,hauptwahl,,45
09181000,1952,0.8474,0.7589,,,,,,,CSU,0.7589,Landratswahl,hauptwahl,23705,27973
09181000,1958,0.7461,0.6395,,,,,,,CSU,0.6395,Landratswahl,hauptwahl,19197,25731
09181000,1964,0.6659,0.7985,,,,,,,CSU/GDP,0.7985,Landratswahl,hauptwahl,18397,27628
09181000,1970,0.5086,0.978,,,,,,,CSU,0.978,Landratswahl,hauptwahl,14991,29473
09181000,1972,0.7798,0.6815,,,,,,,CSU,0.6815,Landratswahl,hauptwahl,37133,47618
09181000,1978,0.7701,0.9371,,,,,,,CSU,0.9371,Landratswahl,hauptwahl,40913,53129
09181000,1984,0.746,0.6643,,,,,,,CSU,0.6643,Landratswahl,hauptwahl,44488,59638
09181000,1990,0.7372,0.6529,,,,,,,CSU,0.6529,Landratswahl,hauptwahl,49099,66599
09181000,1996,0.6646,0.9234,,,,,,,CSU,0.9234,Landratswahl,hauptwahl,48031,72269
09181000,2002,0.6392,0.6258,,,,,,,CSU,0.6258,Landratswahl,hauptwahl,50776,79435
09181000,2008,0.6062,0.6581,,,,,,,CSU,0.6581,Landratswahl,hauptwahl,51922,85649
09181000,2014,0.5783,0.483,,,,,,,CSU,0.483,Landratswahl,hauptwahl,52533,90836
09181000,2014,0.4025,0.6161,,,,,,,CSU,0.6161,Landratswahl,stichwahl,36519,90732
09181000,2020,0.6583,0.585,,,,,,,CSU,0.585,Landratswahl,hauptwahl,61604,93582
09181000,2026,0.679,0.4043,,,,,,,CSU,0.4043,Landratswahl,hauptwahl,65714,96775
09181000,2026,0.5572,,,0.6148,,,,,GRÜNE,0.6148,Landratswahl,stichwahl,53856,96662
09182000,1945,,,,,,,,,,,Landratswahl,hauptwahl,,
09182000,1945,,,,,,,,,,,Landratswahl,hauptwahl,,
09182000,1946,,,,,,,,,,,Landratswahl,hauptwahl,,
09182000,1946,,,,,,,,,,,Landratswahl,hauptwahl,,
09182000,1946,,,,,,,,,,,Landratswahl,hauptwahl,,
09182000,1946,,,,,,,,,,,Landratswahl,hauptwahl,,
09182000,1948,1,0.7556,,,,,,,CSU,0.7556,Landratswahl,hauptwahl,45,45
09182000,1949,,,,,,,,,,,Landratswahl,hauptwahl,,
09182000,1952,0.8167,,0.5367,,,,,,SPD,0.5367,Landratswahl,hauptwahl,39746,48668
09182000,1955,0.6018,,,,,,,,BP/BHE,0.5968,Landratswahl,hauptwahl,28395,47182
09182000,1961,0.7035,0.6431,,,,,,,CSU/BP/Fr. Wgem.,0.6431,Landratswahl,hauptwahl,33135,47099
09182000,1967,0.3459,0.9766,,,,,,,CSU/GDP,0.9766,Landratswahl,hauptwahl,16561,47882
09182000,1972,0.7982,0.636,,,,,,,CSU/Fr. Wgem.,0.636,Landratswahl,hauptwahl,42497,53242
09182000,1978,0.8115,0.738,,,,,,,CSU/Fr. Wgem.,0.738,Landratswahl,hauptwahl,46563,57379
09182000,1984,0.7854,0.6834,,,,,,,CSU,0.6834,Landratswahl,hauptwahl,47461,60426
09182000,1987,0.5992,0.4498,,,,,,,CSU,0.4498,Landratswahl,hauptwahl,37318,62282
09182000,1987,0.6104,,,,,,,,FWG,0.5996,Landratswahl,stichwahl,38363,62849
09182000,1990,0.7632,,,,,,,,FWG,0.9195,Landratswahl,hauptwahl,49227,64503
09182000,1996,0.6487,,,,,,,,FWG,0.9652,Landratswahl,hauptwahl,42589,65650
09182000,2002,0.6198,,,,,,,,FWG,0.8185,Landratswahl,hauptwahl,43603,70353
09182000,2008,0.6103,0.6464,,,,,,,CSU,0.6464,Landratswahl,hauptwahl,45008,73750
09182000,2014,0.5749,,,,,,,,Freie Wählergemeinschaft,0.3775,Landratswahl,hauptwahl,44620,77616
09182000,2014,0.4347,,,0.5355,,,,,GRÜNE,0.5355,Landratswahl,stichwahl,33705,77535
09182000,2020,0.6234,0.3675,,,,,,,CSU,0.3675,Landratswahl,hauptwahl,49503,79412
09182000,2020,0.6523,0.6541,,,,,,,CSU,0.6541,Landratswahl,stichwahl,52133,79919
09182000,2026,0.6566,,,,,,,,Freie Wählergemeinschaft Miesbach,0.453,Landratswahl,hauptwahl,52252,79575
09182000,2026,0.5017,,,,,,,,Freie Wählergemeinschaft Miesbach,0.7799,Landratswahl,stichwahl,39860,79451
09183000,1946,,1,,,,,,,CSU,1,Landratswahl,hauptwahl,43,
09183000,1948,1,0.5556,,,,,,,CSU,0.5556,Landratswahl,hauptwahl,45,45
09183000,1952,0.8823,0.4941,,,,,,,CSU,0.4941,Landratswahl,hauptwahl,36092,40907
09183000,1952,0.9778,,,,,,,,BP,0.5455,Landratswahl,stichwahl,44,45
09183000,1958,0.5908,0.9724,,,,,,,CSU,0.9724,Landratswahl,hauptwahl,23386,39585
09183000,1964,0.5096,0.9868,,,,,,,CSU,0.9868,Landratswahl,hauptwahl,22120,43409
09183000,1970,0.7319,0.4948,,,,,,,CSU,0.4948,Landratswahl,hauptwahl,34491,47123
09183000,1970,0.7318,0.5815,,,,,,,CSU,0.5815,Landratswahl,stichwahl,34427,47047
09183000,1972,0.7665,0.9598,,,,,,,CSU,0.9598,Landratswahl,hauptwahl,46267,60358
09183000,1978,0.7951,0.7969,,,,,,,CSU,0.7969,Landratswahl,hauptwahl,50920,64045
09183000,1984,0.7547,0.8585,,,,,,,CSU,0.8585,Landratswahl,hauptwahl,52885,70070
09183000,1990,0.7683,0.6214,,,,,,,CSU,0.6214,Landratswahl,hauptwahl,56499,73539
09183000,1996,0.6668,0.7608,,,,,,,CSU,0.7608,Landratswahl,hauptwahl,52001,77983
09183000,2002,0.6599,0.5569,,,,,,,CSU,0.5569,Landratswahl,hauptwahl,54464,82536
09183000,2008,0.6015,0.5678,,,,,,,CSU,0.5678,Landratswahl,hauptwahl,51319,85315
09183000,2014,0.5611,0.5658,,,,,,,CSU,0.5658,Landratswahl,hauptwahl,49715,88597
09183000,2020,0.5809,0.5005,,,,,,,CSU,0.5005,Landratswahl,hauptwahl,53936,92845
09183000,2026,0.6055,0.6127,,,,,,,CSU,0.6127,Landratswahl,hauptwahl,57183,94441
09184000,1945,,,,,,,,,,,Landratswahl,hauptwahl,,
09184000,1945,,,,,,,,,,,Landratswahl,hauptwahl,,
09184000,1946,,,,,,,,,,1,Landratswahl,hauptwahl,44,
09184000,1947,,1,,,,,,,CSU,1,Landratswahl,hauptwahl,41,
09184000,1947,,0.5952,,,,,,,CSU,0.5952,Landratswahl,hauptwahl,,
09184000,1948,0.9333,1,,,,,,,CSU,1,Landratswahl,hauptwahl,42,45
09184000,1952,0.7782,0.6346,,,,,,,CSU,0.6346,Landratswahl,hauptwahl,44309,56936
09184000,1958,0.4995,0.7708,,,,,,,CSU,0.7708,Landratswahl,hauptwahl,32558,65181
09184000,1964,0.5467,0.6256,,,,,,,CSU,0.6256,Landratswahl,hauptwahl,42566,77858
09184000,1970,0.6139,0.5305,,,,,,,CSU/Part.fr./Bürg.ver./GDP,0.5305,Landratswahl,hauptwahl,58775,95734
09184000,1972,0.7632,0.578,,,,,,,CSU,0.578,Landratswahl,hauptwahl,91527,119918
09184000,1978,0.766,0.6243,,,,,,,CSU,0.6243,Landratswahl,hauptwahl,115901,151313
09184000,1984,0.7414,0.5682,,,,,,,CSU,0.5682,Landratswahl,hauptwahl,127909,172526
09184000,1990,0.75,0.4988,,,,,,,CSU,0.4988,Landratswahl,hauptwahl,147233,196302
09184000,1990,0.4481,0.549,,,,,,,CSU,0.549,Landratswahl,stichwahl,87956,196302
09184000,1996,0.6565,0.4416,,,,,,,CSU,0.4416,Landratswahl,hauptwahl,133266,202995
09184000,1996,0.3858,0.5402,,,,,,,CSU,0.5402,Landratswahl,stichwahl,78293,202914
09184000,2002,0.6025,0.5486,,,,,,,CSU,0.5486,Landratswahl,hauptwahl,135966,225671
09184000,2008,0.5848,0.4126,,,,,,,CSU,0.4126,Landratswahl,hauptwahl,141052,241206
09184000,2008,0.3606,,0.541,,,,,,SPD,0.541,Landratswahl,stichwahl,86843,240840
09184000,2014,0.5408,0.4295,,,,,,,CSU,0.4295,Landratswahl,hauptwahl,138728,256544
09184000,2014,0.382,0.5534,,,,,,,CSU,0.5534,Landratswahl,stichwahl,98538,257924
09184000,2020,0.5969,0.4452,,,,,,,CSU,0.4452,Landratswahl,hauptwahl,159181,266679
09184000,2020,0.6054,0.641,,,,,,,CSU,0.641,Landratswahl,stichwahl,161341,266496
09184000,2026,0.6376,0.4632,,,,,,,CSU,0.4632,Landratswahl,hauptwahl,168205,263805
09184000,2026,0.4788,0.6322,,,,,,,CSU,0.6322,Landratswahl,stichwahl,126660,264558
09185000,1945,,,,,,,,,,,Landratswahl,hauptwahl,,
09185000,1945,,,,,,,,,,,Landratswahl,hauptwahl,,
09185000,1946,1,0.9111,,,,,,,CSU,0.9111,Landratswahl,hauptwahl,45,45
09185000,1948,0.9778,0.5227,,,,,,,CSU,0.5227,Landratswahl,hauptwahl,44,45
09185000,1952,0.8784,0.9986,,,,,,,CSU,0.9986,Landratswahl,hauptwahl,23859,27161
09185000,1958,0.611,0.9939,,,,,,,CSU,0.9939,Landratswahl,hauptwahl,15309,25055
09185000,1959,0.7039,,,,,,,,PWG,0.51,Landratswahl,hauptwahl,17692,25134
09185000,1965,0.5121,0.9969,,,,,,,CSU/GDP/BP/PWG,0.9969,Landratswahl,hauptwahl,13414,26193
09185000,1972,0.773,0.637,,,,,,,CSU/PWG,0.637,Landratswahl,hauptwahl,38597,49931
09185000,1978,0.8163,0.9083,,,,,,,CSU,0.9083,Landratswahl,hauptwahl,42948,52610
09185000,1984,0.7999,0.5134,,,,,,,CSU,0.5134,Landratswahl,hauptwahl,44932,56172
09185000,1990,0.7703,0.7154,,,,,,,CSU,0.7154,Landratswahl,hauptwahl,46067,59803
09185000,1996,0.7305,0.6622,,,,,,,CSU,0.6622,Landratswahl,hauptwahl,46310,63396
09185000,2002,0.6772,0.6865,,,,,,,CSU,0.6865,Landratswahl,hauptwahl,45721,67510
09185000,2008,0.641,,,,,,,,FREIE WÄHLER,0.4552,Landratswahl,hauptwahl,44864,69994
09185000,2008,0.5197,,,,,,,,FREIE WÄHLER,0.651,Landratswahl,stichwahl,36323,69894
09185000,2014,0.5965,,,,,,,,FREIE WÄHLER***,0.5835,Landratswahl,hauptwahl,43891,73576
09185000,2019,0.412,0.4166,,,,,,,CSU,0.4166,Landratswahl,hauptwahl,31485,76413
09185000,2019,0.4071,,,,,,,,FREIE WÄHLER***,0.5237,Landratswahl,stichwahl,31061,76289
09185000,2026,0.664,0.6565,,,,,,,CSU,0.6565,Landratswahl,hauptwahl,51287,77234
09186000,1946,,,,,,,,,CSU,,Landratswahl,hauptwahl,,45
09186000,1948,1,,,,,,,,BP,0.4667,Landratswahl,hauptwahl,45,45
09186000,1948,1,0.5333,,,,,,,CSU,0.5333,Landratswahl,stichwahl,45,45
09186000,1952,0.869,0.348,,,,,,,CSU,0.348,Landratswahl,hauptwahl,29653,34122
09186000,1952,1,0.75,,,,,,,CSU,0.75,Landratswahl,stichwahl,45,45
09186000,1958,0.7678,0.527,,,,,,,CSU,0.527,Landratswahl,hauptwahl,25055,32633
09186000,1964,0.6391,0.9919,,,,,,,CSU,0.9919,Landratswahl,hauptwahl,22039,34486
09186000,1969,0.6599,0.6949,,,,,,,CSU,0.6949,Landratswahl,hauptwahl,23554,35695
09186000,1972,0.7786,0.7051,,,,,,,CSU,0.7051,Landratswahl,hauptwahl,41228,52949
09186000,1978,0.8346,0.7787,,,,,,,CSU,0.7787,Landratswahl,hauptwahl,47878,57363
09186000,1984,0.7931,0.7066,,,,,,,CSU,0.7066,Landratswahl,hauptwahl,50645,63854
09186000,1990,0.7852,0.6921,,,,,,,CSU,0.6921,Landratswahl,hauptwahl,55010,70056
09186000,1996,0.718,0.6525,,,,,,,CSU,0.6525,Landratswahl,hauptwahl,54931,76506
09186000,2002,0.6807,0.654,,,,,,,CSU/F.D.P.,0.654,Landratswahl,hauptwahl,57257,84111
09186000,2008,0.6499,0.487,,,,,,,CSU,0.487,Landratswahl,hauptwahl,58017,89268
09186000,2008,0.5657,,,,,,,,Freie Wähler e.V.,0.5273,Landratswahl,stichwahl,50422,89127
09186000,2011,0.3424,0.4215,,,,,,,CSU,0.4215,Landratswahl,hauptwahl,31345,91541
09186000,2011,0.3116,0.5211,,,,,,,CSU,0.5211,Landratswahl,stichwahl,28500,91465
09186000,2017,0.3373,0.746,,,,,,,CSU,0.746,Landratswahl,hauptwahl,33452,99187
09186000,2020,0.6255,0.3188,,,,,,,CSU,0.3188,Landratswahl,hauptwahl,63028,100769
09186000,2020,0.6021,,,,,,,,FREIE WÄHLER/Freie Wähler KV Pfaffenhofen a.d.Ilm e.V.,0.515,Landratswahl,stichwahl,60619,100671
09186000,2026,0.6594,,,,,,,,FREIE WÄHLER/Freie Wähler Kreisverband Pfaffenhofen a.d.Ilm e.V.,0.3402,Landratswahl,hauptwahl,67510,102375
09186000,2026,0.5247,,,,,,,,FREIE WÄHLER/Freie Wähler Kreisverband Pfaffenhofen a.d.Ilm e.V.,0.5371,Landratswahl,stichwahl,53605,102168
09187000,1945,,,,,,,,,,,Landratswahl,hauptwahl,,
09187000,1948,,,,,,,,,BP,0.5581,Landratswahl,hauptwahl,,45
09187000,1952,0.8556,,,,,,,,BP,0.7454,Landratswahl,hauptwahl,45094,52706
09187000,1958,0.4894,,,,,,,,Überp. Wgem.,0.9865,Landratswahl,hauptwahl,25505,52120
09187000,1964,0.4706,,,,,,,,Überp. Wgem.,0.9902,Landratswahl,hauptwahl,26824,56996
09187000,1970,0.6495,0.6642,,,,,,,CSU,0.6642,Landratswahl,hauptwahl,38316,58989
09187000,1972,0.7657,0.6654,,,,,,,CSU,0.6654,Landratswahl,hauptwahl,88589,115692
09187000,1978,0.8275,0.6924,,,,,,,CSU,0.6924,Landratswahl,hauptwahl,97166,117428
09187000,1984,0.7594,0.6506,,,,,,,CSU,0.6506,Landratswahl,hauptwahl,102992,135623
09187000,1990,0.7578,0.6599,,,,,,,CSU,0.6599,Landratswahl,hauptwahl,113474,149734
09187000,1996,0.6752,0.6872,,,,,,,CSU,0.6872,Landratswahl,hauptwahl,109673,162431
09187000,2002,0.6375,0.7201,,,,,,,CSU,0.7201,Landratswahl,hauptwahl,113444,177945
09187000,2008,0.6214,0.5657,,,,,,,CSU,0.5657,Landratswahl,hauptwahl,117600,189244
09187000,2014,0.5629,0.4938,,,,,,,CSU,0.4938,Landratswahl,hauptwahl,112995,200741
09187000,2014,0.3264,0.5892,,,,,,,CSU,0.5892,Landratswahl,stichwahl,65488,200644
09187000,2020,0.6153,0.4114,,,,,,,CSU,0.4114,Landratswahl,hauptwahl,128452,208773
09187000,2020,0.5917,0.6883,,,,,,,CSU,0.6883,Landratswahl,stichwahl,123653,208963
09187000,2026,0.6497,0.4514,,,,,,,CSU,0.4514,Landratswahl,hauptwahl,137132,211058
09187000,2026,0.44,0.5337,,,,,,,CSU,0.5337,Landratswahl,stichwahl,92708,210717
09188000,1946,1,,,,,,,,kein Wahlvorschlag,1,Landratswahl,hauptwahl,45,45
09188000,1948,1,,,,,,,,BP,0.5556,Landratswahl,hauptwahl,45,45
09188000,1952,0.7985,0.7158,,,,,,,CSU/BP/F.D.P./BHE,0.7158,Landratswahl,hauptwahl,33694,42198
09188000,1958,0.453,0.9902,,,,,,,CSU/SPD/BP/GB/F.D.P.,0.9902,Landratswahl,hauptwahl,20407,45049
09188000,1964,0.4106,0.9835,,,,,,,CSU/SPD/F.D.P./GDP/DG,0.9835,Landratswahl,hauptwahl,20920,50951
09188000,1969,0.6457,,,,,,,,Part.fr./SPD/F.D.P.,0.536,Landratswahl,hauptwahl,34347,53193
09188000,1972,0.7725,,,,,,,,F.D.P./Part.fr./SPD/CSU/BP,0.9655,Landratswahl,hauptwahl,48777,63143
09188000,1978,0.7859,,,,,,,,F.D.P./Part.fr./Part.fr. Wählersch.,0.9208,Landratswahl,hauptwahl,55793,70988
09188000,1984,0.7645,,,,,,,,F.D.P./Part.fr./Part.fr. Wählersch.,0.4383,Landratswahl,hauptwahl,60524,79172
09188000,1984,0.5829,,,,,,,,F.D.P./Part.fr./Part.fr. Wählersch.,0.5457,Landratswahl,stichwahl,46147,79166
09188000,1990,0.769,,,,,,,,F.D.P./Part.fr./Part.fr. Wählersch.,0.6208,Landratswahl,hauptwahl,66314,86230
09188000,1996,0.6867,0.4654,,,,,,,CSU,0.4654,Landratswahl,hauptwahl,61015,88854
09188000,1996,0.4809,0.6592,,,,,,,CSU,0.6592,Landratswahl,stichwahl,42698,88791
09188000,2002,0.6383,0.5872,,,,,,,CSU,0.5872,Landratswahl,hauptwahl,60686,95081
09188000,2008,0.632,0.4535,,,,,,,CSU,0.4535,Landratswahl,hauptwahl,62370,98679
09188000,2008,0.4469,0.5803,,,,,,,CSU,0.5803,Landratswahl,stichwahl,44044,98554
09188000,2014,0.5902,0.528,,,,,,,CSU,0.528,Landratswahl,hauptwahl,61153,103621
09188000,2020,0.6248,0.423,,,,,,,CSU,0.423,Landratswahl,hauptwahl,66228,106003
09188000,2020,0.6308,0.6161,,,,,,,CSU,0.6161,Landratswahl,stichwahl,66763,105839
09188000,2026,0.6626,0.5913,,,,,,,CSU,0.5913,Landratswahl,hauptwahl,70492,106385
09189000,1945,,,,,,,,,,,Landratswahl,hauptwahl,,
09189000,1946,0.9778,,,,,,,,,0.75,Landratswahl,hauptwahl,44,45
09189000,1946,0.9556,0.6977,,,,,,,CSU,0.6977,Landratswahl,hauptwahl,43,45
09189000,1947,0.9111,1,,,,,,,CSU/SPD,1,Landratswahl,hauptwahl,41,45
09189000,1948,1,0.973,,,,,,,CSU,0.973,Landratswahl,hauptwahl,45,45
09189000,1952,0.8407,,0.4447,,,,,,SPD,0.4447,Landratswahl,hauptwahl,43902,52221
09189000,1952,1,0.5227,,,,,,,CSU,0.5227,Landratswahl,stichwahl,45,45
09189000,1953,1,0.5,,,,,,,CSU,0.5,Landratswahl,hauptwahl,45,45
09189000,1958,0.6703,,,,,,,,Wgr.,0.3786,Landratswahl,hauptwahl,35202,52519
09189000,1958,0.6365,,0.527,,,,,,SPD,0.527,Landratswahl,stichwahl,33457,52565
09189000,1964,0.6827,,0.6291,,,,,,SPD,0.6291,Landratswahl,hauptwahl,39550,57933
09189000,1970,0.7086,0.5061,,,,,,,CSU,0.5061,Landratswahl,hauptwahl,43950,62026
09189000,1972,0.8059,0.9412,,,,,,,CSU,0.9412,Landratswahl,hauptwahl,73936,91741
09189000,1978,0.8059,0.9569,,,,,,,CSU,0.9569,Landratswahl,hauptwahl,81405,101010
09189000,1984,0.7782,0.8649,,,,,,,CSU,0.8649,Landratswahl,hauptwahl,85607,110002
09189000,1990,0.8215,0.4653,,,,,,,CSU,0.4653,Landratswahl,hauptwahl,90684,110395
09189000,1990,0.5241,0.6024,,,,,,,CSU,0.6024,Landratswahl,stichwahl,60198,114866
09189000,1996,0.6962,0.6257,,,,,,,CSU,0.6257,Landratswahl,hauptwahl,84880,121912
09189000,2002,0.6598,0.5432,,,,,,,CSU,0.5432,Landratswahl,hauptwahl,85319,129301
09189000,2008,0.623,0.5586,,,,,,,CSU,0.5586,Landratswahl,hauptwahl,83229,133586
09189000,2014,0.5671,0.4121,,,,,,,CSU,0.4121,Landratswahl,hauptwahl,78942,139202
09189000,2014,0.3945,0.5099,,,,,,,CSU,0.5099,Landratswahl,stichwahl,54869,139077
09189000,2020,0.6083,0.6305,,,,,,,CSU/BP/Junge Liste im Landkreis Traunstein e.V.,0.6305,Landratswahl,hauptwahl,87385,143654
09189000,2025,0.4034,,,,,,,,Christlich-Soziale Union in Bayern e.V.,0.329,Landratswahl,hauptwahl,60769,150635
09189000,2025,0.313,,,,,,,,FREIE WÄHLER,0.5463,Landratswahl,stichwahl,45348,144859
09190000,1945,,,,,,,,,kein Wahlvorschlag,,Landratswahl,hauptwahl,,
09190000,1946,,,,,,,,,kein Wahlvorschlag,,Landratswahl,hauptwahl,,
09190000,1948,,0.7045,,,,,,,CSU,0.7045,Landratswahl,hauptwahl,,45
09190000,1952,0.8572,0.7433,,,,,,,CSU/BP/F.D.P./BHE,0.7433,Landratswahl,hauptwahl,38052,44389
09190000,1958,0.5655,0.9852,,,,,,,CSU/FDP/BP,0.9852,Landratswahl,hauptwahl,25102,44389
09190000,1962,0.6008,,0.4722,,,,,,SPD/Fr. Wgr.,0.4722,Landratswahl,hauptwahl,28338,47171
09190000,1962,0.5359,,0.6213,,,,,,SPD/Fr. Wgr.,0.6213,Landratswahl,stichwahl,25102,46840
09190000,1968,0.4542,,,,,,,,Fr. Wgr.,0.9908,Landratswahl,hauptwahl,21583,47521
09190000,1972,0.7996,0.544,,,,,,,CSU,0.544,Landratswahl,hauptwahl,54623,68309
09190000,1978,0.8078,0.6034,,,,,,,CSU,0.6034,Landratswahl,hauptwahl,58857,72863
09190000,1984,0.7744,0.6174,,,,,,,CSU,0.6174,Landratswahl,hauptwahl,61204,79037
09190000,1990,0.7665,0.6611,,,,,,,CSU,0.6611,Landratswahl,hauptwahl,64585,84257
09190000,1996,0.7102,0.4732,,,,,,,CSU,0.4732,Landratswahl,hauptwahl,63251,89064
09190000,1996,0.4965,0.5198,,,,,,,CSU,0.5198,Landratswahl,stichwahl,44143,88905
09190000,2002,0.6724,0.7018,,,,,,,CSU,0.7018,Landratswahl,hauptwahl,64503,95932
09190000,2008,0.6668,0.4713,,,,,,,CSU,0.4713,Landratswahl,hauptwahl,66870,100278
09190000,2008,0.4641,,0.5372,,,,,,SPD,0.5372,Landratswahl,stichwahl,46480,100142
09190000,2014,0.6213,0.4047,,,,,,,CSU,0.4047,Landratswahl,hauptwahl,64694,104119
09190000,2014,0.4696,0.6802,,,,,,,CSU,0.6802,Landratswahl,stichwahl,48852,104031
09190000,2020,0.6546,0.4795,,,,,,,CSU,0.4795,Landratswahl,hauptwahl,70369,107499
09190000,2020,0.6755,0.6514,,,,,,,CSU,0.6514,Landratswahl,stichwahl,72558,107419
09190000,2026,0.6884,0.3579,,,,,,,CSU,0.3579,Landratswahl,hauptwahl,74893,108785
09190000,2026,0.5365,0.6535,,,,,,,CSU,0.6535,Landratswahl,stichwahl,58297,108666
09271000,1948,1,0.9773,,,,,,,CSU,0.9773,Landratswahl,hauptwahl,44,44
09271000,1952,0.8438,0.6073,,,,,,,CSU,0.6073,Landratswahl,hauptwahl,29150,34547
09271000,1958,0.6191,0.7025,,,,,,,CSU,0.7025,Landratswahl,hauptwahl,20190,32611
09271000,1963,0.633,0.5684,,,,,,,CSU,0.5684,Landratswahl,hauptwahl,21082,33307
09271000,1969,0.5551,0.7466,,,,,,,CSU,0.7466,Landratswahl,hauptwahl,19699,35489
09271000,1972,0.7924,,0.5313,,,,,,SPD,0.5313,Landratswahl,hauptwahl,51697,65245
09271000,1978,0.7968,0.76,,,,,,,CSU/FWG,0.76,Landratswahl,hauptwahl,56630,71070
09271000,1984,0.7445,0.7802,,,,,,,CSU/FWG,0.7802,Landratswahl,hauptwahl,56816,76312
09271000,1990,0.7616,0.7642,,,,,,,CSU,0.7642,Landratswahl,hauptwahl,60923,79998
09271000,1996,0.6946,0.6754,,,,,,,CSU/Junge Liste,0.6754,Landratswahl,hauptwahl,58331,83976
09271000,2002,0.6569,0.5916,,,,,,,CSU/Junge Liste,0.5916,Landratswahl,hauptwahl,58295,88746
09271000,2008,0.5918,0.6961,,,,,,,CSU/Junge Liste,0.6961,Landratswahl,hauptwahl,54300,91749
09271000,2014,0.5332,0.7427,,,,,,,CSU,0.7427,Landratswahl,hauptwahl,50122,94003
09271000,2020,0.584,0.6949,,,,,,,CSU,0.6949,Landratswahl,hauptwahl,56361,96501
09271000,2022,0.4082,0.5284,,,,,,,CSU,0.5284,Landratswahl,hauptwahl,39380,96480
09271000,2026,0.6282,0.7308,,,,,,,CSU,0.7308,Landratswahl,hauptwahl,60491,96290
09272000,1972,0.7613,,,,,,,,Freie Wählergem.,0.58,Landratswahl,hauptwahl,39275,51586
09272000,1978,0.8373,,,,,,,,Freie Wählergem.,0.6617,Landratswahl,hauptwahl,43881,52410
09272000,1984,0.7799,,,,,,,,Freie Wählergem.,0.6513,Landratswahl,hauptwahl,44537,57107
09272000,1990,0.803,0.5357,,,,,,,CSU,0.5357,Landratswahl,hauptwahl,47989,59762
09272000,1996,0.7444,0.7181,,,,,,,CSU,0.7181,Landratswahl,hauptwahl,46483,62440
09272000,2002,0.7201,0.3898,,,,,,,CSU/JWU,0.3898,Landratswahl,hauptwahl,46155,64097
09272000,2002,0.5561,,,,,,,,CWG-FW/FW GL,0.5709,Landratswahl,stichwahl,35623,64053
09272000,2008,0.6833,0.4375,,,,,,,CSU/Junge Wähler Union,0.4375,Landratswahl,hauptwahl,44006,64403
09272000,2008,0.5729,0.5943,,,,,,,CSU/Junge Wähler Union,0.5943,Landratswahl,stichwahl,36865,64346
09272000,2014,0.6749,0.568,,,,,,,CSU,0.568,Landratswahl,hauptwahl,43731,64795
09272000,2020,0.6871,0.6921,,,,,,,CSU,0.6921,Landratswahl,hauptwahl,45174,65747
09272000,2026,0.696,0.891,,,,,,,CSU,0.891,Landratswahl,hauptwahl,45561,65465
09273000,1945,,,,,,,,,,,Landratswahl,hauptwahl,,
09273000,1946,1,0.9778,,,,,,,CSU,0.9778,Landratswahl,hauptwahl,45,45
09273000,1948,1,0.5556,,,,,,,CSU,0.5556,Landratswahl,hauptwahl,45,45
09273000,1952,0.9084,0.588,,,,,,,CSU,0.588,Landratswahl,hauptwahl,29207,32153
09273000,1958,0.8268,,,,,,,,Chr. Wählergem.,0.5002,Landratswahl,hauptwahl,27457,33209
09273000,1964,0.7512,0.7975,,,,,,,CSU,0.7975,Landratswahl,hauptwahl,26210,34892
09273000,1967,0.7824,,0.555,,,,,,SPD,0.555,Landratswahl,hauptwahl,27650,35339
09273000,1972,0.8272,,0.5843,,,,,,SPD,0.5843,Landratswahl,hauptwahl,48567,58711
09273000,1978,0.8486,0.502,,,,,,,CSU,0.502,Landratswahl,hauptwahl,53115,62591
09273000,1984,0.8146,0.6042,,,,,,,CSU,0.6042,Landratswahl,hauptwahl,54774,67238
09273000,1986,0.6083,0.4978,,,,,,,CSU,0.4978,Landratswahl,hauptwahl,41575,68345
09273000,1986,0.5162,0.6589,,,,,,,CSU,0.6589,Landratswahl,stichwahl,35281,68345
09273000,1992,0.5515,,,,,,,,FW/ÖDP,0.3222,Landratswahl,hauptwahl,40270,73021
09273000,1992,0.4748,,,,,,,,FW/ÖDP,0.5814,Landratswahl,stichwahl,34668,73021
09273000,1998,0.6881,,,,,,,,FW,0.5773,Landratswahl,hauptwahl,53932,78373
09273000,2004,0.4382,,,,,,,,FW,0.7941,Landratswahl,hauptwahl,37196,84876
09273000,2010,0.488,,,,,,,,FREIE WÄHLER,0.522,Landratswahl,hauptwahl,42444,86977
09273000,2016,0.4226,0.5131,,,,,,,CSU,0.5131,Landratswahl,hauptwahl,39322,93051
09273000,2020,0.615,0.7092,,,,,,,CSU,0.7092,Landratswahl,hauptwahl,58562,95216
09273000,2026,0.6538,0.3391,,,,,,,CSU,0.3391,Landratswahl,hauptwahl,63001,96362
09273000,2026,0.5272,,,,,,,,FREIE WÄHLER/Freie Wähler Landkreis Kelheim,0.6657,Landratswahl,stichwahl,50737,96235
09274000,1948,1,0.675,,,,,,,CSU,0.675,Landratswahl,hauptwahl,40,40
09274000,1952,0.8645,0.7099,,,,,,,CSU/F.D.P./BP,0.7099,Landratswahl,hauptwahl,21582,24964
09274000,1958,0.6014,0.9876,,,,,,,CSU/SPD,0.9876,Landratswahl,hauptwahl,14429,23994
09274000,1964,0.5507,0.8798,,,,,,,CSU/SPD/BP,0.8798,Landratswahl,hauptwahl,14104,25609
09274000,1970,0.6563,0.7997,,,,,,,CSU,0.7997,Landratswahl,hauptwahl,17741,27030
09274000,1972,0.7959,0.4985,,,,,,,CSU,0.4985,Landratswahl,hauptwahl,54391,68340
09274000,1972,0.7281,0.5556,,,,,,,CSU,0.5556,Landratswahl,stichwahl,49747,68326
09274000,1978,0.8313,0.9687,,,,,,,CSU,0.9687,Landratswahl,hauptwahl,62759,75496
09274000,1984,0.7843,0.7859,,,,,,,CSU/Junge Union,0.7859,Landratswahl,hauptwahl,65896,84022
09274000,1985,0.5616,0.5501,,,,,,,CSU,0.5501,Landratswahl,hauptwahl,47997,85458
09274000,1991,0.4516,0.6615,,,,,,,CSU,0.6615,Landratswahl,hauptwahl,41855,92686
09274000,1996,0.725,0.7082,,,,,,,CSU,0.7082,Landratswahl,hauptwahl,71752,98975
09274000,2002,0.6733,0.548,,,,,,,CSU,0.548,Landratswahl,hauptwahl,73128,108617
09274000,2008,0.6565,0.5099,,,,,,,CSU,0.5099,Landratswahl,hauptwahl,75322,114731
09274000,2014,0.6091,,,,,,,,FREIE WÄHLER,0.5214,Landratswahl,hauptwahl,73500,120662
09274000,2020,0.6268,,,,,,,,FREIE WÄHLER/Kreisverband Freie Wähler Landkreis Landshut e.V.,0.7304,Landratswahl,hauptwahl,79685,127132
09274000,2026,0.658,,,,,,,,FREIE WÄHLER,0.4311,Landratswahl,hauptwahl,85376,129744
09274000,2026,0.5049,,,,,,,,FREIE WÄHLER,0.5583,Landratswahl,stichwahl,64530,127815
09275000,1946,,,,,,,,,CSU,,Landratswahl,hauptwahl,,
09275000,1946,,,,,,,,,CSU,,Landratswahl,hauptwahl,,
09275000,1946,,,,,,,,,CSU,,Landratswahl,hauptwahl,,
09275000,1948,1,1,,,,,,,CSU,1,Landratswahl,hauptwahl,45,45
09275000,1952,0.8551,0.6273,,,,,,,CSU,0.6273,Landratswahl,hauptwahl,32097,37538
09275000,1958,0.7137,0.5816,,,,,,,CSU,0.5816,Landratswahl,hauptwahl,26062,36516
09275000,1964,0.7491,,0.5268,,,,,,SPD,0.5268,Landratswahl,hauptwahl,29455,39318
09275000,1970,0.831,0.5025,,,,,,,CSU,0.5025,Landratswahl,hauptwahl,34001,40915
09275000,1972,0.7809,0.9672,,,,,,,CSU,0.9672,Landratswahl,hauptwahl,78900,101040
09275000,1978,0.8227,0.8113,,,,,,,CSU,0.8113,Landratswahl,hauptwahl,89942,109326
09275000,1984,0.7776,0.89,,,,,,,CSU/ÜW,0.89,Landratswahl,hauptwahl,92860,119418
09275000,1990,0.7668,0.4918,,,,,,,CSU/Bürgerunion,0.4918,Landratswahl,hauptwahl,97760,127490
09275000,1990,0.57,0.5678,,,,,,,CSU/Bürgerunion,0.5678,Landratswahl,stichwahl,72838,127790
09275000,1996,0.7079,0.6178,,,,,,,CSU/Bürgerunion,0.6178,Landratswahl,hauptwahl,96918,136910
09275000,2002,0.6618,0.538,,,,,,,CSU/Bürgerunion,0.538,Landratswahl,hauptwahl,96297,145515
09275000,2008,0.6188,0.6669,,,,,,,CSU/Bürgerunion,0.6669,Landratswahl,hauptwahl,92977,150249
09275000,2014,0.5778,0.7123,,,,,,,CSU/Bürgerunion im Lkr.,0.7123,Landratswahl,hauptwahl,89078,154168
09275000,2020,0.6102,0.5621,,,,,,,CSU/Bürgerunion im Landkreis Passau,0.5621,Landratswahl,hauptwahl,97297,159441
09275000,2026,0.6558,0.5857,,,,,,,CSU/Bürgerunion im Landkreis Passau,0.5857,Landratswahl,hauptwahl,105114,160293
09276000,1946,,,,,,,,,CSU,,Landratswahl,hauptwahl,,
09276000,1948,1,,0.4889,,,,,,SPD,0.4889,Landratswahl,hauptwahl,45,45
09276000,1948,1,,0.5682,,,,,,SPD,0.5682,Landratswahl,stichwahl,45,45
09276000,1952,0.839,,0.8206,,,,,,SPD/Heimatvertr. u. Entrechtete,0.8206,Landratswahl,hauptwahl,23571,28093
09276000,1958,0.727,,0.6368,,,,,,SPD,0.6368,Landratswahl,hauptwahl,19791,27223
09276000,1960,0.403,0.9914,,,,,,,CSU,0.9914,Landratswahl,hauptwahl,11202,27795
09276000,1966,0.5791,0.6722,,,,,,,CSU,0.6722,Landratswahl,hauptwahl,16545,28569
09276000,1972,0.7348,0.5853,,,,,,,CSU,0.5853,Landratswahl,hauptwahl,40144,54634
09276000,1978,0.7841,0.6483,,,,,,,CSU,0.6483,Landratswahl,hauptwahl,43645,55660
09276000,1984,0.7311,0.7287,,,,,,,CSU,0.7287,Landratswahl,hauptwahl,43128,58994
09276000,1990,0.7726,0.7191,,,,,,,CSU,0.7191,Landratswahl,hauptwahl,46909,60716
09276000,1994,0.6513,0.5562,,,,,,,CSU,0.5562,Landratswahl,hauptwahl,40559,62277
09276000,2000,0.3197,0.7262,,,,,,,CSU,0.7262,Landratswahl,hauptwahl,20219,63246
09276000,2002,0.681,0.9415,,,,,,,CSU,0.9415,Landratswahl,hauptwahl,43632,64072
09276000,2008,0.6462,0.852,,,,,,,CSU,0.852,Landratswahl,hauptwahl,41406,64076
09276000,2011,0.6114,,0.4266,,,,,,SPD,0.4266,Landratswahl,hauptwahl,38999,63789
09276000,2011,0.5931,,0.5732,,,,,,SPD,0.5732,Landratswahl,stichwahl,37808,63742
09276000,2023,0.6784,,,,,,,,Christlich-Soziale-Union,0.6041,Landratswahl,hauptwahl,43322,63856
09277000,1972,0.7621,0.5156,,,,,,,CSU,0.5156,Landratswahl,hauptwahl,54059,70931
09277000,1978,0.8298,0.6761,,,,,,,CSU,0.6761,Landratswahl,hauptwahl,63166,76125
09277000,1984,0.7958,,,,,,,,Unabh. Wähler,0.4629,Landratswahl,hauptwahl,63879,80269
09277000,1984,0.6378,,,,,,,,Unabh. Wähler,0.663,Landratswahl,stichwahl,50969,79917
09277000,1987,0.6431,,,,,,,,UWG,0.4357,Landratswahl,hauptwahl,52238,81232
09277000,1987,0.6324,,,,,,,,UWG,0.5368,Landratswahl,stichwahl,51366,81222
09277000,1993,0.5876,,,,,,,,UWG,0.4803,Landratswahl,hauptwahl,50074,85222
09277000,1993,0.504,,,,,,,,UWG,0.6603,Landratswahl,stichwahl,42928,85175
09277000,1999,0.2373,,,,,,,,UWG,0.9628,Landratswahl,hauptwahl,21014,88541
09277000,2005,0.7199,,,,,,,,UWG,0.6685,Landratswahl,hauptwahl,67216,93375
09277000,2011,0.4144,0.6028,,,,,,,CSU,0.6028,Landratswahl,hauptwahl,39100,94358
09277000,2014,0.5683,0.941,,,,,,,CSU,0.941,Landratswahl,hauptwahl,54625,96122
09277000,2020,0.5918,0.5338,,,,,,,CSU,0.5338,Landratswahl,hauptwahl,58347,98598
09277000,2026,0.6456,,,,,,,,Freie Wähler Rottal-Inn e.V.,0.3499,Landratswahl,hauptwahl,63805,98836
09277000,2026,0.5294,,,,,,,,Freie Wähler Rottal-Inn e.V.,0.7895,Landratswahl,stichwahl,52259,98714
09278000,1945,,,,,,,,,,,Landratswahl,hauptwahl,,
09278000,1946,1,1,,,,,,,CSU,1,Landratswahl,hauptwahl,25,25
09278000,1948,1,1,,,,,,,CSU,1,Landratswahl,hauptwahl,35,35
09278000,1952,0.8611,0.7688,,,,,,,CSU,0.7688,Landratswahl,hauptwahl,17588,20426
09278000,1958,0.784,0.5514,,,,,,,CSU,0.5514,Landratswahl,hauptwahl,14439,18417
09278000,1964,0.732,0.7356,,,,,,,CSU/Parteifreie Wählergem.,0.7356,Landratswahl,hauptwahl,13689,18701
09278000,1970,0.7284,0.4897,,,,,,,CSU,0.4897,Landratswahl,hauptwahl,14314,19652
09278000,1970,0.7164,,,,,,,,BSP/SPD/F.D.P.,0.5206,Landratswahl,stichwahl,14084,19660
09278000,1972,0.8371,0.6483,,,,,,,CSU/Chr. Wählerbl.,0.6483,Landratswahl,hauptwahl,44111,52694
09278000,1978,0.861,0.6663,,,,,,,CSU/CWB,0.6663,Landratswahl,hauptwahl,48416,56231
09278000,1984,0.8455,0.7184,,,,,,,CSU,0.7184,Landratswahl,hauptwahl,51280,60649
09278000,1990,0.836,0.6807,,,,,,,CSU,0.6807,Landratswahl,hauptwahl,53194,63628
09278000,1996,0.7917,0.6234,,,,,,,CSU,0.6234,Landratswahl,hauptwahl,53618,67728
09278000,2002,0.7408,0.6819,,,,,,,CSU,0.6819,Landratswahl,hauptwahl,53754,72563
09278000,2008,0.6896,0.7267,,,,,,,CSU,0.7267,Landratswahl,hauptwahl,52123,75585
09278000,2014,0.6601,0.6816,,,,,,,CSU,0.6816,Landratswahl,hauptwahl,52246,79153
09278000,2020,0.6679,0.6592,,,,,,,CSU,0.6592,Landratswahl,hauptwahl,54657,81828
09278000,2026,0.7058,0.4593,,,,,,,CSU,0.4593,Landratswahl,hauptwahl,58731,83216
09278000,2026,0.5857,,,,,,,,FREIE WÄHLER/Freie Wähler Kreisverband Straubing-Bogen,0.5838,Landratswahl,stichwahl,48664,83082
09279000,1972,0.8369,0.5053,,,,,,,CSU,0.5053,Landratswahl,hauptwahl,42948,51316
09279000,1978,0.8268,0.9487,,,,,,,CSU,0.9487,Landratswahl,hauptwahl,44437,53748
09279000,1984,0.8233,0.7455,,,,,,,CSU,0.7455,Landratswahl,hauptwahl,46955,57030
09279000,1990,0.796,0.5454,,,,,,,CSU,0.5454,Landratswahl,hauptwahl,47471,59639
09279000,1991,0.6697,,0.5661,,,,,,SPD,0.5661,Landratswahl,hauptwahl,40733,60824
09279000,1997,0.5791,,0.7556,,,,,,SPD,0.7556,Landratswahl,hauptwahl,38030,65675
09279000,2002,0.6704,,0.9505,,,,,,SPD,0.9505,Landratswahl,hauptwahl,46131,68808
09279000,2008,0.6298,,0.703,,,,,,SPD,0.703,Landratswahl,hauptwahl,44819,71167
09279000,2014,0.5418,,0.9173,,,,,,SPD,0.9173,Landratswahl,hauptwahl,40563,74864
09279000,2020,0.5889,0.6914,,,,,,,"CSU/Liste ""Junge Bürger""",0.6914,Landratswahl,hauptwahl,45699,77607
09279000,2026,0.6238,0.6522,,,,,,,"CSU/Liste """"Junge Bürger""""",0.6522,Landratswahl,hauptwahl,49369,79138
09371000,1948,1,0.9643,,,,,,,CSU,0.9643,Landratswahl,hauptwahl,28,28
09371000,1952,0.9147,0.4039,,,,,,,CSU,0.4039,Landratswahl,hauptwahl,24759,27068
09371000,1952,1,0.6098,,,,,,,CSU,0.6098,Landratswahl,stichwahl,45,45
09371000,1958,0.8396,0.5324,,,,,,,CSU,0.5324,Landratswahl,hauptwahl,22510,26811
09371000,1964,0.8218,0.7338,,,,,,,CSU,0.7338,Landratswahl,hauptwahl,24803,30182
09371000,1970,0.7638,0.803,,,,,,,CSU,0.803,Landratswahl,hauptwahl,24307,31824
09371000,1972,0.8375,0.6056,,,,,,,CSU,0.6056,Landratswahl,hauptwahl,53019,63306
09371000,1978,0.8614,0.6946,,,,,,,CSU,0.6946,Landratswahl,hauptwahl,58546,67970
09371000,1984,0.8297,0.6996,,,,,,,CSU,0.6996,Landratswahl,hauptwahl,60212,72573
09371000,1990,0.8199,0.6068,,,,,,,CSU,0.6068,Landratswahl,hauptwahl,61617,75149
09371000,1996,0.753,0.6478,,,,,,,CSU,0.6478,Landratswahl,hauptwahl,59924,79582
09371000,2002,0.7301,,0.4368,,,,,,SPD,0.4368,Landratswahl,hauptwahl,59860,81986
09371000,2002,0.6502,,0.5134,,,,,,SPD,0.5134,Landratswahl,stichwahl,53235,81873
09371000,2008,0.6857,0.4529,,,,,,,CSU,0.4529,Landratswahl,hauptwahl,57117,83303
09371000,2008,0.577,0.6459,,,,,,,CSU,0.6459,Landratswahl,stichwahl,48020,83225
09371000,2014,0.6598,0.7776,,,,,,,CSU,0.7776,Landratswahl,hauptwahl,55187,83645
09371000,2020,0.6563,0.7433,,,,,,,CSU,0.7433,Landratswahl,hauptwahl,55282,84233
09371000,2026,0.7079,0.6382,,,,,,,CSU,0.6382,Landratswahl,hauptwahl,58580,82747
09372000,1945,,,,,,,,,,,Landratswahl,hauptwahl,,
09372000,1946,,,,,,,,,,,Landratswahl,hauptwahl,,
09372000,1948,,0.5227,,,,,,,CSU/BP,0.5227,Landratswahl,hauptwahl,,
09372000,1948,1,,,,,,,,Kein Wahlvorschlag,1,Landratswahl,hauptwahl,41,41
09372000,1952,0.8747,0.9748,,,,,,,CSU/BP/BHE/Part.fr. Wählersch./Chr. Landunion,0.9748,Landratswahl,hauptwahl,21746,24861
09372000,1958,0.4698,0.9816,,,,,,,CSU,0.9816,Landratswahl,hauptwahl,11456,24385
09372000,1959,0.7115,0.566,,,,,,,CSU,0.566,Landratswahl,hauptwahl,17437,24509
09372000,1965,0.8644,0.8595,,,,,,,CSU,0.8595,Landratswahl,hauptwahl,22427,25946
09372000,1972,0.7759,0.5354,,,,,,,CSU,0.5354,Landratswahl,hauptwahl,62633,80719
09372000,1978,0.8175,0.6592,,,,,,,CSU,0.6592,Landratswahl,hauptwahl,70663,86443
09372000,1984,0.8086,0.9606,,,,,,,CSU,0.9606,Landratswahl,hauptwahl,74236,91805
09372000,1990,0.804,0.8505,,,,,,,CSU,0.8505,Landratswahl,hauptwahl,76053,94595
09372000,1996,0.7667,0.6564,,,,,,,CSU,0.6564,Landratswahl,hauptwahl,75022,97852
09372000,2002,0.7369,0.8709,,,,,,,CSU,0.8709,Landratswahl,hauptwahl,74356,100898
09372000,2008,0.6803,0.8129,,,,,,,CSU,0.8129,Landratswahl,hauptwahl,70006,102901
09372000,2010,0.5066,0.401,,,,,,,CSU,0.401,Landratswahl,hauptwahl,52318,103263
09372000,2010,0.3859,0.5033,,,,,,,CSU,0.5033,Landratswahl,stichwahl,39830,103208
09372000,2014,0.6571,0.6746,,,,,,,CSU,0.6746,Landratswahl,hauptwahl,68486,104218
09372000,2020,0.6713,0.6745,,,,,,,CSU,0.6745,Landratswahl,hauptwahl,71134,105971
09372000,2026,0.7094,0.4462,,,,,,,CSU,0.4462,Landratswahl,hauptwahl,74805,105446
09372000,2026,0.5742,,,,,,,,FREIE WÄHLER,0.5333,Landratswahl,stichwahl,60479,105332
09373000,1948,0.9783,0.75,,,,,,,CSU,0.75,Landratswahl,hauptwahl,45,46
09373000,1952,0.8994,0.6837,,,,,,,CSU,0.6837,Landratswahl,hauptwahl,19125,21263
09373000,1958,0.7405,0.8659,,,,,,,CSU,0.8659,Landratswahl,hauptwahl,15889,21457
09373000,1964,0.7677,0.8616,,,,,,,CSU,0.8616,Landratswahl,hauptwahl,17831,23227
09373000,1970,0.7353,0.8288,,,,,,,CSU,0.8288,Landratswahl,hauptwahl,17806,24216
09373000,1972,0.855,,,,,,,,CWG,0.4703,Landratswahl,hauptwahl,52051,60881
09373000,1972,0.7643,,,,,,,,CWG,0.6058,Landratswahl,stichwahl,46529,60881
09373000,1978,0.8568,0.7733,,,,,,,CSU,0.7733,Landratswahl,hauptwahl,57479,67087
09373000,1984,0.8166,0.7124,,,,,,,CSU,0.7124,Landratswahl,hauptwahl,61747,75615
09373000,1990,0.8167,0.3847,,,,,,,CSU,0.3847,Landratswahl,hauptwahl,66685,81649
09373000,1990,0.6225,,,,,,,,CWU,0.5242,Landratswahl,stichwahl,50139,80539
09373000,1996,0.7572,0.4124,,,,,,,CSU,0.4124,Landratswahl,hauptwahl,66773,88187
09373000,1996,0.6395,,,,,,,,CWG,0.5656,Landratswahl,stichwahl,56364,88142
09373000,2002,0.7148,0.743,,,,,,,CSU,0.743,Landratswahl,hauptwahl,67630,94610
09373000,2008,0.6645,0.7157,,,,,,,CSU,0.7157,Landratswahl,hauptwahl,65487,98549
09373000,2014,0.6207,0.5901,,,,,,,CSU,0.5901,Landratswahl,hauptwahl,63644,102534
09373000,2020,0.6477,0.5083,,,,,,,CSU,0.5083,Landratswahl,hauptwahl,69538,107362
09373000,2026,0.6902,0.4388,,,,,,,CSU,0.4388,Landratswahl,hauptwahl,74842,108442
09373000,2026,0.5711,,,,,,,,FREIE WÄHLER,0.5031,Landratswahl,stichwahl,61873,108335
09374000,1948,1,0.5778,,,,,,,CSU,0.5778,Landratswahl,hauptwahl,45,45
09374000,1949,1,0.6744,,,,,,,CSU,0.6744,Landratswahl,hauptwahl,45,45
09374000,1952,0.8954,0.67,,,,,,,CSU/BP/BHE/UW,0.67,Landratswahl,hauptwahl,28569,31907
09374000,1958,0.806,0.7305,,,,,,,CSU/GB-BHE,0.7305,Landratswahl,hauptwahl,26709,33139
09374000,1964,0.8518,0.6034,,,,,,,CSU/DP/BHE,0.6034,Landratswahl,hauptwahl,29982,35197
09374000,1970,0.7803,0.6671,,,,,,,CSU,0.6671,Landratswahl,hauptwahl,28068,35971
09374000,1972,0.8876,0.6426,,,,,,,CSU,0.6426,Landratswahl,hauptwahl,57169,64408
09374000,1978,0.8931,0.9227,,,,,,,CSU,0.9227,Landratswahl,hauptwahl,58788,65825
09374000,1984,0.8902,0.5629,,,,,,,CSU,0.5629,Landratswahl,hauptwahl,62397,70090
09374000,1990,0.8562,0.6074,,,,,,,CSU,0.6074,Landratswahl,hauptwahl,61631,71982
09374000,1996,0.8229,0.5887,,,,,,,CSU,0.5887,Landratswahl,hauptwahl,61577,74829
09374000,2002,0.7784,0.7175,,,,,,,CSU,0.7175,Landratswahl,hauptwahl,59819,76846
09374000,2008,0.7405,0.6169,,,,,,,CSU,0.6169,Landratswahl,hauptwahl,57544,77706
09374000,2014,0.7063,0.6311,,,,,,,CSU,0.6311,Landratswahl,hauptwahl,54771,77545
09374000,2020,0.7173,0.6259,,,,,,,CSU,0.6259,Landratswahl,hauptwahl,55447,77304
09374000,2026,0.7384,0.6483,,,,,,,CSU,0.6483,Landratswahl,hauptwahl,56081,75954
09375000,1948,1,0.5714,,,,,,,CSU,0.5714,Landratswahl,hauptwahl,42,42
09375000,1952,0.8988,0.6454,,,,,,,CSU,0.6454,Landratswahl,hauptwahl,46191,51390
09375000,1958,0.7657,0.8084,,,,,,,CSU,0.8084,Landratswahl,hauptwahl,39983,52216
09375000,1964,0.7653,0.7871,,,,,,,CSU,0.7871,Landratswahl,hauptwahl,43823,57266
09375000,1970,0.6851,0.7458,,,,,,,CSU,0.7458,Landratswahl,hauptwahl,42510,62046
09375000,1972,0.814,0.6767,,,,,,,CSU,0.6767,Landratswahl,hauptwahl,69025,84793
09375000,1978,0.8566,0.7007,,,,,,,CSU,0.7007,Landratswahl,hauptwahl,79335,92620
09375000,1984,0.8073,0.7272,,,,,,,CSU,0.7272,Landratswahl,hauptwahl,85370,105747
09375000,1990,0.8041,0.7134,,,,,,,CSU,0.7134,Landratswahl,hauptwahl,92886,115522
09375000,1996,0.7329,0.6652,,,,,,,CSU,0.6652,Landratswahl,hauptwahl,91713,125132
09375000,2002,0.698,0.6015,,,,,,,CSU,0.6015,Landratswahl,hauptwahl,94496,135376
09375000,2008,0.6473,0.5073,,,,,,,CSU,0.5073,Landratswahl,hauptwahl,92489,142895
09375000,2014,0.6275,,,,,,,,FREIE WÄHLER***,0.4319,Landratswahl,hauptwahl,94245,150187
09375000,2014,0.548,,,,,,,,FREIE WÄHLER***,0.6106,Landratswahl,stichwahl,82228,150050
09375000,2020,0.6655,,,,,,,,FREIE WÄHLER,0.6815,Landratswahl,hauptwahl,103112,154939
09375000,2026,0.7005,,,,,,,,FREIE WÄHLER,0.6035,Landratswahl,hauptwahl,110511,157752
09376000,1972,0.8592,,0.5025,,,,,,SPD,0.5025,Landratswahl,hauptwahl,76957,89571
09376000,1978,0.8581,,0.5819,,,,,,SPD,0.5819,Landratswahl,hauptwahl,82830,96530
09376000,1984,0.8408,,0.7049,,,,,,SPD,0.7049,Landratswahl,hauptwahl,85665,101883
09376000,1990,0.8174,,0.7096,,,,,,SPD,0.7096,Landratswahl,hauptwahl,85581,104699
09376000,1996,0.753,,0.5363,,,,,,SPD,0.5363,Landratswahl,hauptwahl,81851,108703
09376000,2002,0.713,,0.5561,,,,,,SPD,0.5561,Landratswahl,hauptwahl,80442,112826
09376000,2008,0.658,,0.5139,,,,,,SPD,0.5139,Landratswahl,hauptwahl,75577,114861
09376000,2014,0.6286,,0.4415,,,,,,SPD,0.4415,Landratswahl,hauptwahl,73960,117665
09376000,2014,0.5379,0.5103,,,,,,,CSU,0.5103,Landratswahl,stichwahl,63170,117432
09376000,2020,0.6344,0.6939,,,,,,,CSU,0.6939,Landratswahl,hauptwahl,76419,120454
09376000,2026,0.6732,0.5485,,,,,,,CSU,0.5485,Landratswahl,hauptwahl,81473,121015
09377000,1946,,,,,,,,,,,Landratswahl,hauptwahl,,
09377000,1946,,,,,,,,,,,Landratswahl,hauptwahl,,
09377000,1946,1,0.6591,,,,,,,CSU,0.6591,Landratswahl,hauptwahl,44,44
09377000,1948,1,0.6047,,,,,,,CSU,0.6047,Landratswahl,hauptwahl,43,43
09377000,1952,0.9076,0.5604,,,,,,,CSU/BP/Mittelstandsgruppe,0.5604,Landratswahl,hauptwahl,34818,38362
09377000,1958,0.8368,0.6727,,,,,,,CSU,0.6727,Landratswahl,hauptwahl,31401,37527
09377000,1964,0.8511,0.6769,,,,,,,CSU,0.6769,Landratswahl,hauptwahl,32616,38320
09377000,1970,0.6407,0.9898,,,,,,,CSU,0.9898,Landratswahl,hauptwahl,24187,37752
09377000,1972,0.858,0.5773,,,,,,,CSU,0.5773,Landratswahl,hauptwahl,50051,58335
09377000,1978,0.9015,0.7257,,,,,,,CSU,0.7257,Landratswahl,hauptwahl,52247,57956
09377000,1984,0.8545,0.7094,,,,,,,CSU,0.7094,Landratswahl,hauptwahl,52072,60936
09377000,1990,0.8346,0.8213,,,,,,,CSU,0.8213,Landratswahl,hauptwahl,51082,61207
09377000,1991,0.5728,,,,,,,,FW,0.4967,Landratswahl,hauptwahl,35518,62007
09377000,1991,0.4807,,,,,,,,FW,0.8051,Landratswahl,stichwahl,29839,62076
09377000,1996,0.7978,,,,,,,,FW,0.753,Landratswahl,hauptwahl,49614,62192
09377000,2002,0.7518,,,,,,,,FW,0.9766,Landratswahl,hauptwahl,46973,62481
09377000,2008,0.7247,0.4867,,,,,,,CSU,0.4867,Landratswahl,hauptwahl,44961,62038
09377000,2008,0.5748,,,,,,,,FW FREIE WÄHLER,0.5215,Landratswahl,stichwahl,35640,62001
09377000,2014,0.7003,,,,,,,,FW Freie Wähler,0.5162,Landratswahl,hauptwahl,42655,60912
09377000,2020,0.7122,0.5578,,,,,,,CSU,0.5578,Landratswahl,hauptwahl,42702,59956
09377000,2026,0.7476,0.4224,,,,,,,CSU,0.4224,Landratswahl,hauptwahl,43291,57906
09377000,2026,0.6249,,,,,,,,FREIE WÄHLER/Freie Wähler Kreisverband Tirschenreuth,0.5117,Landratswahl,stichwahl,36138,57829
09471000,1945,,,,,,,,,,,Landratswahl,hauptwahl,,
09471000,1945,,,,,,,,,,,Landratswahl,hauptwahl,,
09471000,1946,1,0.8864,,,,,,,CSU,0.8864,Landratswahl,hauptwahl,44,44
09471000,1948,1,0.95,,,,,,,CSU,0.95,Landratswahl,hauptwahl,40,40
09471000,1952,0.9247,0.7424,,,,,,,CSU/BHE/Überp. Liste,0.7424,Landratswahl,hauptwahl,45111,48783
09471000,1958,0.5736,0.9839,,,,,,,CSU,0.9839,Landratswahl,hauptwahl,29081,50696
09471000,1964,0.6907,0.6925,,,,,,,CSU,0.6925,Landratswahl,hauptwahl,38142,55221
09471000,1966,0.888,0.6254,,,,,,,CSU,0.6254,Landratswahl,hauptwahl,49470,55712
09471000,1972,0.806,0.977,,,,,,,CSU,0.977,Landratswahl,hauptwahl,56267,69811
09471000,1978,0.8227,0.7376,,,,,,,CSU,0.7376,Landratswahl,hauptwahl,68367,83101
09471000,1984,0.8245,0.7243,,,,,,,CSU,0.7243,Landratswahl,hauptwahl,72411,87820
09471000,1990,0.8249,0.6786,,,,,,,CSU,0.6786,Landratswahl,hauptwahl,77096,93457
09471000,1996,0.759,0.6721,,,,,,,CSU,0.6721,Landratswahl,hauptwahl,77712,102387
09471000,2002,0.7119,0.7294,,,,,,,CSU,0.7294,Landratswahl,hauptwahl,77581,108980
09471000,2008,0.6699,0.5354,,,,,,,CSU,0.5354,Landratswahl,hauptwahl,76066,113544
09471000,2014,0.6579,0.5666,,,,,,,CSU,0.5666,Landratswahl,hauptwahl,76774,116704
09471000,2020,0.6722,0.4946,,,,,,,CSU,0.4946,Landratswahl,hauptwahl,80152,119230
09471000,2020,0.6887,0.5863,,,,,,,CSU,0.5863,Landratswahl,stichwahl,82058,119156
09471000,2026,0.7317,0.5844,,,,,,,CSU,0.5844,Landratswahl,hauptwahl,86771,118595
09472000,1946,,,,,,,,,SPD,,Landratswahl,hauptwahl,,
09472000,1947,,,,,,,,,Wahlgem.,,Landratswahl,hauptwahl,,
09472000,1948,1,,0.6429,,,,,,SPD,0.6429,Landratswahl,hauptwahl,42,42
09472000,1952,0.8934,,0.4481,,,,,,SPD,0.4481,Landratswahl,hauptwahl,29029,32492
09472000,1952,1,,,,,,,,Wahlgem.,0.5778,Landratswahl,stichwahl,45,45
09472000,1958,0.8133,,,,,,,,Freie Wählergemeinschaft,0.6422,Landratswahl,hauptwahl,25368,31190
09472000,1964,0.8212,0.674,,,,,,,CSU/F.D.P./GDP/Wählergem.,0.674,Landratswahl,hauptwahl,26942,32808
09472000,1970,0.5096,0.9896,,,,,,,CSU/Wählergem./GDP,0.9896,Landratswahl,hauptwahl,16775,32918
09472000,1972,0.8421,0.6473,,,,,,,CSU,0.6473,Landratswahl,hauptwahl,58533,69512
09472000,1978,0.8675,0.6354,,,,,,,CSU,0.6354,Landratswahl,hauptwahl,61825,71267
09472000,1984,0.8483,0.7404,,,,,,,CSU,0.7404,Landratswahl,hauptwahl,63900,75327
09472000,1990,0.821,0.7018,,,,,,,CSU,0.7018,Landratswahl,hauptwahl,64203,78200
09472000,1996,0.7609,0.7182,,,,,,,CSU,0.7182,Landratswahl,hauptwahl,62717,82429
09472000,2002,0.7081,0.7386,,,,,,,CSU,0.7386,Landratswahl,hauptwahl,60376,85268
09472000,2008,0.692,0.5891,,,,,,,CSU,0.5891,Landratswahl,hauptwahl,59275,85660
09472000,2014,0.6699,0.6713,,,,,,,CSU,0.6713,Landratswahl,hauptwahl,57628,86028
09472000,2020,0.7016,0.4239,,,,,,,CSU,0.4239,Landratswahl,hauptwahl,60012,85533
09472000,2020,0.6667,,,,,,,,Freie Wählergemeinschaft Landkreis Bayreuth,0.51,Landratswahl,stichwahl,56982,85471
09472000,2026,0.7282,,,,,,,,Freie Wählergemeinschaft Landkreis Bayreuth,0.5249,Landratswahl,hauptwahl,61500,84454
09473000,1946,,,,,,,,,SPD,,Landratswahl,hauptwahl,,
09473000,1948,1,,0.5909,,,,,,SPD,0.5909,Landratswahl,hauptwahl,45,45
09473000,1952,0.8919,,0.6579,,,,,,SPD,0.6579,Landratswahl,hauptwahl,37708,42276
09473000,1958,0.6948,,0.8313,,,,,,SPD,0.8313,Landratswahl,hauptwahl,30424,43790
09473000,1964,0.7911,,0.5975,,,,,,SPD,0.5975,Landratswahl,hauptwahl,37585,47508
09473000,1970,0.7539,,0.568,,,,,,SPD,0.568,Landratswahl,hauptwahl,36215,48040
09473000,1972,0.806,,0.5082,,,,,,SPD,0.5082,Landratswahl,hauptwahl,48937,60714
09473000,1978,0.8494,,0.5097,,,,,,SPD,0.5097,Landratswahl,hauptwahl,52394,61681
09473000,1984,0.8047,,0.612,,,,,,SPD,0.612,Landratswahl,hauptwahl,52287,64978
09473000,1990,0.8,,0.5226,,,,,,SPD,0.5226,Landratswahl,hauptwahl,52461,65575
09473000,1996,0.7122,,0.6772,,,,,,SPD,0.6772,Landratswahl,hauptwahl,49403,69364
09473000,2002,0.6654,,0.6621,,,,,,SPD,0.6621,Landratswahl,hauptwahl,47452,71314
09473000,2008,0.6259,0.4877,,,,,,,CSU/LV,0.4877,Landratswahl,hauptwahl,45077,72014
09473000,2008,0.4857,,0.5252,,,,,,SPD,0.5252,Landratswahl,stichwahl,34942,71948
09473000,2014,0.6109,,0.6295,,,,,,SPD,0.6295,Landratswahl,hauptwahl,43706,71540
09473000,2019,0.459,0.4348,,,,,,,CSU/LV,0.4348,Landratswahl,hauptwahl,32761,71380
09473000,2019,0.4104,0.6245,,,,,,,CSU/LV,0.6245,Landratswahl,stichwahl,29258,71292
09473000,2026,0.67,0.6959,,,,,,,CSU/Landvolk,0.6959,Landratswahl,hauptwahl,46727,69739
09474000,1945,,,,,,,,,,,Landratswahl,hauptwahl,,
09474000,1948,1,0.7727,,,,,,,CSU,0.7727,Landratswahl,hauptwahl,44,44
09474000,1952,0.9047,0.7746,,,,,,,CSU,0.7746,Landratswahl,hauptwahl,24964,27593
09474000,1958,0.6191,0.9893,,,,,,,CSU,0.9893,Landratswahl,hauptwahl,16626,26857
09474000,1964,0.611,0.993,,,,,,,CSU,0.993,Landratswahl,hauptwahl,17242,28219
09474000,1970,0.541,0.9925,,,,,,,CSU,0.9925,Landratswahl,hauptwahl,15646,28918
09474000,1972,0.7967,0.9574,,,,,,,CSU,0.9574,Landratswahl,hauptwahl,47778,59973
09474000,1978,0.8436,0.6678,,,,,,,CSU,0.6678,Landratswahl,hauptwahl,54116,64146
09474000,1984,0.8159,0.8011,,,,,,,CSU,0.8011,Landratswahl,hauptwahl,58261,71407
09474000,1990,0.8151,0.588,,,,,,,CSU,0.588,Landratswahl,hauptwahl,62254,76379
09474000,1996,0.7552,0.4782,,,,,,,CSU,0.4782,Landratswahl,hauptwahl,61310,81189
09474000,1996,0.5432,,,,,,,,FW,0.5372,Landratswahl,stichwahl,44092,81177
09474000,2002,0.718,,,,,,,,FW/Unabhängige u.Freie Wähler,0.5367,Landratswahl,hauptwahl,61297,85374
09474000,2008,0.7076,,,,,,,,FREIE WÄHLER,0.5939,Landratswahl,hauptwahl,62630,88515
09474000,2014,0.6679,0.6874,,,,,,,CSU,0.6874,Landratswahl,hauptwahl,60865,91130
09474000,2020,0.6856,0.7657,,,,,,,CSU,0.7657,Landratswahl,hauptwahl,63915,93222
09474000,2026,0.7181,0.4186,,,,,,,CSU,0.4186,Landratswahl,hauptwahl,66454,92536
09474000,2026,0.5399,,,,,,,,FREIE WÄHLER,0.5062,Landratswahl,stichwahl,49882,92396
09475000,1945,,,,,,,,,,,Landratswahl,hauptwahl,,
09475000,1946,1,,0.9667,,,,,,SPD,0.9667,Landratswahl,hauptwahl,30,30
09475000,1948,1,0.5882,,,,,,,CSU/F.D.P./Flüchtlinge,0.5882,Landratswahl,hauptwahl,34,34
09475000,1952,0.8323,,,,,,,,Wahlbund,0.9968,Landratswahl,hauptwahl,18592,22339
09475000,1958,0.5024,,0.9904,,,,,,SPD/Wahlbund/Wählergem.,0.9904,Landratswahl,hauptwahl,11682,23254
09475000,1964,0.7129,,0.6123,,,,,,SPD,0.6123,Landratswahl,hauptwahl,16551,23218
09475000,1970,0.4504,,0.9941,,,,,,SPD,0.9941,Landratswahl,hauptwahl,10337,22950
09475000,1972,0.8301,,0.5034,,,,,,SPD/F.D.P.,0.5034,Landratswahl,hauptwahl,72734,87620
09475000,1978,0.8566,,0.5149,,,,,,SPD,0.5149,Landratswahl,hauptwahl,74310,86751
09475000,1984,0.8058,,0.6485,,,,,,SPD,0.6485,Landratswahl,hauptwahl,69529,86288
09475000,1990,0.8008,,0.6811,,,,,,SPD,0.6811,Landratswahl,hauptwahl,68316,85312
09475000,1996,0.7395,,0.5597,,,,,,SPD,0.5597,Landratswahl,hauptwahl,63956,86482
09475000,2002,0.6908,,0.5471,,,,,,SPD,0.5471,Landratswahl,hauptwahl,59525,86173
09475000,2008,0.6673,,0.5411,,,,,,SPD,0.5411,Landratswahl,hauptwahl,55746,83544
09475000,2014,0.6429,0.4993,,,,,,,CSU,0.4993,Landratswahl,hauptwahl,51616,80288
09475000,2014,0.5847,0.5197,,,,,,,CSU,0.5197,Landratswahl,stichwahl,46881,80185
09475000,2020,0.656,0.7315,,,,,,,CSU,0.7315,Landratswahl,hauptwahl,51423,78392
09475000,2026,0.7051,0.7497,,,,,,,CSU,0.7497,Landratswahl,hauptwahl,53090,75295
09476000,1945,,,,,,,,,,,Landratswahl,hauptwahl,,
09476000,1946,,,,,,,,,CSU,,Landratswahl,hauptwahl,,
09476000,1948,1,,0.5333,,,,,,SPD,0.5333,Landratswahl,hauptwahl,45,45
09476000,1952,0.9151,0.5353,,,,,,,CSU/BP/F.D.P./Verband Landgemeinden,0.5353,Landratswahl,hauptwahl,47746,52175
09476000,1958,0.7736,0.994,,,,,,,CSU/SPD/BHE/F.D.P.,0.994,Landratswahl,hauptwahl,40619,52504
09476000,1964,0.8244,0.6991,,,,,,,CSU/F.D.P./DP/BHE,0.6991,Landratswahl,hauptwahl,44227,53650
09476000,1970,0.6165,0.9894,,,,,,,CSU/SPD,0.9894,Landratswahl,hauptwahl,32884,53338
09476000,1972,0.8925,,0.5947,,,,,,SPD,0.5947,Landratswahl,hauptwahl,50322,56386
09476000,1978,0.8924,,0.7028,,,,,,SPD,0.7028,Landratswahl,hauptwahl,52260,58558
09476000,1984,0.8786,,0.5984,,,,,,SPD,0.5984,Landratswahl,hauptwahl,53108,60447
09476000,1989,0.7804,0.4999,,,,,,,CSU,0.4999,Landratswahl,hauptwahl,46798,59964
09476000,1989,0.8178,0.5192,,,,,,,CSU,0.5192,Landratswahl,stichwahl,49137,60084
09476000,1996,0.8041,0.6366,,,,,,,CSU,0.6366,Landratswahl,hauptwahl,48977,60908
09476000,1998,0.6688,,0.5733,,,,,,SPD,0.5733,Landratswahl,hauptwahl,40414,60427
09476000,2004,0.5502,,0.5724,,,,,,SPD,0.5724,Landratswahl,hauptwahl,33061,60091
09476000,2010,0.5726,,0.6617,,,,,,SPD,0.6617,Landratswahl,hauptwahl,33401,58334
09476000,2016,0.5273,0.6201,,,,,,,CSU,0.6201,Landratswahl,hauptwahl,29795,56503
09476000,2022,0.2623,0.9767,,,,,,,CSU,0.9767,Landratswahl,hauptwahl,14315,54582
09477000,1945,,,,,,,,,,,Landratswahl,hauptwahl,,
09477000,1947,1,0.6364,,,,,,,CSU/F.D.P.,0.6364,Landratswahl,hauptwahl,44,44
09477000,1947,1,0.6,,,,,,,CSU/F.D.P.,0.6,Landratswahl,hauptwahl,45,45
09477000,1948,1,1,,,,,,,CSU,1,Landratswahl,hauptwahl,39,39
09477000,1952,0.873,,,,,,,,Wählergem.,0.9774,Landratswahl,hauptwahl,21709,24866
09477000,1958,0.5268,,,,,,,,Wgem./CSU/F.D.P./BP/Berufsgruppen,0.9746,Landratswahl,hauptwahl,12447,23629
09477000,1964,0.7181,0.6304,,,,,,,CSU,0.6304,Landratswahl,hauptwahl,17379,24201
09477000,1970,0.729,0.6409,,,,,,,CSU/F.D.P./Wählergem.,0.6409,Landratswahl,hauptwahl,17320,23757
09477000,1972,0.7673,0.9625,,,,,,,CSU/Überp. Wählergem.,0.9625,Landratswahl,hauptwahl,44097,57471
09477000,1978,0.8199,0.9725,,,,,,,CSU/ÜWG,0.9725,Landratswahl,hauptwahl,46978,57295
09477000,1984,0.807,0.6763,,,,,,,CSU/ÜWG/WGK,0.6763,Landratswahl,hauptwahl,47148,58426
09477000,1990,0.7816,0.9583,,,,,,,CSU/WGK,0.9583,Landratswahl,hauptwahl,46166,59069
09477000,1996,0.7286,0.3732,,,,,,,CSU,0.3732,Landratswahl,hauptwahl,44985,61741
09477000,1996,0.5735,,,,,,,,ÜWG,0.6325,Landratswahl,stichwahl,35369,61669
09477000,2002,0.6843,,,,,,,,Freie Wähler/Wählergemeinschaft/CSU,0.7452,Landratswahl,hauptwahl,42886,62667
09477000,2008,0.6338,,,,,,,,Freie Wähler/Wählergemeinschaft/CSU,0.8022,Landratswahl,hauptwahl,39446,62235
09477000,2014,0.6047,,,,,,,,Freie Wähler/Wählergemeinschaft/CSU,0.964,Landratswahl,hauptwahl,36898,61020
09477000,2020,0.665,,,,,,,,Freie Wähler Kreisverband Kulmbach e.V./Wählergemeinschaft Kulmbach e.V./CSU/FDP,0.779,Landratswahl,hauptwahl,39760,59787
09477000,2026,0.7176,0.5123,,,,,,,CSU/Junge Union,0.5123,Landratswahl,hauptwahl,41583,57946
09478000,1945,,,,,,,,,,,Landratswahl,hauptwahl,,
09478000,1946,,,,,,,,,,,Landratswahl,hauptwahl,,
09478000,1946,,,,,,,,,,,Landratswahl,hauptwahl,,
09478000,1946,1,,,,,,,,kein Wahlvorschlag,0.7727,Landratswahl,hauptwahl,44,44
09478000,1946,1,,,,,,,,,0.9773,Landratswahl,hauptwahl,44,44
09478000,1948,1,,,,,,,,kein Wahlvorschlag,1,Landratswahl,hauptwahl,41,41
09478000,1952,0.8578,0.7038,,,,,,,CSU,0.7038,Landratswahl,hauptwahl,30883,36002
09478000,1958,0.5784,0.9892,,,,,,,CSU,0.9892,Landratswahl,hauptwahl,20574,35571
09478000,1963,0.7627,,0.5416,,,,,,SPD,0.5416,Landratswahl,hauptwahl,27975,36677
09478000,1969,0.7325,,0.7192,,,,,,SPD,0.7192,Landratswahl,hauptwahl,26548,36245
09478000,1972,0.8688,,0.5856,,,,,,SPD,0.5856,Landratswahl,hauptwahl,41157,47373
09478000,1978,0.7448,,0.5947,,,,,,SPD,0.5947,Landratswahl,hauptwahl,42273,56758
09478000,1981,0.6809,0.6747,,,,,,,CSU,0.6747,Landratswahl,hauptwahl,34243,50288
09478000,1987,0.487,0.7521,,,,,,,CSU,0.7521,Landratswahl,hauptwahl,24999,51333
09478000,1993,0.6286,0.4739,,,,,,,CSU,0.4739,Landratswahl,hauptwahl,33343,53044
09478000,1993,0.5876,0.5621,,,,,,,CSU,0.5621,Landratswahl,stichwahl,31143,53004
09478000,1999,0.3083,0.9757,,,,,,,CSU,0.9757,Landratswahl,hauptwahl,16756,54355
09478000,2005,0.7651,0.7255,,,,,,,CSU,0.7255,Landratswahl,hauptwahl,42767,55895
09478000,2011,0.4816,0.5933,,,,,,,CSU,0.5933,Landratswahl,hauptwahl,26782,55611
09478000,2017,0.7325,0.6611,,,,,,,CSU,0.6611,Landratswahl,hauptwahl,40507,55302
09478000,2023,0.6648,,,,,,,,Christlich-Soziale-Union,0.5449,Landratswahl,hauptwahl,36054,54235
09479000,1945,,,,,,,,,kein Wahlvorschlag,,Landratswahl,hauptwahl,,
09479000,1946,,,,,,,,,SPD,,Landratswahl,hauptwahl,,
09479000,1948,1,,0.5854,,,,,,SPD,0.5854,Landratswahl,hauptwahl,45,45
09479000,1952,0.8725,,0.5916,,,,,,SPD,0.5916,Landratswahl,hauptwahl,36080,41351
09479000,1953,0.7285,,0.5856,,,,,,SPD,0.5856,Landratswahl,hauptwahl,29943,41103
09479000,1959,0.5437,,0.9957,,,,,,SPD,0.9957,Landratswahl,hauptwahl,22564,41499
09479000,1965,0.877,,0.9904,,,,,,SPD,0.9904,Landratswahl,hauptwahl,35551,40538
09479000,1972,0.7949,,0.5356,,,,,,SPD,0.5356,Landratswahl,hauptwahl,60170,75692
09479000,1978,0.8269,,0.5387,,,,,,SPD,0.5387,Landratswahl,hauptwahl,60997,73764
09479000,1984,0.8032,,0.543,,,,,,SPD,0.543,Landratswahl,hauptwahl,58655,73023
09479000,1990,0.7934,,0.5479,,,,,,SPD/F.D.P.,0.5479,Landratswahl,hauptwahl,56289,70944
09479000,1996,0.7029,,0.6953,,,,,,SPD,0.6953,Landratswahl,hauptwahl,49343,70202
09479000,2002,0.6567,,0.5047,,,,,,SPD,0.5047,Landratswahl,hauptwahl,44562,67854
09479000,2008,0.6096,0.5285,,,,,,,CSU,0.5285,Landratswahl,hauptwahl,39410,64649
09479000,2014,0.5991,0.5904,,,,,,,CSU,0.5904,Landratswahl,hauptwahl,36857,61520
09479000,2020,0.6174,0.5361,,,,,,,CSU,0.5361,Landratswahl,hauptwahl,36542,59184
09479000,2026,0.6555,0.6033,,,,,,,CSU,0.6033,Landratswahl,hauptwahl,37115,56623
09571000,1945,,,,,,,,,,,Landratswahl,hauptwahl,,
09571000,1945,,,,,,,,,,,Landratswahl,hauptwahl,,
09571000,1946,1,0.9512,,,,,,,CSU,0.9512,Landratswahl,hauptwahl,41,41
09571000,1948,1,1,,,,,,,CSU,1,Landratswahl,hauptwahl,45,45
09571000,1952,0.8623,,,,,,,,CSU u.a./BHE,0.6965,Landratswahl,hauptwahl,28727,33315
09571000,1958,0.7049,,,,,,,,Überp. Wählergem.,0.6794,Landratswahl,hauptwahl,22602,32066
09571000,1964,0.5965,0.994,,,,,,,CSU/SPD/F.D.P./GDP/FWG,0.994,Landratswahl,hauptwahl,20192,33848
09571000,1970,0.6277,0.8126,,,,,,,CSU/FWG,0.8126,Landratswahl,hauptwahl,21346,34007
09571000,1972,0.7792,0.6119,,,,,,,CSU,0.6119,Landratswahl,hauptwahl,85956,110316
09571000,1978,0.8248,0.9693,,,,,,,CSU,0.9693,Landratswahl,hauptwahl,91868,111384
09571000,1984,0.8166,0.8638,,,,,,,CSU,0.8638,Landratswahl,hauptwahl,96328,117968
09571000,1990,0.8138,0.6274,,,,,,,CSU,0.6274,Landratswahl,hauptwahl,98751,121351
09571000,1996,0.7504,0.701,,,,,,,CSU,0.701,Landratswahl,hauptwahl,98076,130707
09571000,2002,0.7049,0.5162,,,,,,,CSU,0.5162,Landratswahl,hauptwahl,96828,137371
09571000,2008,0.6736,0.5935,,,,,,,CSU,0.5935,Landratswahl,hauptwahl,95136,141231
09571000,2012,0.4614,0.3868,,,,,,,CSU,0.3868,Landratswahl,hauptwahl,65616,142199
09571000,2012,0.3705,0.6027,,,,,,,CSU,0.6027,Landratswahl,stichwahl,52604,141979
09571000,2020,0.6324,0.4886,,,,,,,CSU,0.4886,Landratswahl,hauptwahl,93824,148373
09571000,2020,0.5941,0.5896,,,,,,,CSU,0.5896,Landratswahl,stichwahl,88193,148441
09571000,2026,0.6781,,,,,,,,FREIE WÄHLER/Freie Wähler Kreisverband Ansbach e.V.,0.4189,Landratswahl,hauptwahl,101059,149033
09571000,2026,0.5542,,,,,,,,FREIE WÄHLER/Freie Wähler Kreisverband Ansbach e.V.,0.7838,Landratswahl,stichwahl,82487,148837
09572000,1948,1,0.5217,,,,,,,CSU,0.5217,Landratswahl,hauptwahl,23,23
09572000,1952,0.8846,0.4786,,,,,,,CSU/BP/Part.lo. Mittelstand,0.4786,Landratswahl,hauptwahl,14743,16667
09572000,1952,1,,0.5769,,,,,,SPD,0.5769,Landratswahl,stichwahl,26,26
09572000,1952,0.645,,,,,,,,Fr. Bürg.- u. Mittelstandsbl.,0.353,Landratswahl,hauptwahl,10706,16598
09572000,1958,0.7698,,,,,,,,Fr. Bürg.- u. Mittelstandsbl.,0.5001,Landratswahl,hauptwahl,14762,19176
09572000,1964,0.6073,,,,,,,,Fr. Bürg.- u. Mittelstandsbl.,0.7803,Landratswahl,hauptwahl,13052,21493
09572000,1970,0.8371,0.6205,,,,,,,CSU/F.D.P/GDP/Fr. Bürg.- u. Mittelstandsbl.,0.6205,Landratswahl,hauptwahl,21903,26164
09572000,1972,0.8147,0.5071,,,,,,,CSU,0.5071,Landratswahl,hauptwahl,44301,54380
09572000,1978,0.8318,0.6776,,,,,,,CSU,0.6776,Landratswahl,hauptwahl,53277,64049
09572000,1978,0.5269,0.7043,,,,,,,CSU,0.7043,Landratswahl,hauptwahl,34207,64917
09572000,1984,0.7971,0.6691,,,,,,,CSU,0.6691,Landratswahl,hauptwahl,59343,74452
09572000,1990,0.7993,0.6715,,,,,,,CSU,0.6715,Landratswahl,hauptwahl,66212,82841
09572000,1996,0.7318,0.6376,,,,,,,CSU,0.6376,Landratswahl,hauptwahl,66876,91384
09572000,2002,0.6932,,0.4321,,,,,,SPD,0.4321,Landratswahl,hauptwahl,68042,98152
09572000,2002,0.5453,,0.5949,,,,,,SPD,0.5949,Landratswahl,stichwahl,53352,97836
09572000,2008,0.6846,,0.5609,,,,,,SPD,0.5609,Landratswahl,hauptwahl,70074,102362
09572000,2014,0.6332,0.381,,,,,,,CSU,0.381,Landratswahl,hauptwahl,67267,106234
09572000,2014,0.4935,0.5308,,,,,,,CSU,0.5308,Landratswahl,stichwahl,52356,106093
09572000,2020,0.6621,0.5639,,,,,,,CSU,0.5639,Landratswahl,hauptwahl,72214,109072
09572000,2026,0.7107,0.4612,,,,,,,CSU,0.4612,Landratswahl,hauptwahl,78102,109896
09572000,2026,0.5517,0.6782,,,,,,,CSU,0.6782,Landratswahl,stichwahl,60548,109747
09573000,1948,1,,,,,,,,Parteilos,0.5385,Landratswahl,hauptwahl,39,39
09573000,1952,0.8831,0.5915,,,,,,,CSU/F.D.P.,0.5915,Landratswahl,hauptwahl,31064,35175
09573000,1958,0.7314,,0.5045,,,,,,SPD,0.5045,Landratswahl,hauptwahl,28856,39451
09573000,1964,0.581,,0.9934,,,,,,SPD,0.9934,Landratswahl,hauptwahl,26071,44875
09573000,1970,0.6518,,0.7043,,,,,,SPD,0.7043,Landratswahl,hauptwahl,33742,51769
09573000,1972,0.835,,0.6105,,,,,,SPD,0.6105,Landratswahl,hauptwahl,43541,52142
09573000,1978,0.8088,,0.5978,,,,,,SPD,0.5978,Landratswahl,hauptwahl,51562,63749
09573000,1984,0.7922,,0.5965,,,,,,SPD,0.5965,Landratswahl,hauptwahl,56191,70929
09573000,1990,0.7803,,0.4719,,,,,,SPD,0.4719,Landratswahl,hauptwahl,59425,76161
09573000,1990,0.6235,0.5042,,,,,,,CSU,0.5042,Landratswahl,stichwahl,47509,76200
09573000,1996,0.6957,0.5931,,,,,,,CSU,0.5931,Landratswahl,hauptwahl,57408,82514
09573000,2002,0.6716,0.6542,,,,,,,CSU,0.6542,Landratswahl,hauptwahl,58391,86947
09573000,2008,0.6349,0.5031,,,,,,,CSU,0.5031,Landratswahl,hauptwahl,57339,90310
09573000,2014,0.5996,0.6823,,,,,,,CSU,0.6823,Landratswahl,hauptwahl,56028,93440
09573000,2020,0.6159,0.6641,,,,,,,CSU,0.6641,Landratswahl,hauptwahl,59347,96362
09573000,2023,0.4528,,,,,,,,Christlich-Soziale Union,0.5609,Landratswahl,hauptwahl,43558,96203
09574000,1945,,,,,,,,,,,Landratswahl,hauptwahl,,
09574000,1946,1,,1,,,,,,SPD,1,Landratswahl,hauptwahl,39,39
09574000,1948,1,,,,0.525,,,,F.D.P.,0.525,Landratswahl,hauptwahl,40,40
09574000,1952,0.8983,,0.3778,,,,,,SPD,0.3778,Landratswahl,hauptwahl,26557,29562
09574000,1952,1,,,,,,,,BHE/Fr. Wgem.,0.5455,Landratswahl,stichwahl,45,45
09574000,1958,0.724,0.6628,,,,,,,CSU,0.6628,Landratswahl,hauptwahl,22829,31532
09574000,1964,0.6785,0.6458,,,,,,,CSU,0.6458,Landratswahl,hauptwahl,23692,34917
09574000,1970,0.6781,0.5218,,,,,,,CSU/FWG,0.5218,Landratswahl,hauptwahl,24792,36560
09574000,1972,0.8103,0.5623,,,,,,,CSU/FWG,0.5623,Landratswahl,hauptwahl,76153,93983
09574000,1978,0.807,0.6134,,,,,,,CSU/FWG,0.6134,Landratswahl,hauptwahl,83487,103458
09574000,1984,0.769,0.5792,,,,,,,CSU/FWG,0.5792,Landratswahl,hauptwahl,85223,110820
09574000,1990,0.7623,0.6129,,,,,,,CSU,0.6129,Landratswahl,hauptwahl,89856,117868
09574000,1996,0.7067,,,,,,,,FWG,0.3623,Landratswahl,hauptwahl,87920,124412
09574000,1996,0.5347,,,,,,,,FWG,0.6211,Landratswahl,stichwahl,66437,124260
09574000,2002,0.6607,,,,,,,,FW,0.6659,Landratswahl,hauptwahl,84741,128257
09574000,2008,0.6467,0.3751,,,,,,,CSU,0.3751,Landratswahl,hauptwahl,84460,130594
09574000,2008,0.4769,,,,,,,,FW Freie Wähler e.V.,0.598,Landratswahl,stichwahl,62213,130455
09574000,2014,0.6063,,,,,,,,FW Freie Wähler e.V.,0.5752,Landratswahl,hauptwahl,80823,133300
09574000,2020,0.638,,,,,,,,FREIE WÄHLER/Freie Wähler Nürnberger Land,0.6442,Landratswahl,hauptwahl,87085,136502
09574000,2026,0.6919,,,,,,,,FREIE WÄHLER/Freie Wähler Nürnberger Land,0.5125,Landratswahl,hauptwahl,93895,135711
09575000,1945,,,,,,,,,,,Landratswahl,hauptwahl,,
09575000,1946,1,,,,,,,,,0.9459,Landratswahl,hauptwahl,37,37
09575000,1948,1,,,,,,,,Parteilos,0.5227,Landratswahl,hauptwahl,44,44
09575000,1952,0.8679,0.5961,,,,,,,CSU,0.5961,Landratswahl,hauptwahl,24782,28554
09575000,1958,0.7489,,,,,,,,GB/F.D.P./Part.lo. Bl.,0.5525,Landratswahl,hauptwahl,20631,27549
09575000,1964,0.5842,0.9896,,,,,,,CSU/GDP,0.9896,Landratswahl,hauptwahl,16584,28386
09575000,1970,0.7758,0.6347,,,,,,,CSU,0.6347,Landratswahl,hauptwahl,21679,27944
09575000,1972,0.8468,0.5825,,,,,,,CSU,0.5825,Landratswahl,hauptwahl,50861,60066
09575000,1977,0.5564,0.8016,,,,,,,CSU,0.8016,Landratswahl,hauptwahl,34682,62330
09575000,1983,0.8578,0.8671,,,,,,,CSU,0.8671,Landratswahl,hauptwahl,56638,66025
09575000,1989,0.5681,0.6362,,,,,,,CSU,0.6362,Landratswahl,hauptwahl,37989,66870
09575000,1995,0.5919,0.5395,,,,,,,CSU,0.5395,Landratswahl,hauptwahl,42016,70981
09575000,2002,0.7235,0.4143,,,,,,,CSU,0.4143,Landratswahl,hauptwahl,54887,75862
09575000,2002,0.5765,,,,,,,,FWG/UWG,0.5897,Landratswahl,stichwahl,43692,75782
09575000,2008,0.7006,,,,,,,,FWG/UWG,0.5897,Landratswahl,hauptwahl,54602,77939
09575000,2014,0.6634,0.446,,,,,,,CSU,0.446,Landratswahl,hauptwahl,52505,79146
09575000,2014,0.5514,0.5149,,,,,,,CSU,0.5149,Landratswahl,stichwahl,43607,79087
09575000,2020,0.657,0.7348,,,,,,,CSU,0.7348,Landratswahl,hauptwahl,53383,81253
09575000,2024,0.6574,,,,,,,,Christlich-Soziale Union,0.4754,Landratswahl,hauptwahl,53669,81638
09575000,2024,0.5167,,,,,,,,Christlich-Soziale Union,0.5224,Landratswahl,stichwahl,42122,81523
09576000,1972,0.8447,0.6045,,,,,,,CSU/FW,0.6045,Landratswahl,hauptwahl,51430,60889
09576000,1978,0.8354,0.5842,,,,,,,CSU,0.5842,Landratswahl,hauptwahl,57190,68460
09576000,1979,0.6412,0.6403,,,,,,,CSU,0.6403,Landratswahl,hauptwahl,44503,69405
09576000,1984,0.4189,0.8945,,,,,,,CSU,0.8945,Landratswahl,hauptwahl,32086,76600
09576000,1990,0.7968,0.9569,,,,,,,CSU,0.9569,Landratswahl,hauptwahl,65213,81842
09576000,1993,0.5614,0.383,,,,,,,CSU,0.383,Landratswahl,hauptwahl,48586,86550
09576000,1993,0.5159,,0.5142,,,,,,SPD,0.5142,Landratswahl,stichwahl,44651,86550
09576000,1999,0.5456,,0.7005,,,,,,SPD,0.7005,Landratswahl,hauptwahl,49800,91279
09576000,2005,0.81,,0.7175,,,,,,SPD,0.7175,Landratswahl,hauptwahl,78088,96402
09576000,2011,0.4648,,0.7621,,,,,,SPD,0.7621,Landratswahl,hauptwahl,45566,98036
09576000,2017,0.7407,,0.9625,,,,,,SPD,0.9625,Landratswahl,hauptwahl,74628,100758
09576000,2023,0.4755,,0.4941,,,,,,SPD/GRÜNE,0.4941,Landratswahl,hauptwahl,48678,102378
09576000,2023,0.4301,,0.6386,,,,,,SPD/GRÜNE,0.6386,Landratswahl,stichwahl,43958,102208
09577000,1945,,,,,,,,,,,Landratswahl,hauptwahl,,
09577000,1946,1,,,,,,,,CSU,,Landratswahl,hauptwahl,45,45
09577000,1948,1,0.5556,,,,,,,CSU,0.5556,Landratswahl,hauptwahl,45,45
09577000,1952,0.8532,0.9696,,,,,,,CSU/BP/F.D.P.,0.9696,Landratswahl,hauptwahl,21405,25087
09577000,1958,0.6484,0.9906,,,,,,,CSU,0.9906,Landratswahl,hauptwahl,14378,22174
09577000,1959,0.692,0.5393,,,,,,,CSU,0.5393,Landratswahl,hauptwahl,16803,24282
09577000,1965,0.732,0.7229,,,,,,,CSU,0.7229,Landratswahl,hauptwahl,18395,25129
09577000,1971,0.337,0.9777,,,,,,,CSU,0.9777,Landratswahl,hauptwahl,9021,26765
09577000,1972,0.8519,,,,,,,,Unabhängige Wählergemeinschaft/Unabhängiger Block,0.5479,Landratswahl,hauptwahl,50157,58876
09577000,1978,0.8259,0.9482,,,,,,,CSU,0.9482,Landratswahl,hauptwahl,52677,63779
09577000,1984,0.814,0.7377,,,,,,,CSU,0.7377,Landratswahl,hauptwahl,53508,65737
09577000,1990,0.7893,0.6462,,,,,,,CSU,0.6462,Landratswahl,hauptwahl,53165,67354
09577000,1996,0.7448,0.5492,,,,,,,CSU,0.5492,Landratswahl,hauptwahl,52413,70370
09577000,2002,0.6944,0.5892,,,,,,,CSU,0.5892,Landratswahl,hauptwahl,50373,72544
09577000,2008,0.6542,0.5323,,,,,,,CSU,0.5323,Landratswahl,hauptwahl,48113,73542
09577000,2011,0.4666,0.5118,,,,,,,CSU,0.5118,Landratswahl,hauptwahl,34290,73484
09577000,2020,0.6195,0.6368,,,,,,,CSU,0.6368,Landratswahl,hauptwahl,46760,75483
09577000,2026,0.6727,,,,,,,,FREIE WÄHLER/FW Freie Wähler Weißenburg-Gunzenhausen/SPD/GRÜNE/ÖDP/FDP,0.4427,Landratswahl,hauptwahl,50763,75456
09577000,2026,0.5591,,,,,,,,FREIE WÄHLER/Freie Wähler Weißenburg-Gunzenhausen/SPD/GRÜNE/ÖDP/FDP,0.6092,Landratswahl,stichwahl,42130,75358
09671000,1946,,,,,,,,,CSU,,Landratswahl,hauptwahl,,
09671000,1948,,,,,,,,,CSU,,Landratswahl,hauptwahl,,
09671000,1948,0.9778,0.6364,,,,,,,CSU,0.6364,Landratswahl,hauptwahl,44,45
09671000,1952,0.8871,,0.4327,,,,,,SPD,0.4327,Landratswahl,hauptwahl,33526,37794
09671000,1952,1,0.5333,,,,,,,CSU,0.5333,Landratswahl,stichwahl,45,45
09671000,1957,0.4085,0.9775,,,,,,,CSU,0.9775,Landratswahl,hauptwahl,16742,40985
09671000,1963,0.4092,0.9892,,,,,,,CSU,0.9892,Landratswahl,hauptwahl,19006,46444
09671000,1969,0.5789,0.6702,,,,,,,CSU,0.6702,Landratswahl,hauptwahl,29049,50177
09671000,1972,0.8316,0.5947,,,,,,,CSU,0.5947,Landratswahl,hauptwahl,78977,94974
09671000,1978,0.7516,0.9722,,,,,,,CSU,0.9722,Landratswahl,hauptwahl,83100,110565
09671000,1984,0.7734,0.6529,,,,,,,CSU,0.6529,Landratswahl,hauptwahl,86516,111863
09671000,1990,0.7641,0.6065,,,,,,,CSU,0.6065,Landratswahl,hauptwahl,91003,119098
09671000,1996,0.6825,0.677,,,,,,,CSU,0.677,Landratswahl,hauptwahl,86090,126134
09671000,2002,0.6318,0.5806,,,,,,,CSU,0.5806,Landratswahl,hauptwahl,83567,132275
09671000,2008,0.6277,0.687,,,,,,,CSU,0.687,Landratswahl,hauptwahl,85612,136393
09671000,2014,0.5495,0.6963,,,,,,,CSU,0.6963,Landratswahl,hauptwahl,76271,138804
09671000,2020,0.6109,0.5811,,,,,,,CSU,0.5811,Landratswahl,hauptwahl,84933,139024
09671000,2026,0.6625,0.6341,,,,,,,CSU,0.6341,Landratswahl,hauptwahl,90933,137265
09672000,1945,,,,,,,,,Parteilos,,Landratswahl,hauptwahl,,
09672000,1945,,,,,,,,,CSU,,Landratswahl,hauptwahl,,
09672000,1946,,1,,,,,,,CSU,1,Landratswahl,hauptwahl,,
09672000,1948,1,1,,,,,,,CSU,1,Landratswahl,hauptwahl,43,43
09672000,1952,0.8939,0.848,,,,,,,CSU,0.848,Landratswahl,hauptwahl,23700,26513
09672000,1958,0.5977,0.984,,,,,,,CSU,0.984,Landratswahl,hauptwahl,15480,25900
09672000,1964,0.5831,0.9335,,,,,,,CSU,0.9335,Landratswahl,hauptwahl,16286,27931
09672000,1969,0.8136,,,,,,,,Unabh. Chr. Wver.,0.416,Landratswahl,hauptwahl,23279,28613
09672000,1969,0.7681,,,,,,,,Unabh. Chr. Wver.,0.6125,Landratswahl,stichwahl,21979,28613
09672000,1972,0.7845,0.9528,,,,,,,CSU/Unabh. Chr. Wgem./Part.lo. Wgr./UdV/Wgem./GDP/Chr. Wgem./Chr. Bürg,0.9528,Landratswahl,hauptwahl,55456,70686
09672000,1978,0.8347,0.6464,,,,,,,CSU,0.6464,Landratswahl,hauptwahl,61382,73535
09672000,1984,0.8189,0.9235,,,,,,,CSU,0.9235,Landratswahl,hauptwahl,63366,77384
09672000,1990,0.8217,0.6998,,,,,,,CSU,0.6998,Landratswahl,hauptwahl,65290,79459
09672000,1996,0.7605,0.7517,,,,,,,CSU,0.7517,Landratswahl,hauptwahl,63883,83998
09672000,2002,0.7296,0.6179,,,,,,,CSU,0.6179,Landratswahl,hauptwahl,62343,85454
09672000,2008,0.6716,0.534,,,,,,,CSU,0.534,Landratswahl,hauptwahl,57948,86280
09672000,2014,0.6382,0.9263,,,,,,,CSU,0.9263,Landratswahl,hauptwahl,54548,85472
09672000,2020,0.646,0.6048,,,,,,,CSU,0.6048,Landratswahl,hauptwahl,55138,85359
09672000,2026,0.6788,0.7453,,,,,,,CSU,0.7453,Landratswahl,hauptwahl,56854,83762
09673000,1945,,,,,,,,,,,Landratswahl,hauptwahl,,
09673000,1945,,,,,,,,,,,Landratswahl,hauptwahl,,
09673000,1946,,,,,,,,,CSU,,Landratswahl,hauptwahl,,
09673000,1947,,,,,,,,,,,Landratswahl,hauptwahl,,
09673000,1947,,0.64,,,,,,,CSU,0.64,Landratswahl,hauptwahl,,
09673000,1948,1,0.6875,,,,,,,CSU,0.6875,Landratswahl,hauptwahl,33,33
09673000,1952,0.8922,,,,,,,,Christliche Wählergemeinschaft Land und Stadt,0.413,Landratswahl,hauptwahl,18660,20914
09673000,1952,0.6917,0.4871,,,,,,,CSU,0.4871,Landratswahl,hauptwahl,14399,20817
09673000,1952,0.9697,0.5333,,,,,,,CSU,0.5333,Landratswahl,hauptwahl,32,33
09673000,1955,,0.552,,,,,,,CSU,0.552,Landratswahl,hauptwahl,16811,
09673000,1957,0.5876,0.9718,,,,,,,CSU,0.9718,Landratswahl,hauptwahl,12251,20849
09673000,1963,0.8193,0.5117,,,,,,,CSU,0.5117,Landratswahl,hauptwahl,18693,22816
09673000,1968,0.4859,0.9886,,,,,,,CSU,0.9886,Landratswahl,hauptwahl,11055,22753
09673000,1972,0.8459,,,,,,,,Freie Wählergemeinschaft,0.5288,Landratswahl,hauptwahl,45159,53385
09673000,1976,0.7894,,,,,,,,Freie Wählergemeinschaft,0.563,Landratswahl,hauptwahl,42412,53729
09673000,1982,0.4726,0.9848,,,,,,,CSU,0.9848,Landratswahl,hauptwahl,27494,58172
09673000,1988,0.5884,0.6881,,,,,,,CSU,0.6881,Landratswahl,hauptwahl,35175,59780
09673000,1994,0.6369,0.5891,,,,,,,CSU,0.5891,Landratswahl,hauptwahl,40282,63246
09673000,1997,0.4397,0.695,,,,,,,CSU,0.695,Landratswahl,hauptwahl,28276,64310
09673000,2003,0.4864,0.6927,,,,,,,CSU,0.6927,Landratswahl,hauptwahl,31880,65549
09673000,2008,0.6864,0.8993,,,,,,,CSU,0.8993,Landratswahl,hauptwahl,45175,65814
09673000,2014,0.6371,0.6929,,,,,,,CSU,0.6929,Landratswahl,hauptwahl,41663,65392
09673000,2020,0.6661,0.6369,,,,,,,CSU,0.6369,Landratswahl,hauptwahl,43002,64560
09673000,2026,0.716,,,,,,,,FREIE WÄHLER/Freie Wähler Rhön-Grabfeld e.V.,0.5056,Landratswahl,hauptwahl,45189,63110
09674000,1972,0.8499,0.9551,,,,,,,CSU,0.9551,Landratswahl,hauptwahl,45923,54031
09674000,1978,0.8559,0.9621,,,,,,,CSU,0.9621,Landratswahl,hauptwahl,49276,57573
09674000,1984,0.8226,0.9568,,,,,,,CSU,0.9568,Landratswahl,hauptwahl,50162,60980
09674000,1990,0.8423,0.6461,,,,,,,CSU,0.6461,Landratswahl,hauptwahl,52917,62822
09674000,1996,0.7746,0.9552,,,,,,,CSU,0.9552,Landratswahl,hauptwahl,50910,65721
09674000,2002,0.7207,0.9535,,,,,,,CSU,0.9535,Landratswahl,hauptwahl,49206,68276
09674000,2008,0.706,0.5029,,,,,,,CSU,0.5029,Landratswahl,hauptwahl,48651,68913
09674000,2014,0.693,0.3693,,,,,,,CSU,0.3693,Landratswahl,hauptwahl,47869,69080
09674000,2014,0.5998,0.5358,,,,,,,CSU,0.5358,Landratswahl,stichwahl,41385,68995
09674000,2020,0.6731,0.682,,,,,,,CSU,0.682,Landratswahl,hauptwahl,46685,69354
09674000,2026,0.7211,0.6495,,,,,,,CSU,0.6495,Landratswahl,hauptwahl,49095,68083
09675000,1945,,,,,,,,,,,Landratswahl,hauptwahl,,
09675000,1945,,,,,,,,,,,Landratswahl,hauptwahl,,
09675000,1946,,,,,,,,,,,Landratswahl,hauptwahl,,
09675000,1948,1,0.6977,,,,,,,CSU,0.6977,Landratswahl,hauptwahl,43,43
09675000,1952,0.8725,0.7553,,,,,,,CSU,0.7553,Landratswahl,hauptwahl,22689,26005
09675000,1958,0.5692,0.9924,,,,,,,CSU,0.9924,Landratswahl,hauptwahl,13629,23946
09675000,1964,0.5402,0.9929,,,,,,,CSU,0.9929,Landratswahl,hauptwahl,13117,24281
09675000,1970,0.7051,,,,,,,,FCW,0.4517,Landratswahl,hauptwahl,16825,23861
09675000,1970,0.7794,,,,,,,,FCW,0.5931,Landratswahl,stichwahl,18570,23827
09675000,1972,0.8106,,,,,,,,FCW/Landgem.,0.7052,Landratswahl,hauptwahl,43733,53951
09675000,1978,0.8006,0.6195,,,,,,,CSU,0.6195,Landratswahl,hauptwahl,45814,57222
09675000,1984,0.7875,0.5515,,,,,,,CSU/F.D.P.,0.5515,Landratswahl,hauptwahl,47824,60731
09675000,1990,0.7856,0.7293,,,,,,,CSU/F.D.P.,0.7293,Landratswahl,hauptwahl,48552,61804
09675000,1996,0.7237,0.7198,,,,,,,CSU,0.7198,Landratswahl,hauptwahl,46698,64525
09675000,2000,0.5782,,,,,,,,FW,0.5912,Landratswahl,hauptwahl,38309,66258
09675000,2006,0.2749,,,,,,,,FW,0.9763,Landratswahl,hauptwahl,18978,69024
09675000,2012,0.3886,,,,,,,,FREIE WÄHLER,0.8569,Landratswahl,hauptwahl,27532,70848
09675000,2020,0.6459,,,,,,,,FREIE WÄHLER/FW-Kreisverband Kitzingen,0.7442,Landratswahl,hauptwahl,47285,73212
09675000,2026,0.6737,,,,,,,,FREIE WÄHLER/Freie Wähler-Kreisverband Kitzingen,0.643,Landratswahl,hauptwahl,49567,73578
09676000,1948,,,,,,,,,SPD/Freie Bürgerliste/Partei der Flüchtlinge u.Evakuierten,,Landratswahl,hauptwahl,,36
09676000,1952,0.8731,,,,,,,,BHE/Wgr.,0.5181,Landratswahl,hauptwahl,20069,22987
09676000,1955,0.6954,0.5987,,,,,,,CSU,0.5987,Landratswahl,hauptwahl,15660,22519
09676000,1961,0.5344,0.9895,,,,,,,CSU,0.9895,Landratswahl,hauptwahl,12612,23600
09676000,1967,0.486,0.9735,,,,,,,CSU,0.9735,Landratswahl,hauptwahl,11838,24358
09676000,1972,0.8315,0.9455,,,,,,,CSU,0.9455,Landratswahl,hauptwahl,57351,68976
09676000,1978,0.8262,0.9434,,,,,,,CSU,0.9434,Landratswahl,hauptwahl,62837,76059
09676000,1984,0.7998,0.8548,,,,,,,CSU,0.8548,Landratswahl,hauptwahl,64603,80778
09676000,1986,0.7683,0.577,,,,,,,CSU,0.577,Landratswahl,hauptwahl,63628,82816
09676000,1990,0.8128,0.5884,,,,,,,CSU,0.5884,Landratswahl,hauptwahl,69290,85245
09676000,1996,0.7684,0.6625,,,,,,,CSU,0.6625,Landratswahl,hauptwahl,70052,91167
09676000,2002,0.6892,0.7028,,,,,,,CSU,0.7028,Landratswahl,hauptwahl,66290,96178
09676000,2008,0.6519,0.6589,,,,,,,CSU,0.6589,Landratswahl,hauptwahl,64340,98699
09676000,2014,0.6009,0.4754,,,,,,,CSU,0.4754,Landratswahl,hauptwahl,59763,99462
09676000,2014,0.4444,,0.5005,,,,,,SPD/GRÜNE/ÖDP,0.5005,Landratswahl,stichwahl,44167,99378
09676000,2020,0.6179,,,0.6929,,,,,GRÜNE,0.6929,Landratswahl,hauptwahl,61948,100253
09676000,2026,0.6738,0.5115,,,,,,,CSU/Neue MITTE Landkreis Miltenberg e.V.,0.5115,Landratswahl,hauptwahl,67043,99503
09677000,1972,0.8109,0.6189,,,,,,,CSU,0.6189,Landratswahl,hauptwahl,69401,85588
09677000,1978,0.8595,0.9157,,,,,,,CSU/FWG,0.9157,Landratswahl,hauptwahl,74532,86716
09677000,1984,0.8534,,,,,,,,Fr. Bürg.gem./FW/Fr. Bürg.ver.,0.5113,Landratswahl,hauptwahl,77862,91238
09677000,1990,0.8331,,,,,,,,FW,0.9703,Landratswahl,hauptwahl,79045,94875
09677000,1996,0.7815,,,,,,,,FW,0.6186,Landratswahl,hauptwahl,77629,99331
09677000,2002,0.7209,,,,,,,,FW,0.4923,Landratswahl,hauptwahl,73488,101945
09677000,2002,0.5685,,,,,,,,FW,0.5618,Landratswahl,stichwahl,57934,101915
09677000,2008,0.7061,,,,,,,,FW FREIE WÄHLER e.V.,0.4138,Landratswahl,hauptwahl,73158,103614
09677000,2008,0.5756,,,,,,,,FW FREIE WÄHLER e.V.,0.7195,Landratswahl,stichwahl,59580,103513
09677000,2014,0.6739,,,,,,,,FW Freie Wähler Kreisverband e.V.,0.5533,Landratswahl,hauptwahl,69588,103264
09677000,2020,0.6713,0.4464,,,,,,,CSU,0.4464,Landratswahl,hauptwahl,69109,102953
09677000,2020,0.6285,0.603,,,,,,,CSU,0.603,Landratswahl,stichwahl,64643,102861
09677000,2026,0.7018,0.4166,,,,,,,CSU,0.4166,Landratswahl,hauptwahl,70859,100971
09677000,2026,0.5545,,,,,,,,FREIE WÄHLER/Freie Wähler Main-Spessart,0.5983,Landratswahl,stichwahl,55917,100834
09678000,1946,,,,,,,,,CSU,,Landratswahl,hauptwahl,,
09678000,1948,,0.6889,,,,,,,CSU,0.6889,Landratswahl,hauptwahl,45,
09678000,1952,0.9018,0.5569,,,,,,,CSU/BP,0.5569,Landratswahl,hauptwahl,32352,35875
09678000,1958,0.7596,0.6812,,,,,,,CSU,0.6812,Landratswahl,hauptwahl,28364,37341
09678000,1964,0.6013,0.9929,,,,,,,CSU,0.9929,Landratswahl,hauptwahl,24446,40653
09678000,1970,0.5103,0.9927,,,,,,,CSU,0.9927,Landratswahl,hauptwahl,22005,43124
09678000,1972,0.8281,0.9764,,,,,,,CSU,0.9764,Landratswahl,hauptwahl,54700,66057
09678000,1977,0.3254,0.9776,,,,,,,CSU,0.9776,Landratswahl,hauptwahl,22906,70388
09678000,1982,0.811,0.9729,,,,,,,CSU,0.9729,Landratswahl,hauptwahl,63410,78190
09678000,1988,0.4796,0.6855,,,,,,,CSU,0.6855,Landratswahl,hauptwahl,39087,81500
09678000,1994,0.8203,0.5489,,,,,,,CSU,0.5489,Landratswahl,hauptwahl,70377,85795
09678000,2000,0.4029,0.6637,,,,,,,CSU,0.6637,Landratswahl,hauptwahl,35709,88636
09678000,2006,0.2156,0.9559,,,,,,,CSU,0.9559,Landratswahl,hauptwahl,19685,91302
09678000,2012,0.4232,,0.5771,,,,,,SPD/GRÜNE,0.5771,Landratswahl,hauptwahl,38975,92103
09678000,2020,0.6672,,0.7346,,,,,,SPD,0.7346,Landratswahl,hauptwahl,62228,93265
09678000,2026,0.6989,,0.592,,,,,,SPD,0.592,Landratswahl,hauptwahl,63861,91377
09679000,1945,,,,,,,,,,,Landratswahl,hauptwahl,,
09679000,1946,,,,,,,,,,0.9394,Landratswahl,hauptwahl,,41
09679000,1948,,0.6222,,,,,,,CSU/SPD,0.6222,Landratswahl,hauptwahl,45,
09679000,1949,,,,,,,,,CSU/F.D.P.,,Landratswahl,hauptwahl,,
09679000,1952,0.8825,,0.9844,,,,,,SPD/CSU/BHE,0.9844,Landratswahl,hauptwahl,37173,42123
09679000,1958,0.6195,0.9948,,,,,,,CSU/SPD/BHE/Unabh. Wgem.,0.9948,Landratswahl,hauptwahl,26423,42649
09679000,1964,0.5638,0.9922,,,,,,,CSU/GDP,0.9922,Landratswahl,hauptwahl,26503,47009
09679000,1970,0.4381,0.9908,,,,,,,CSU/UWG,0.9908,Landratswahl,hauptwahl,22633,51662
09679000,1972,0.8292,0.9729,,,,,,,CSU/UWG,0.9729,Landratswahl,hauptwahl,77388,93334
09679000,1978,0.8509,0.5737,,,,,,,CSU,0.5737,Landratswahl,hauptwahl,79499,93427
09679000,1984,0.8253,0.953,,,,,,,CSU,0.953,Landratswahl,hauptwahl,85070,103078
09679000,1990,0.8258,0.5997,,,,,,,CSU,0.5997,Landratswahl,hauptwahl,90143,109156
09679000,1996,0.77,0.4789,,,,,,,CSU,0.4789,Landratswahl,hauptwahl,88823,115353
09679000,1996,0.4782,0.6746,,,,,,,CSU,0.6746,Landratswahl,stichwahl,55195,115423
09679000,2002,0.7267,0.6194,,,,,,,CSU,0.6194,Landratswahl,hauptwahl,88368,121598
09679000,2008,0.6952,0.4572,,,,,,,CSU,0.4572,Landratswahl,hauptwahl,87872,126391
09679000,2008,0.4154,0.6194,,,,,,,CSU,0.6194,Landratswahl,stichwahl,52454,126275
09679000,2014,0.6684,0.5858,,,,,,,CSU,0.5858,Landratswahl,hauptwahl,86421,129295
09679000,2020,0.6825,0.4286,,,,,,,CSU,0.4286,Landratswahl,hauptwahl,89456,131074
09679000,2020,0.6439,0.642,,,,,,,CSU,0.642,Landratswahl,stichwahl,84318,130940
09679000,2026,0.7215,0.431,,,,,,,CSU,0.431,Landratswahl,hauptwahl,93821,130043
09679000,2026,0.5445,0.578,,,,,,,CSU,0.578,Landratswahl,stichwahl,70689,129817
09771000,1972,0.8288,0.7102,,,,,,,CSU,0.7102,Landratswahl,hauptwahl,46481,56084
09771000,1978,0.807,0.7337,,,,,,,CSU,0.7337,Landratswahl,hauptwahl,51869,64274
09771000,1984,0.7729,0.7359,,,,,,,CSU,0.7359,Landratswahl,hauptwahl,56473,73066
09771000,1989,0.6852,0.6335,,,,,,,CSU,0.6335,Landratswahl,hauptwahl,53539,78133
09771000,1996,0.7111,0.5123,,,,,,,CSU,0.5123,Landratswahl,hauptwahl,61296,86199
09771000,2002,0.6723,0.5644,,,,,,,CSU,0.5644,Landratswahl,hauptwahl,62216,92542
09771000,2008,0.6424,0.6225,,,,,,,CSU,0.6225,Landratswahl,hauptwahl,62579,97414
09771000,2014,0.5971,0.4576,,,,,,,CSU,0.4576,Landratswahl,hauptwahl,61010,102176
09771000,2014,0.4427,0.5033,,,,,,,CSU,0.5033,Landratswahl,stichwahl,45051,101773
09771000,2020,0.64,0.6689,,,,,,,CSU,0.6689,Landratswahl,hauptwahl,68067,106350
09771000,2026,0.697,0.3865,,,,,,,CSU,0.3865,Landratswahl,hauptwahl,74923,107486
09771000,2026,0.5151,,,,,,,,FREIE WÄHLER/Freie Wähler KV Aichach-Friedberg,0.5002,Landratswahl,stichwahl,55280,107323
09772000,1972,0.8058,0.6653,,,,,,,CSU/FWV,0.6653,Landratswahl,hauptwahl,87033,108014
09772000,1978,0.7907,0.9678,,,,,,,CSU,0.9678,Landratswahl,hauptwahl,97666,123525
09772000,1984,0.7678,0.7264,,,,,,,CSU,0.7264,Landratswahl,hauptwahl,105770,137760
09772000,1988,0.4299,0.653,,,,,,,CSU,0.653,Landratswahl,hauptwahl,62498,145393
09772000,1993,0.4208,0.527,,,,,,,CSU,0.527,Landratswahl,hauptwahl,66945,159082
09772000,1996,0.6693,0.5838,,,,,,,CSU,0.5838,Landratswahl,hauptwahl,110248,164722
09772000,2002,0.6338,0.5911,,,,,,,CSU,0.5911,Landratswahl,hauptwahl,112280,177141
09772000,2008,0.6147,0.5209,,,,,,,CSU,0.5209,Landratswahl,hauptwahl,113317,184332
09772000,2014,0.5708,0.6216,,,,,,,CSU,0.6216,Landratswahl,hauptwahl,109408,191681
09772000,2020,0.5951,0.5499,,,,,,,CSU,0.5499,Landratswahl,hauptwahl,118502,199126
09772000,2026,0.6526,0.5789,,,,,,,CSU,0.5789,Landratswahl,hauptwahl,131996,202266
09773000,1948,,0.7895,,,,,,,CSU,0.7895,Landratswahl,hauptwahl,,45
09773000,1952,0.8784,,,,,,,,BP/Fr. Unabh. Wver.,0.6718,Landratswahl,hauptwahl,30914,35193
09773000,1958,0.6083,0.986,,,,,,,CSU,0.986,Landratswahl,hauptwahl,20108,33057
09773000,1964,0.6033,,,,,,,,BP/FUW,0.9895,Landratswahl,hauptwahl,20453,33904
09773000,1970,0.4958,,,,,,,,BP/FUW,0.9894,Landratswahl,hauptwahl,16739,33765
09773000,1972,0.8349,,,,,,,,BP/Wählerunion/FUW,0.9537,Landratswahl,hauptwahl,44342,53111
09773000,1978,0.8423,0.6506,,,,,,,CSU,0.6506,Landratswahl,hauptwahl,47226,56069
09773000,1984,0.7956,0.8006,,,,,,,CSU/Zusamtaler Bl./JU,0.8006,Landratswahl,hauptwahl,47208,59334
09773000,1990,0.7876,0.8038,,,,,,,CSU,0.8038,Landratswahl,hauptwahl,48514,61598
09773000,1996,0.6834,0.8685,,,,,,,CSU,0.8685,Landratswahl,hauptwahl,45366,66380
09773000,2002,0.6628,0.6517,,,,,,,CSU,0.6517,Landratswahl,hauptwahl,46761,70546
09773000,2004,0.5717,,,,,,,,FUW,0.5353,Landratswahl,hauptwahl,41201,72068
09773000,2010,0.4246,,,,,,,,FW,0.8367,Landratswahl,hauptwahl,31012,73042
09773000,2016,0.399,,,,,,,,FW,0.8472,Landratswahl,hauptwahl,29784,74640
09773000,2022,0.4561,,,,,,,,FREIE WÄHLER,0.4816,Landratswahl,hauptwahl,34966,76668
09773000,2022,0.424,,,,,,,,FREIE WÄHLER,0.559,Landratswahl,stichwahl,32456,76554
09774000,1945,,,,,,,,,,,Landratswahl,hauptwahl,,
09774000,1945,,,,,,,,,,,Landratswahl,hauptwahl,,
09774000,1945,,,,,,,,,,,Landratswahl,hauptwahl,,
09774000,1946,,,,,,,,,CSU,,Landratswahl,hauptwahl,,
09774000,1948,,0.9722,,,,,,,CSU,0.9722,Landratswahl,hauptwahl,,45
09774000,1952,0.882,0.6109,,,,,,,CSU,0.6109,Landratswahl,hauptwahl,29019,32900
09774000,1954,0.5673,0.3637,,,,,,,CSU,0.3637,Landratswahl,hauptwahl,18422,32473
09774000,1954,1,0.6222,,,,,,,CSU,0.6222,Landratswahl,stichwahl,45,45
09774000,1960,0.3898,0.9856,,,,,,,CSU,0.9856,Landratswahl,hauptwahl,12626,32387
09774000,1966,0.8406,0.981,,,,,,,CSU,0.981,Landratswahl,hauptwahl,28493,33895
09774000,1967,0.629,0.6426,,,,,,,CSU,0.6426,Landratswahl,hauptwahl,21417,34047
09774000,1972,0.7938,0.9735,,,,,,,CSU,0.9735,Landratswahl,hauptwahl,53755,67718
09774000,1978,0.8086,0.9794,,,,,,,CSU,0.9794,Landratswahl,hauptwahl,57042,70546
09774000,1984,0.7456,0.9724,,,,,,,CSU,0.9724,Landratswahl,hauptwahl,57576,77218
09774000,1990,0.7415,0.9619,,,,,,,CSU,0.9619,Landratswahl,hauptwahl,58886,79414
09774000,1996,0.6739,0.5836,,,,,,,CSU,0.5836,Landratswahl,hauptwahl,57249,84950
09774000,2002,0.6633,0.966,,,,,,,CSU,0.966,Landratswahl,hauptwahl,58839,88712
09774000,2008,0.6026,0.8223,,,,,,,CSU,0.8223,Landratswahl,hauptwahl,54688,90746
09774000,2014,0.5494,0.7802,,,,,,,CSU,0.7802,Landratswahl,hauptwahl,50950,92731
09774000,2020,0.5678,0.5567,,,,,,,CSU/FREIE WÄHLER/Junge Union Bayern,0.5567,Landratswahl,hauptwahl,55085,97014
09774000,2026,0.6449,0.5698,,,,,,,CSU,0.5698,Landratswahl,hauptwahl,62947,97611
09775000,1945,,,,,,,,,,,Landratswahl,hauptwahl,,
09775000,1946,,0.9333,,,,,,,CSU,0.9333,Landratswahl,hauptwahl,,
09775000,1947,,0.5172,,,,,,,CSU,0.5172,Landratswahl,hauptwahl,,
09775000,1948,1,,,,,,,,Part.lo.,0.6667,Landratswahl,hauptwahl,39,39
09775000,1952,0.8879,0.9845,,,,,,,CSU/F.D.P./Wirtschaftspartei/Wgem.,0.9845,Landratswahl,hauptwahl,22361,25184
09775000,1958,0.5466,0.9773,,,,,,,CSU,0.9773,Landratswahl,hauptwahl,13732,25124
09775000,1964,0.6169,0.9923,,,,,,,CSU,0.9923,Landratswahl,hauptwahl,16994,27546
09775000,1969,0.7032,0.5073,,,,,,,CSU,0.5073,Landratswahl,hauptwahl,20147,28650
09775000,1972,0.7626,,0.5332,,,,,,SPD,0.5332,Landratswahl,hauptwahl,63415,83153
09775000,1974,0.5243,0.7301,,,,,,,CSU,0.7301,Landratswahl,hauptwahl,45597,86972
09775000,1980,0.2214,0.9752,,,,,,,CSU,0.9752,Landratswahl,hauptwahl,21346,96412
09775000,1985,0.4033,0.6615,,,,,,,CSU,0.6615,Landratswahl,hauptwahl,41358,102554
09775000,1990,0.6686,0.5181,,,,,,,CSU,0.5181,Landratswahl,hauptwahl,71195,106481
09775000,1996,0.593,0.555,,,,,,,CSU,0.555,Landratswahl,hauptwahl,66111,111490
09775000,2002,0.5461,0.6095,,,,,,,CSU,0.6095,Landratswahl,hauptwahl,64807,118663
09775000,2008,0.4942,0.6393,,,,,,,CSU,0.6393,Landratswahl,hauptwahl,60797,123019
09775000,2014,0.4663,0.5854,,,,,,,CSU,0.5854,Landratswahl,hauptwahl,60407,129554
09775000,2020,0.472,0.5484,,,,,,,CSU/Junge Union Bayern,0.5484,Landratswahl,hauptwahl,63681,134915
09775000,2024,0.3688,,,,,,,,Christlich-Soziale Union/Junge Union,0.4108,Landratswahl,hauptwahl,50416,136705
09775000,2024,0.2813,,,,,,,,Christlich-Soziale Union/Junge Union,0.671,Landratswahl,stichwahl,38377,136433
09776000,1945,,,,,,,,,,,Landratswahl,hauptwahl,,
09776000,1946,,,,,,,,,,,Landratswahl,hauptwahl,,
09776000,1950,,,,,,,,,,1,Landratswahl,hauptwahl,,
09776000,1952,0.8391,0.9842,,,,,,,CSU/BP/Königspartei/Parteilose Liste/F.D.P.,0.9842,Landratswahl,hauptwahl,20634,24591
09776000,1953,0.3839,0.9751,,,,,,,CSU/F.D.P.,0.9751,Landratswahl,hauptwahl,9445,24601
09776000,1959,0.4798,0.9902,,,,,,,CSU,0.9902,Landratswahl,hauptwahl,12225,25480
09776000,1965,0.7532,,,,,,,,Parteilose Liste/F.D.P.,0.5451,Landratswahl,hauptwahl,20555,27292
09776000,1971,0.4036,,,,,,,,Parteilose Liste/Freie Wählervereinigung,0.9787,Landratswahl,hauptwahl,12336,30568
09776000,1972,0.7203,0.5629,,,,,,,CSU,0.5629,Landratswahl,hauptwahl,33674,46752
09776000,1978,0.7221,0.7621,,,,,,,CSU,0.7621,Landratswahl,hauptwahl,35219,48771
09776000,1984,0.6954,0.6254,,,,,,,CSU,0.6254,Landratswahl,hauptwahl,35639,51248
09776000,1990,0.7107,0.5585,,,,,,,CSU,0.5585,Landratswahl,hauptwahl,37912,53345
09776000,1996,0.6579,0.468,,,,,,,CSU,0.468,Landratswahl,hauptwahl,36164,54970
09776000,1996,0.4708,0.5979,,,,,,,CSU,0.5979,Landratswahl,stichwahl,25878,54965
09776000,2002,0.6116,0.4617,,,,,,,CSU,0.4617,Landratswahl,hauptwahl,35624,58248
09776000,2002,0.4577,,0.5194,,,,,,SPD,0.5194,Landratswahl,stichwahl,26648,58222
09776000,2008,0.557,0.4205,,,,,,,CSU,0.4205,Landratswahl,hauptwahl,34248,61482
09776000,2008,0.3916,0.5287,,,,,,,CSU,0.5287,Landratswahl,stichwahl,24060,61442
09776000,2014,0.5048,0.941,,,,,,,CSU,0.941,Landratswahl,hauptwahl,31959,63310
09776000,2020,0.5519,0.9246,,,,,,,CSU,0.9246,Landratswahl,hauptwahl,36039,65297
09776000,2026,0.6283,0.5409,,,,,,,CSU,0.5409,Landratswahl,hauptwahl,41093,65406
09777000,1945,,,,,,,,,,,Landratswahl,hauptwahl,,
09777000,1946,,,,,,,,,,,Landratswahl,hauptwahl,,
09777000,1946,,,,,,,,,Part.lo.,0.9333,Landratswahl,hauptwahl,30,
09777000,1948,0.95,,,,,,,,Part.lo.,1,Landratswahl,hauptwahl,38,40
09777000,1950,0.95,,,,,,,,,0.6053,Landratswahl,hauptwahl,38,40
09777000,1952,0.8597,,,,,,,,Wgem.,0.9828,Landratswahl,hauptwahl,22678,26380
09777000,1958,0.7661,,,,,,,,Überp. Chr. Wgr.,0.5798,Landratswahl,hauptwahl,19202,25063
09777000,1962,0.5848,0.9846,,,,,,,CSU,0.9846,Landratswahl,hauptwahl,15166,25933
09777000,1968,0.5857,0.9907,,,,,,,CSU,0.9907,Landratswahl,hauptwahl,15457,26390
09777000,1972,0.789,0.9513,,,,,,,CSU,0.9513,Landratswahl,hauptwahl,57811,73273
09777000,1978,0.782,0.9717,,,,,,,CSU/FWO,0.9717,Landratswahl,hauptwahl,61254,78326
09777000,1984,0.743,0.9057,,,,,,,CSU/FWO,0.9057,Landratswahl,hauptwahl,62274,83818
09777000,1990,0.7625,0.8304,,,,,,,CSU/FWO,0.8304,Landratswahl,hauptwahl,67690,88771
09777000,1996,0.6792,0.8161,,,,,,,CSU/FWO,0.8161,Landratswahl,hauptwahl,63257,93134
09777000,2002,0.6499,0.436,,,,,,,CSU,0.436,Landratswahl,hauptwahl,64414,99107
09777000,2002,0.4965,,,,,,,,FWO,0.5862,Landratswahl,stichwahl,49161,99015
09777000,2008,0.6399,,,,,,,,Freie Wählergemeinschaft e.V.,0.5666,Landratswahl,hauptwahl,66279,103584
09777000,2014,0.6005,0.4028,,,,,,,CSU,0.4028,Landratswahl,hauptwahl,64315,107107
09777000,2014,0.466,0.5384,,,,,,,CSU,0.5384,Landratswahl,stichwahl,49841,106963
09777000,2020,0.6352,0.5561,,,,,,,CSU,0.5561,Landratswahl,hauptwahl,70869,111574
09777000,2026,0.6823,0.3968,,,,,,,CSU,0.3968,Landratswahl,hauptwahl,77531,113638
09777000,2026,0.4465,,,,,,,,FREIE WÄHLER/Freie Wählergemeinschaft Ostallgäu e.V.,0.5241,Landratswahl,stichwahl,50668,113473
09778000,1948,,0.9677,,,,,,,CSU,0.9677,Landratswahl,hauptwahl,,45
09778000,1952,0.8789,0.6984,,,,,,,CSU,0.6984,Landratswahl,hauptwahl,32162,36594
09778000,1955,0.5944,0.5524,,,,,,,CSU,0.5524,Landratswahl,hauptwahl,20621,34693
09778000,1961,0.6437,0.6487,,,,,,,CSU,0.6487,Landratswahl,hauptwahl,22267,34590
09778000,1967,0.714,,,,,,,,Fr. Wver.,0.3964,Landratswahl,hauptwahl,24881,34845
09778000,1967,0.6569,,,,,,,,Fr. Wver.,0.5919,Landratswahl,stichwahl,22891,34845
09778000,1972,0.8089,,,,,,,,Fr. Wver.,0.5224,Landratswahl,hauptwahl,63139,78054
09778000,1978,0.809,0.5038,,,,,,,CSU,0.5038,Landratswahl,hauptwahl,65496,80963
09778000,1984,0.776,0.8509,,,,,,,CSU,0.8509,Landratswahl,hauptwahl,66456,85636
09778000,1990,0.7598,0.7964,,,,,,,CSU,0.7964,Landratswahl,hauptwahl,68417,90048
09778000,1996,0.7042,0.5713,,,,,,,CSU,0.5713,Landratswahl,hauptwahl,67835,96324
09778000,2002,0.6595,0.7289,,,,,,,CSU,0.7289,Landratswahl,hauptwahl,67009,101602
09778000,2006,0.4277,,,,,,,,FW,0.5394,Landratswahl,hauptwahl,44533,104114
09778000,2012,0.4174,,,,,,,,FREIE WÄHLER,0.6226,Landratswahl,hauptwahl,44608,106868
09778000,2020,0.6098,,,,,,,,Freie Wähler Unterallgäu,0.4998,Landratswahl,hauptwahl,70426,115489
09778000,2020,0.598,,,,,,,,Freie Wähler Unterallgäu,0.801,Landratswahl,stichwahl,69061,115486
09778000,2026,0.6717,,,,,,,,FREIE WÄHLER/Freie Wähler Unterallgäu e.V.,0.5263,Landratswahl,hauptwahl,79201,117916
09779000,1945,,,,,,,,,,,Landratswahl,hauptwahl,,
09779000,1946,1,0.6889,,,,,,,CSU,0.6889,Landratswahl,hauptwahl,45,45
09779000,1948,1,0.625,,,,,,,CSU,0.625,Landratswahl,hauptwahl,45,45
09779000,1952,0.8673,,,,,,,,Rieser Wahlgemeinschaft (CSU/UdA/FDP/BP/Freie Wählergruppe),0.4504,Landratswahl,hauptwahl,23081,26611
09779000,1952,1,,0.5714,,,,,,SPD,0.5714,Landratswahl,stichwahl,42,42
09779000,1958,0.8082,,,,,,,,GB-BHE/SPD,0.6318,Landratswahl,hauptwahl,19225,23787
09779000,1964,0.7395,,,,,,,,Überp. Wgem.,0.6751,Landratswahl,hauptwahl,17284,23374
09779000,1970,0.7501,0.6308,,,,,,,CSU,0.6308,Landratswahl,hauptwahl,17054,22735
09779000,1972,0.8306,,,,,,,,Vereinigte Fr. Wgem.,0.5334,Landratswahl,hauptwahl,66059,79533
09779000,1978,0.8275,,,,,,,,Vereinigte Fr. Wgem.,0.9755,Landratswahl,hauptwahl,68755,83086
09779000,1984,0.8193,,0.5131,,,,,,SPD,0.5131,Landratswahl,hauptwahl,71954,87828
09779000,1990,0.8067,,0.8675,,,,,,SPD/Wgem.,0.8675,Landratswahl,hauptwahl,72428,89779
09779000,1996,0.7618,,0.7524,,,,,,SPD/Wgem.,0.7524,Landratswahl,hauptwahl,71585,93973
09779000,2002,0.7337,0.5604,,,,,,,CSU/Junge Bürger,0.5604,Landratswahl,hauptwahl,71688,97709
09779000,2008,0.6776,0.9415,,,,,,,CSU/Junge Bürger e.V.,0.9415,Landratswahl,hauptwahl,67797,100055
09779000,2014,0.6393,0.5002,,,,,,,CSU,0.5002,Landratswahl,hauptwahl,65941,103151
09779000,2020,0.6718,0.5842,,,,,,,CSU/Aktive Liste/Junge Bürger Donau-Ries,0.5842,Landratswahl,hauptwahl,71764,106828
09779000,2026,0.6968,,,,,,,,FREIE WÄHLER,0.3578,Landratswahl,hauptwahl,75110,107797
09779000,2026,0.5669,,,,,,,,FREIE WÄHLER,0.6229,Landratswahl,stichwahl,61021,107634
09780000,1972,0.7262,0.9708,,,,,,,CSU,0.9708,Landratswahl,hauptwahl,58844,81025
09780000,1978,0.773,0.66,,,,,,,CSU,0.66,Landratswahl,hauptwahl,67373,87157
09780000,1984,0.726,0.8018,,,,,,,CSU,0.8018,Landratswahl,hauptwahl,69114,95197
09780000,1990,0.7382,0.7026,,,,,,,CSU,0.7026,Landratswahl,hauptwahl,74520,100947
09780000,1996,0.6626,0.6636,,,,,,,CSU,0.6636,Landratswahl,hauptwahl,70849,106928
09780000,2002,0.6139,0.9338,,,,,,,CSU,0.9338,Landratswahl,hauptwahl,69300,112888
09780000,2008,0.6075,0.6998,,,,,,,CSU,0.6998,Landratswahl,hauptwahl,71539,117753
09780000,2014,0.597,0.5433,,,,,,,CSU,0.5433,Landratswahl,hauptwahl,72879,122072
09780000,2020,0.611,0.4432,,,,,,,CSU,0.4432,Landratswahl,hauptwahl,77070,126138
09780000,2020,0.6066,,,,,,,,FREIE WÄHLER/Freie Wähler Oberallgäu e.V.,0.5185,Landratswahl,stichwahl,76462,126043
09780000,2026,0.6641,,,,,,,,FREIE WÄHLER/Freie Wähler Oberallgäu e.V.,0.4081,Landratswahl,hauptwahl,84022,126523
09780000,2026,0.5006,,,,,,,,FREIE WÄHLER/Freie Wähler Oberallgäu e.V.,0.6634,Landratswahl,stichwahl,62980,125818
10041000,2024,0.5952,,0.3772,,,,,,SPD,0.3772,Landratswahl,hauptwahl,148183,248961
10041000,2024,0.2934,,0.5336,,,,,,SPD,0.5336,Landratswahl,stichwahl,73026,248854
10042000,2011,,0.7019,,,,,,,CDU,0.7019,Landratswahl,hauptwahl,,
10043000,2024,0.6352,,0.5288,,,,,,SPD,0.5288,Landratswahl,hauptwahl,67558,106351
10044000,2012,,,0.557,,,,,,SPD,0.557,Landratswahl,stichwahl,,
10045000,2014,,,0.504,,,,,,SPD,0.504,Landratswahl,stichwahl,,
10045000,2024,,,0.6064,,,,,,SPD,0.6064,Landratswahl,stichwahl,,
10046000,2024,,0.6519,,,,,,,CDU,0.6519,Landratswahl,hauptwahl,,
12060000,2026,0.4774,,0.4089,,,,,,SPD,0.4089,Landratswahl,hauptwahl,77101,161515
12061000,2023,0.5082,,,,,,0.3527,,AfD,0.3527,Landratswahl,hauptwahl,74680,146948
12061000,2023,,,,,,,,,Einzelwahlvorschlag,0.6478,Landratswahl,stichwahl,,147067
12062000,2026,0.5468,0.3455,,,,,,,CDU,0.3455,Landratswahl,hauptwahl,45500,83218
12062000,2026,,,,,,,,,Einzelwahlvorschlag,0.6453,Landratswahl,stichwahl,,83169
12063000,2024,0.4678,0.5364,,,,,,,CDU,0.5364,Landratswahl,hauptwahl,65694,140444
12064000,2021,,,0.4279,,,,,,SPD,0.4279,Landratswahl,hauptwahl,,166805
12064000,2021,,,0.5385,,,,,,SPD,0.5385,Landratswahl,stichwahl,,166844
12065000,2021,,,0.3963,,,,,,SPD,0.3963,Landratswahl,hauptwahl,,181961
12065000,2021,,,0.6429,,,,,,SPD,0.6429,Landratswahl,stichwahl,,181893
12066000,2026,0.4342,0.4881,,,,,,,CDU,0.4881,Landratswahl,hauptwahl,39254,90407
12066000,2026,,0.534,,,,,,,CDU,0.534,Landratswahl,stichwahl,,90343
12067000,2023,0.3664,,,,,,0.2479,,AfD,0.2479,Landratswahl,hauptwahl,55822,152346
12067000,2023,,,0.5243,,,,,,SPD,0.5243,Landratswahl,stichwahl,,152405
12068000,2018,0.3244,,0.4071,,,,,,SPD,0.4071,Landratswahl,hauptwahl,27795,85683
12068000,2018,,,0.5898,,,,,,SPD,0.5898,Landratswahl,stichwahl,,85624
12069000,2022,,,0.3584,,,,,,SPD,0.3584,Landratswahl,hauptwahl,,182692
12069000,2022,,,0.6644,,,,,,SPD,0.6644,Landratswahl,stichwahl,,182658
12070000,2022,,,0.6553,,,,,,SPD,0.6553,Landratswahl,hauptwahl,,65358
12071000,2026,0.5482,,,,,,0.4241,,AfD,0.4241,Landratswahl,hauptwahl,51638,94199
12071000,2026,,0.5149,,,,,,,CDU,0.5149,Landratswahl,stichwahl,,94178
12072000,2021,,,,,,0.2627,,,DIE LINKE,0.2627,Landratswahl,hauptwahl,,144529
12072000,2021,,,,,,0.5502,,,DIE LINKE,0.5502,Landratswahl,stichwahl,,144664
12073000,2026,0.5526,0.6001,,,,,,,CDU,0.6001,Landratswahl,hauptwahl,55201,99886
13051000,2001,0.364,,0.412,,,,,,SPD,0.412,Landratswahl,hauptwahl,35329,97055
13051000,2001,0.2577,,0.628,,,,,,SPD,0.628,Landratswahl,stichwahl,25003,97005
13051000,2008,0.3125,,0.661,,,,,,SPD,0.661,Landratswahl,hauptwahl,31867,101981
13052000,2000,0.3184,0.416,,,,,,,CDU,0.416,Landratswahl,hauptwahl,24881,78149
13052000,2000,0.2605,0.599,,,,,,,CDU,0.599,Landratswahl,stichwahl,20340,78083
13052000,2008,0.3017,0.37,,,,,,,CDU,0.37,Landratswahl,hauptwahl,21727,72017
13052000,2008,0.2425,,,,,0.548,,,DIE LINKE,0.548,Landratswahl,stichwahl,17455,71976
13053000,2001,0.3924,,0.416,,,,,,SPD,0.416,Landratswahl,hauptwahl,36297,92491
13053000,2001,0.3145,,0.515,,,,,,SPD,0.515,Landratswahl,stichwahl,29076,92450
13053000,2008,0.3074,,0.415,,,,,,SPD,0.415,Landratswahl,hauptwahl,27183,88419
13053000,2008,0.2295,,0.579,,,,,,SPD,0.579,Landratswahl,stichwahl,20272,88349
13054000,2001,0.4088,,0.606,,,,,,SPD,0.606,Landratswahl,hauptwahl,43961,107532
13054000,2008,0.3547,,0.688,,,,,,SPD,0.688,Landratswahl,hauptwahl,38495,108521
13055000,2001,0.3738,0.431,,,,,,,CDU,0.431,Landratswahl,hauptwahl,27232,72851
13055000,2001,0.2793,0.584,,,,,,,CDU,0.584,Landratswahl,stichwahl,20340,72831
13055000,2002,0.3534,0.402,,,,,,,CDU,0.402,Landratswahl,hauptwahl,25709,72745
13055000,2002,0.2802,0.556,,,,,,,CDU,0.556,Landratswahl,stichwahl,20385,72743
13055000,2009,0.5111,0.39,,,,,,,CDU,0.39,Landratswahl,hauptwahl,35283,69040
13055000,2009,0.3171,0.506,,,,,,,CDU,0.506,Landratswahl,stichwahl,21883,69012
13056000,2001,0.4204,0.571,,,,,,,CDU,0.571,Landratswahl,hauptwahl,24352,57930
13056000,2007,0.2664,0.359,,,,,,,CDU,0.359,Landratswahl,hauptwahl,15573,58449
13056000,2007,0.2147,0.517,,,,,,,CDU,0.517,Landratswahl,stichwahl,12544,58430
13056000,2009,0.4815,0.647,,,,,,,CDU,0.647,Landratswahl,hauptwahl,27209,56504
13057000,2001,0.3875,0.559,,,,,,,CDU,0.559,Landratswahl,hauptwahl,38125,98397
13057000,2008,0.3438,0.652,,,,,,,CDU,0.652,Landratswahl,hauptwahl,32706,95143
13058000,2001,0.331,,0.354,,,,,,SPD,0.354,Landratswahl,hauptwahl,32463,98075
13058000,2001,0.2384,,0.569,,,,,,SPD,0.569,Landratswahl,stichwahl,23383,98075
13058000,2008,0.3114,,0.65,,,,,,SPD,0.65,Landratswahl,hauptwahl,31418,100888
13059000,2001,0.3689,0.441,,,,,,,CDU,0.441,Landratswahl,hauptwahl,35230,95488
13059000,2001,0.3042,,,,,0.542,,,PDS,0.542,Landratswahl,stichwahl,29033,95431
13059000,2008,0.3447,,,,,0.446,,,DIE LINKE,0.446,Landratswahl,hauptwahl,32365,93904
13059000,2008,0.2746,,,,,0.609,,,DIE LINKE,0.609,Landratswahl,stichwahl,25782,93878
13060000,2001,0.4252,,0.546,,,,,,SPD,0.546,Landratswahl,hauptwahl,37907,89141
13060000,2008,0.3456,,0.543,,,,,,SPD,0.543,Landratswahl,hauptwahl,29875,86434
13061000,2001,0.3676,,,,,0.423,,,PDS,0.423,Landratswahl,hauptwahl,23011,62590
13061000,2001,0.2127,,,,,,,,PDS,,Landratswahl,stichwahl,13307,62556
13061000,2001,0.3251,,,,,0.482,,,PDS,0.482,Landratswahl,hauptwahl,20322,62507
13061000,2001,0.2966,,,,,0.537,,,PDS,0.537,Landratswahl,stichwahl,18529,62471
13061000,2008,0.3972,,,,,0.683,,,DIE LINKE,0.683,Landratswahl,hauptwahl,23956,60311
13062000,2004,0.4854,0.362,,,,,,,CDU,0.362,Landratswahl,hauptwahl,33037,68061
13062000,2004,0.2664,,,,,,,,BB UER,0.609,Landratswahl,stichwahl,18129,68046
13071000,2011,0.5015,0.385,,,,,,,CDU,0.385,Landratswahl,hauptwahl,117556,234394
13071000,2011,0.2862,0.545,,,,,,,CDU,0.545,Landratswahl,stichwahl,67034,234230
13071000,2018,0.2867,0.513,,,,,,,CDU,0.513,Landratswahl,hauptwahl,63905,222932
13071000,2025,0.4779,,,,,,0.361,,AfD,0.361,Landratswahl,hauptwahl,103360,216272
13071000,2025,0.4469,0.597,,,,,,,CDU,0.597,Landratswahl,stichwahl,96556,216057
13072000,2011,0.5283,,0.448,,,,,,SPD,0.448,Landratswahl,hauptwahl,97271,184135
13072000,2011,0.2293,,0.73,,,,,,SPD,0.73,Landratswahl,stichwahl,42220,184111
13072000,2013,0.656,0.38,,,,,,,CDU,0.38,Landratswahl,hauptwahl,119158,181657
13072000,2013,0.2898,,0.507,,,,,,SPD,0.507,Landratswahl,stichwahl,52664,181731
13072000,2020,0.3158,,0.546,,,,,,SPD,0.546,Landratswahl,hauptwahl,57755,182899
13073000,2011,0.4807,0.425,,,,,,,CDU,0.425,Landratswahl,hauptwahl,95322,198301
13073000,2011,0.3266,0.517,,,,,,,CDU,0.517,Landratswahl,stichwahl,64742,198254
13073000,2018,0.283,0.346,,,,,,,CDU,0.346,Landratswahl,hauptwahl,54660,193125
13073000,2018,0.2089,,0.566,,,,,,SPD,0.566,Landratswahl,stichwahl,40309,192923
13073000,2025,0.448,,,,,,,,Einzelbewerber,0.492,Landratswahl,hauptwahl,85495,190856
13073000,2025,0.3899,,,,,,,,Einzelbewerber,0.751,Landratswahl,stichwahl,74321,190614
13074000,2011,0.5149,,0.76,,,,,,SPD,0.76,Landratswahl,hauptwahl,69038,134092
13074000,2014,0.4844,,0.334,,,,,,SPD,0.334,Landratswahl,hauptwahl,64211,132555
13074000,2014,0.2241,,0.57,,,,,,SPD,0.57,Landratswahl,stichwahl,29698,132520
13074000,2021,0.3714,0.359,,,,,,,CDU,0.359,Landratswahl,hauptwahl,49440,133129
13074000,2021,0.3223,0.619,,,,,,,CDU,0.619,Landratswahl,stichwahl,42856,132958
13075000,2011,0.5035,,,,,0.371,,,DIE LINKE,0.371,Landratswahl,hauptwahl,105799,210138
13075000,2011,0.277,,,,,0.595,,,DIE LINKE,0.595,Landratswahl,stichwahl,58204,210109
13075000,2018,0.3231,0.415,,,,,,,CDU,0.415,Landratswahl,hauptwahl,65206,201815
13075000,2018,0.2456,0.795,,,,,,,CDU,0.795,Landratswahl,stichwahl,49512,201605
13075000,2025,0.4817,0.394,,,,,,,CDU,0.394,Landratswahl,hauptwahl,95099,197407
13075000,2025,0.4553,0.611,,,,,,,CDU,0.611,Landratswahl,stichwahl,89773,197173
13076000,2011,0.5386,,0.457,,,,,,SPD,0.457,Landratswahl,hauptwahl,100437,186461
13076000,2011,0.2911,,0.634,,,,,,SPD,0.634,Landratswahl,stichwahl,54268,186398
13076000,2018,0.3403,,0.364,,,,,,SPD,0.364,Landratswahl,hauptwahl,61991,182185
13076000,2018,0.2341,,0.631,,,,,,SPD,0.631,Landratswahl,stichwahl,42599,181988
13076000,2025,0.5052,,0.579,,,,,,SPD,0.579,Landratswahl,hauptwahl,89581,177326
14178000,2002,,0.803,,,,,,,CDU,0.803,Landratswahl,hauptwahl,,
14280000,2002,,0.641,,,,,,,CDU,0.641,Landratswahl,hauptwahl,,
14292000,2002,,0.534,,,,,,,CDU,0.534,Landratswahl,hauptwahl,,
14521000,2008,0.4844,0.4289,,,,,,,CDU,0.4289,Landratswahl,hauptwahl,157752,325663
14521000,2008,0.2659,0.5579,,,,,,,CDU,0.5579,Landratswahl,stichwahl,86689,325972
14521000,2015,0.4296,0.5866,,,,,,,CDU,0.5866,Landratswahl,hauptwahl,127073,295789
14521000,2022,0.3805,0.4006,,,,,,,CDU,0.4006,Landratswahl,stichwahl,209184,549700
14522000,2008,0.4804,0.5002,,,,,,,CDU,0.5002,Landratswahl,hauptwahl,138574,288454
14522000,2015,0.4204,0.6574,,,,,,,CDU,0.6574,Landratswahl,hauptwahl,110713,263327
14522000,2022,0.3663,,,,,,,,EB Neubauer,0.5558,Landratswahl,stichwahl,181146,494552
14522000,2025,0.5417,,,,,,,,FW Mittelsachsen/ CDU,0.5026,Landratswahl,hauptwahl,131327,242440
14523000,2008,0.4252,0.6584,,,,,,,CDU,0.6584,Landratswahl,hauptwahl,92305,217095
14523000,2015,0.3462,0.5653,,,,,,,CDU,0.5653,Landratswahl,hauptwahl,68677,198348
14523000,2022,0.3247,0.6337,,,,,,,CDU,0.6337,Landratswahl,stichwahl,120384,370810
14524000,2008,0.4075,0.5274,,,,,,,CDU,0.5274,Landratswahl,hauptwahl,122854,301481
14524000,2015,0.3491,0.6077,,,,,,,CDU,0.6077,Landratswahl,hauptwahl,96521,276473
14524000,2022,0.2893,0.3594,,,,,,,CDU,0.3594,Landratswahl,stichwahl,149362,516232
14625000,2008,0.4772,0.5164,,,,,,,CDU,0.5164,Landratswahl,hauptwahl,134725,282339
14625000,2015,0.3997,0.724,,,,,,,CDU,0.724,Landratswahl,hauptwahl,103107,257991
14625000,2022,0.367,0.4354,,,,,,,CDU,0.4354,Landratswahl,stichwahl,180290,491260
14626000,2008,0.4606,0.4285,,,,,,,CDU,0.4285,Landratswahl,hauptwahl,112293,243787
14626000,2008,0.2447,0.5757,,,,,,,CDU,0.5757,Landratswahl,stichwahl,59767,244200
14626000,2015,0.366,0.7303,,,,,,,CDU,0.7303,Landratswahl,hauptwahl,81060,221488
14626000,2022,0.3974,0.5646,,,,,,,CDU,0.5646,Landratswahl,stichwahl,165900,417422
14627000,2008,0.4265,0.5672,,,,,,,CDU,0.5672,Landratswahl,hauptwahl,93450,219091
14627000,2015,0.3682,0.6018,,,,,,,CDU,0.6018,Landratswahl,hauptwahl,75548,205166
14627000,2020,0.4049,0.5147,,,,,,,CDU,0.5147,Landratswahl,hauptwahl,81097,200305
14628000,2008,0.4927,0.5241,,,,,,,CDU,0.5241,Landratswahl,hauptwahl,107148,217492
14628000,2015,0.4294,0.5639,,,,,,,CDU,0.5639,Landratswahl,hauptwahl,88447,205972
14628000,2022,0.4892,0.544,,,,,,,CDU,0.544,Landratswahl,hauptwahl,196246,401128
14729000,2008,0.4826,0.4821,,,,,,,CDU,0.4821,Landratswahl,hauptwahl,112444,233014
14729000,2008,0.3604,0.57,,,,,,,CDU,0.57,Landratswahl,stichwahl,83993,233039
14729000,2015,0.3962,0.6429,,,,,,,CDU,0.6429,Landratswahl,hauptwahl,86282,217762
14729000,2022,0.4594,0.6991,,,,,,,CDU,0.6991,Landratswahl,hauptwahl,196218,427134
14730000,2008,0.4295,0.3925,,,,,,,CDU,0.3925,Landratswahl,hauptwahl,77549,180556
14730000,2008,0.2427,0.457,,,,,,,CDU,0.457,Landratswahl,stichwahl,43828,180595
14730000,2015,0.3477,0.5171,,,,,,,CDU,0.5171,Landratswahl,hauptwahl,58025,166894
14730000,2022,0.375,0.6294,,,,,,,CDU,0.6294,Landratswahl,hauptwahl,122752,327334
15081000,2015,0.4057,0.74,,,,,,,CDU,0.74,Landratswahl,hauptwahl,30183,74406
15081000,2022,0.35,0.3803,,,,,,,CDU,0.3803,Landratswahl,hauptwahl,24497,69998
15081000,2022,0.242,,0.5114,,,,,,SPD,0.5114,Landratswahl,stichwahl,16927,69938
15082000,2007,0.3494,0.4561,,,,,,,CDU,0.4561,Landratswahl,hauptwahl,57447,164420
15082000,2014,0.4248,0.5414,,,,,,,CDU,0.5414,Landratswahl,hauptwahl,62316,146680
15082000,2021,0.568,0.5728,,,,,,,CDU,0.5728,Landratswahl,hauptwahl,77723,136839
15083000,2007,0.3631,0.5037,,,,,,,CDU,0.5037,Landratswahl,hauptwahl,59428,163668
15083000,2025,0.352,0.6245,,,,,,,CDU,0.6245,Landratswahl,hauptwahl,50288,142877
15084000,2007,0.3472,,,,,,,,Die Linke.,0.1381,Landratswahl,hauptwahl,62640,180432
15084000,2014,0.4526,0.4542,,,,,,,CDU,0.4542,Landratswahl,hauptwahl,73711,162874
15084000,2014,0.2293,0.6135,,,,,,,CDU,0.6135,Landratswahl,stichwahl,37347,162880
15084000,2021,0.3725,0.5535,,,,,,,CDU,0.5535,Landratswahl,hauptwahl,57168,153476
15085000,2007,0.3853,0.5868,,,,,,,CDU,0.5868,Landratswahl,hauptwahl,82611,214413
15085000,2020,0.3107,0.5535,,,,,,,CDU,0.5535,Landratswahl,hauptwahl,57642,185503
15086000,2007,0.3632,,,,,,,,,0.6008,Landratswahl,hauptwahl,32035,88199
15086000,2014,0.4804,0.2588,,,,,,,CDU,0.2588,Landratswahl,hauptwahl,38787,80740
15086000,2014,0.2581,,0.6893,,,,,,SPD,0.6893,Landratswahl,stichwahl,20807,80619
15086000,2021,0.5977,,0.6991,,,,,,SPD,0.6991,Landratswahl,hauptwahl,46136,77187
15087000,2007,0.3473,0.3066,,,,,,,CDU,0.3066,Landratswahl,hauptwahl,49531,142633
15087000,2014,0.4559,,,,,0.2664,,,DIE LINKE,0.2664,Landratswahl,hauptwahl,57548,126226
15087000,2014,0.3141,,,,,0.8056,,,DIE LINKE,0.8056,Landratswahl,stichwahl,39605,126099
15087000,2021,0.5699,0.33,,,,,,,CDU,0.33,Landratswahl,hauptwahl,66116,116005
15087000,2021,0.3215,0.7922,,,,,,,CDU,0.7922,Landratswahl,stichwahl,37265,115925
15088000,2007,0.3172,0.3524,,,,,,,CDU,0.3524,Landratswahl,hauptwahl,57121,180055
15088000,2014,0.4485,0.4695,,,,,,,CDU,0.4695,Landratswahl,hauptwahl,73681,164290
15088000,2014,0.1839,0.591,,,,,,,CDU,0.591,Landratswahl,stichwahl,30188,164129
15088000,2026,0.4929,,,,,,0.4326,,AfD,0.4326,Landratswahl,hauptwahl,75631,153450
15088000,2026,0.4485,0.5434,,,,,,,CDU,0.5434,Landratswahl,stichwahl,68667,153115
15089000,2007,0.3464,0.3201,,,,,,,CDU,0.3201,Landratswahl,hauptwahl,67646,195298
15089000,2014,0.4061,0.3887,,,,,,,CDU,0.3887,Landratswahl,hauptwahl,70839,174445
15089000,2014,0.193,,0.526,,,,,,SPD,0.526,Landratswahl,stichwahl,33650,174333
15089000,2021,0.2207,,0.6516,,,,,,SPD,0.6516,Landratswahl,hauptwahl,35807,162236
15090000,2019,0.3621,,,,,,,,"DIE LINKE, GRÜNE, SPD",0.4691,Landratswahl,hauptwahl,34459,95172
15090000,2019,0.281,,,,,,,,"DIE LINKE, GRÜNE, SPD",0.6899,Landratswahl,stichwahl,26720,95080
15091000,2007,0.3576,0.2827,,,,,,,CDU,0.2827,Landratswahl,hauptwahl,45432,127057
15091000,2014,0.4686,,,,,0.4042,,,DIE LINKE,0.4042,Landratswahl,hauptwahl,53756,114717
15091000,2014,0.2636,,,,,0.5612,,,DIE LINKE,0.5612,Landratswahl,stichwahl,30240,114719
15091000,2021,0.6086,0.3686,,,,,,,CDU,0.3686,Landratswahl,hauptwahl,65643,107867
15091000,2021,0.3499,0.8138,,,,,,,CDU,0.8138,Landratswahl,stichwahl,37723,107818
16061000,2006,0.3701,0.7431,,,,,,,CDU,0.7431,Landratswahl,hauptwahl,32991,89148
16061000,2012,0.4123,0.7026,,,,,,,CDU,0.7026,Landratswahl,hauptwahl,35272,85550
16061000,2018,0.4087,,,,,,,,,0.8224,Landratswahl,hauptwahl,34367,84091
16061000,2024,0.6621,,,,,,,,,0.4629,Landratswahl,hauptwahl,57345,86605
16061000,2024,0.6303,,,,,,,,,0.7018,Landratswahl,stichwahl,54564,86564
16062000,2006,0.4115,0.5269,,,,,,,CDU,0.5269,Landratswahl,hauptwahl,32162,78161
16062000,2012,0.4486,0.3519,,,,,,,CDU,0.3519,Landratswahl,hauptwahl,33518,74719
16062000,2012,0.3693,,,,,0.5546,,,DIE LINKE,0.5546,Landratswahl,stichwahl,27557,74627
16062000,2015,0.3544,,0.3399,,,,,,SPD,0.3399,Landratswahl,hauptwahl,25658,72407
16062000,2015,0.2766,,0.6467,,,,,,SPD,0.6467,Landratswahl,stichwahl,20020,72377
16062000,2021,0.3948,,,,,,,,,0.5655,Landratswahl,hauptwahl,27518,69707
16063000,2006,0.4078,0.4389,,,,,,,CDU,0.4389,Landratswahl,hauptwahl,47418,116279
16063000,2006,0.2395,0.5645,,,,,,,CDU,0.5645,Landratswahl,stichwahl,27862,116323
16063000,2012,0.4249,0.564,,,,,,,CDU,0.564,Landratswahl,hauptwahl,46668,109822
16063000,2018,0.3796,,,,,,,,,0.7133,Landratswahl,hauptwahl,40083,105580
16063000,2024,0.6178,,,,,,,,,0.4295,Landratswahl,hauptwahl,80770,130746
16063000,2024,0.5979,,,,,,,,,0.6295,Landratswahl,stichwahl,78131,130674
16064000,2006,0.4543,,0.7233,,,,,,SPD,0.7233,Landratswahl,hauptwahl,42828,94274
16064000,2012,0.497,,0.5095,,,,,,SPD,0.5095,Landratswahl,hauptwahl,44746,90030
16064000,2018,0.4644,,,,,,,,,0.5681,Landratswahl,hauptwahl,40593,87416
16064000,2024,0.6281,,,,,,,,,0.3969,Landratswahl,hauptwahl,50102,79768
16064000,2024,0.5859,,,,,,,,,0.5745,Landratswahl,stichwahl,46692,79692
16065000,2006,0.3885,0.5403,,,,,,,CDU,0.5403,Landratswahl,hauptwahl,28929,74467
16065000,2012,0.4452,0.4417,,,,,,,CDU,0.4417,Landratswahl,hauptwahl,30622,68780
16065000,2012,0.3199,,0.5265,,,,,,SPD,0.5265,Landratswahl,stichwahl,21989,68727
16065000,2018,0.4678,,,,,,,,,0.5721,Landratswahl,hauptwahl,30483,65165
16065000,2024,0.6166,,,,,,,,,0.4572,Landratswahl,hauptwahl,37839,61371
16065000,2024,0.5914,,,,,,,,,0.5858,Landratswahl,stichwahl,36266,61324
16066000,2006,0.4576,0.5425,,,,,,,CDU,0.5425,Landratswahl,hauptwahl,53406,116714
16066000,2012,0.5079,,0.4371,,,,,,SPD,0.4371,Landratswahl,hauptwahl,56045,110343
16066000,2012,0.4601,,0.5999,,,,,,SPD,0.5999,Landratswahl,stichwahl,50731,110255
16066000,2018,0.4841,,,,,,,,,0.5285,Landratswahl,hauptwahl,51167,105706
16066000,2024,0.6333,,,,,,,,,0.5249,Landratswahl,hauptwahl,65194,102943
16067000,2006,0.4419,0.4804,,,,,,,CDU,0.4804,Landratswahl,hauptwahl,53225,120433
16067000,2006,0.2806,0.6031,,,,,,,CDU,0.6031,Landratswahl,stichwahl,33810,120492
16067000,2012,0.4753,0.6359,,,,,,,CDU,0.6359,Landratswahl,hauptwahl,54898,115505
16067000,2018,0.4601,,,,,,,,,0.3775,Landratswahl,hauptwahl,52683,114505
16067000,2018,0.2995,,,,,,,,,0.6703,Landratswahl,stichwahl,34264,114401
16067000,2024,0.6171,,,,,,,,,0.437,Landratswahl,hauptwahl,68468,110957
16067000,2024,0.5784,,,,,,,,,0.628,Landratswahl,stichwahl,64110,110832
16068000,2006,0.4245,0.5143,,,,,,,CDU,0.5143,Landratswahl,hauptwahl,27474,64714
16068000,2012,0.4318,0.4382,,,,,,,CDU,0.4382,Landratswahl,hauptwahl,26426,61197
16068000,2012,0.2797,0.6534,,,,,,,CDU,0.6534,Landratswahl,stichwahl,17101,61150
16068000,2018,0.3817,,,,,,,,,0.9805,Landratswahl,hauptwahl,22759,59629
16068000,2024,0.6471,,,,,,,,,0.4631,Landratswahl,hauptwahl,37275,57599
16068000,2024,0.6167,,,,,,,,,0.5941,Landratswahl,stichwahl,35478,57533
16069000,2006,0.4429,0.6512,,,,,,,CDU,0.6512,Landratswahl,hauptwahl,26587,60025
16069000,2012,0.4709,0.6466,,,,,,,CDU,0.6466,Landratswahl,hauptwahl,26721,56747
16069000,2018,0.4942,,,,,,,,,0.6111,Landratswahl,hauptwahl,26934,54501
16069000,2024,0.6733,,,,,,,,,0.4242,Landratswahl,hauptwahl,34552,51314
16069000,2024,0.668,,,,,,,,,0.6948,Landratswahl,stichwahl,34243,51265
16070000,2006,0.4323,0.5097,,,,,,,CDU,0.5097,Landratswahl,hauptwahl,42352,97976
16070000,2012,0.5058,0.3957,,,,,,,CDU,0.3957,Landratswahl,hauptwahl,47611,94131
16070000,2012,0.4326,,,,,0.5775,,,DIE LINKE,0.5775,Landratswahl,stichwahl,40657,93985
16070000,2018,0.4862,,,,,,,,,0.5362,Landratswahl,hauptwahl,44430,91390
16070000,2024,0.656,,,,,,,,,0.482,Landratswahl,hauptwahl,56161,85608
16070000,2024,0.6144,,,,,,,,,0.6564,Landratswahl,stichwahl,52577,85569
16071000,2006,0.4569,,,,,,,,Einzelbewerber,0.5628,Landratswahl,hauptwahl,33300,72881
16071000,2012,0.4864,,0.778,,,,,,SPD/CDU,0.778,Landratswahl,hauptwahl,33906,69703
16071000,2018,0.4648,,,,,,,,,0.6042,Landratswahl,hauptwahl,32024,68899
16071000,2024,0.6533,,,,,,,,,0.4985,Landratswahl,hauptwahl,44224,67693
16071000,2024,0.619,,,,,,,,,0.5858,Landratswahl,stichwahl,41899,67691
16072000,2006,0.4765,0.4928,,,,,,,CDU,0.4928,Landratswahl,hauptwahl,26172,54923
16072000,2006,0.3033,0.5346,,,,,,,CDU,0.5346,Landratswahl,stichwahl,16654,54906
16072000,2012,0.5134,0.6983,,,,,,,CDU,0.6983,Landratswahl,hauptwahl,26249,51129
16072000,2018,0.4838,,,,,,,,,0.376,Landratswahl,hauptwahl,23626,48834
16072000,2018,0.3331,,,,,,,,,0.5617,Landratswahl,stichwahl,16253,48794
16072000,2023,0.4908,,,,,,,,,0.4667,Landratswahl,hauptwahl,23705,48299
16072000,2023,0.596,,,,,,,,,0.5277,Landratswahl,stichwahl,28763,48259
16073000,2006,0.4215,,0.4758,,,,,,SPD,0.4758,Landratswahl,hauptwahl,44528,105631
16073000,2006,0.301,,0.6226,,,,,,SPD,0.6226,Landratswahl,stichwahl,31809,105674
16073000,2012,0.4852,,,,,,,,Einzelbewerber,0.5898,Landratswahl,hauptwahl,47768,98442
16073000,2014,0.5077,0.3731,,,,,,,CDU,0.3731,Landratswahl,hauptwahl,48541,95607
16073000,2014,0.305,,0.5696,,,,,,SPD,0.5696,Landratswahl,stichwahl,29139,95552
16073000,2020,0.4244,,,,,,,,,0.5855,Landratswahl,hauptwahl,37951,89414
16074000,2006,0.4608,0.4698,,,,,,,CDU,0.4698,Landratswahl,hauptwahl,34975,75894
16074000,2006,0.3293,0.5259,,,,,,,CDU,0.5259,Landratswahl,stichwahl,24996,75903
16074000,2012,0.5281,0.5627,,,,,,,CDU,0.5627,Landratswahl,hauptwahl,38173,72287
16074000,2018,0.5228,,,,,,,,,0.5319,Landratswahl,hauptwahl,36927,70634
16074000,2024,0.6892,,,,,,,,,0.301,Landratswahl,hauptwahl,47547,68993
16074000,2024,0.6538,,,,,,,,,0.6062,Landratswahl,stichwahl,45093,68968
16075000,2006,0.3579,,0.5701,,,,,,SPD,0.5701,Landratswahl,hauptwahl,28044,78353
16075000,2012,0.3891,,0.3547,,,,,,SPD,0.3547,Landratswahl,hauptwahl,28642,73617
16075000,2012,0.3354,0.5272,,,,,,,CDU,0.5272,Landratswahl,stichwahl,24670,73553
16075000,2018,0.3316,,,,,,,,,0.6262,Landratswahl,hauptwahl,23204,69972
16075000,2024,0.6547,,,,,,,,,0.4566,Landratswahl,hauptwahl,43299,66139
16075000,2024,0.6862,,,,,,,,,0.5242,Landratswahl,stichwahl,45341,66078
16076000,2006,0.4764,0.4902,,,,,,,CDU,0.4902,Landratswahl,hauptwahl,47058,98783
16076000,2006,0.3547,0.5008,,,,,,,CDU,0.5008,Landratswahl,stichwahl,35037,98793
16076000,2012,0.4985,0.6045,,,,,,,CDU,0.6045,Landratswahl,hauptwahl,45262,90805
16076000,2018,0.5227,,,,,,,,,0.6589,Landratswahl,hauptwahl,44990,86066
16076000,2024,0.6756,,,,,,,,,0.3969,Landratswahl,hauptwahl,54710,80976
16076000,2024,0.6505,,,,,,,,,0.6404,Landratswahl,stichwahl,52600,80864
16077000,2006,0.363,,0.5564,,,,,,SPD,0.5564,Landratswahl,hauptwahl,32894,90613
16077000,2012,0.4192,,,,,,,,Einzelbewerber,0.3594,Landratswahl,hauptwahl,35096,83731
16077000,2012,0.342,,,,,0.5019,,,DIE LINKE,0.5019,Landratswahl,stichwahl,28611,83660
16077000,2018,0.467,,,,,,,,,0.3736,Landratswahl,hauptwahl,36743,78674
16077000,2018,0.3553,,,,,,,,,0.6881,Landratswahl,stichwahl,27925,78599
16077000,2024,0.5876,,,,,,,,,0.3296,Landratswahl,hauptwahl,43418,73887
16077000,2024,0.5829,,,,,,,,,0.5496,Landratswahl,stichwahl,43033,73831
