ags,election_year,turnout,cdu_csu,spd,gruene,fdp,linke_pds,afd,bsw,number_voters,eligible_voters
01001000,1998,0.5323,0.3123,0.3428,0.058,0.0242,,,,36670,68886
01001000,2003,0.4154,0.3697,0.2492,0.1068,0.0323,0,,,28898,69570
01001000,2008,0.4001,0.2052,0.1593,0.0726,0.0459,0.0734,,,29315,73266
01001000,2013,0.3591,0.2206,0.2069,0.1249,0.0411,0.0369,,,26961,75071
01001000,2018,0.3556,0.1936,0.1824,0.1882,0.0772,0.0748,0,,27322,76827
01002000,1998,0.5357,0.3138,0.4778,0.0959,0.0308,,,,100367,187342
01002000,2003,0.4735,0.4467,0.3272,0.1411,0.0368,0.0102,,,85967,181563
01002000,2008,0.468,0.286,0.3128,0.1659,0.0813,0.1112,,,88435,188971
01002000,2013,0.3715,0.2966,0.3571,0.1759,0.0389,0.0344,,,72414,194918
01002000,2018,0.458,0.2354,0.2985,0.2043,0.0646,0.0722,0.0594,,89925,196334
01003000,1998,0.5732,0.3809,0.4121,0.0785,0.0301,,,,98971,172660
01003000,2003,0.5037,0.5005,0.3241,0.0923,0.0522,0.0178,,,86336,171420
01003000,2008,0.4161,0.255,0.2874,0.1157,0.084,0.1169,,,72686,174677
01003000,2013,0.3709,0.3199,0.338,0.1653,0.0316,0.0393,,,65139,175620
01003000,2018,0.3429,0.2474,0.2762,0.154,0.0416,0.0485,0.0507,,60255,175725
01004000,1998,0.5276,0.3114,0.5238,0.0516,0.0298,,,,34077,64584
01004000,2003,0.4831,0.4526,0.4138,0.0813,0.0523,0,,,30749,63647
01004000,2008,0.4186,0.3435,0.3392,0.0891,0.0958,0.1325,,,26637,63631
01004000,2013,0.3978,0.3647,0.3401,0.125,0.0418,0.03,,,25358,63738
01004000,2018,0.3514,0.3403,0.2736,0.1637,0.0585,0.0426,0,,22786,64839
01051000,1998,0.6675,0.4104,0.3959,0.0361,0.0391,,,,72761,109010
01051000,2003,0.5615,0.5288,0.2614,0.0375,0.0515,0.0014,,,62353,111041
01051000,2008,0.5299,0.4338,0.2291,0.0441,0.0972,0.07,,,59779,112809
01051000,2013,0.5021,0.4332,0.2739,0.0828,0.0665,0.0225,,,56272,112071
01051000,2018,0.4905,0.3988,0.2023,0.0913,0.0906,0.035,0.0555,,54983,112085
01051000,2023,0.5235,0.3853,0.1719,0.0869,0.1144,0.0242,0.1072,,58823,112374
01053000,1998,0.6535,0.4116,0.4438,0.0751,0.0695,,,,91143,139461
01053000,2003,0.5665,0.5171,0.2945,0.0846,0.0657,0,,,83449,147308
01053000,2008,0.5267,0.4105,0.2796,0.1223,0.1029,0.0636,,,80732,153276
01053000,2013,0.4878,0.4098,0.3206,0.1658,0.0571,0.0307,,,76111,156029
01053000,2018,0.4916,0.3586,0.2484,0.1812,0.0681,0.0383,0.0766,,79081,160872
01053000,2023,0.5025,0.355,0.2056,0.1711,0.0684,0.0228,0.0967,,81791,162773
01054000,1998,0.6479,0.3658,0.3629,0.0482,0.0412,,,,83830,129392
01054000,2003,0.5766,0.479,0.2451,0.0589,0.0496,0,,,76257,132255
01054000,2008,0.5064,0.4048,0.2121,0.0663,0.0576,0.04,,,69576,137384
01054000,2013,0.5122,0.3958,0.2405,0.099,0.0367,0.0129,,,70501,137643
01054000,2018,0.5114,0.372,0.1963,0.1382,0.0496,0.0259,0.0362,,71348,139526
01054000,2023,0.5332,0.3361,0.1655,0.1268,0.0455,0.0117,0.0626,,74954,140577
01055000,1998,0.6511,0.3968,0.429,0.0545,0.0416,,,,104612,160671
01055000,2003,0.5605,0.5264,0.3003,0.0619,0.0547,0,,,92945,165830
01055000,2008,0.488,0.4018,0.2577,0.0849,0.0869,0.0549,,,83565,171248
01055000,2013,0.4794,0.3985,0.3026,0.1232,0.0545,0.0178,,,82077,171198
01055000,2018,0.4701,0.3746,0.2476,0.1622,0.0747,0.0059,0.0601,,81725,173861
01055000,2023,0.4882,0.3819,0.2059,0.1626,0.074,,0.0874,,84069,172218
01056000,1998,0.6216,0.3955,0.4425,0.0896,0.0714,,,,140631,226248
01056000,2003,0.521,0.5098,0.2968,0.1115,0.0819,0,,,121507,233211
01056000,2008,0.4536,0.3877,0.2784,0.1267,0.1106,0.0583,,,109659,241740
01056000,2013,0.4552,0.3915,0.3102,0.1556,0.0592,0.0247,,,113032,248303
01056000,2018,0.4659,0.3549,0.2439,0.1831,0.0799,0.0424,0.0697,,119157,255762
01056000,2023,0.485,0.3566,0.2093,0.2081,0.0879,0.0273,0.0903,,123780,255237
01057000,1998,0.7066,0.3863,0.4349,0.0601,0.0412,,,,71355,100978
01057000,2003,0.6227,0.4806,0.3219,0.0736,0.0411,0,,,65608,105353
01057000,2008,0.5793,0.372,0.2863,0.0894,0.0665,0.0629,,,62776,108361
01057000,2013,0.5372,0.3685,0.2981,0.1517,0.0419,0.0209,,,58019,107999
01057000,2018,0.5475,0.3527,0.2309,0.1983,0.0531,0.0347,0.0571,,59632,108909
01057000,2023,0.561,0.3325,0.1978,0.1868,0.0569,0.0196,0.0784,,61182,109050
01058000,1998,0.6771,0.4039,0.4236,0.0585,0.0567,,,,143251,211566
01058000,2003,0.5942,0.5167,0.2924,0.0767,0.0631,0,,,130732,219995
01058000,2008,0.5557,0.4251,0.2819,0.091,0.0938,0.0502,,,124783,224556
01058000,2013,0.541,0.4139,0.3134,0.1248,0.0519,0.0192,,,121700,224936
01058000,2018,0.5365,0.3991,0.2296,0.1594,0.0573,0.0336,0.0411,,122131,227625
01058000,2023,0.5446,0.3649,0.187,0.1607,0.0553,0.0143,0.0745,,124725,229003
01059000,1998,0.6849,0.4172,0.3797,0.0481,0.0278,,,,104416,152445
01059000,2003,0.581,0.5364,0.2665,0.0486,0.0288,0,,,91909,158193
01059000,2008,0.5336,0.4389,0.2245,0.0697,0.0638,0.0511,,,86759,162577
01059000,2013,0.5297,0.4056,0.2551,0.111,0.0331,0.0188,,,86746,163779
01059000,2018,0.5186,0.3856,0.2014,0.1508,0.0433,0.0273,0.0369,,86515,166828
01059000,2023,0.5397,0.3464,0.1624,0.1455,0.0479,0.0153,0.0697,,91616,169746
01060000,1998,0.6116,0.4234,0.4229,0.0707,0.0736,,,,118439,193665
01060000,2003,0.5156,0.5475,0.2787,0.0807,0.0807,0,,,105286,204203
01060000,2008,0.4791,0.4208,0.2632,0.114,0.1184,0.0735,,,102356,213637
01060000,2013,0.4487,0.437,0.2898,0.142,0.0608,0.031,,,97880,218118
01060000,2018,0.437,0.3696,0.2146,0.1505,0.082,0.0375,0.0752,,97823,223830
01060000,2023,0.478,0.3688,0.1826,0.1677,0.0846,0.0208,0.1027,,108521,227044
01061000,1998,0.6482,0.4074,0.435,0.0621,0.0407,,,,69552,107306
01061000,2003,0.5721,0.5452,0.2773,0.0819,0.0547,0,,,62080,108506
01061000,2008,0.4977,0.4389,0.25,0.0942,0.0933,0.0613,,,54913,110336
01061000,2013,0.4944,0.4014,0.2769,0.1135,0.0557,0.0197,,,54378,109997
01061000,2018,0.4928,0.3928,0.2118,0.1432,0.0745,0.0389,0.0606,,53970,109528
01061000,2023,0.5188,0.4054,0.1838,0.142,0.0592,,0.1059,,56492,108898
01062000,1998,0.6324,0.4193,0.4358,0.0916,0.0533,,,,109463,173084
01062000,2003,0.5689,0.5285,0.2898,0.1055,0.0637,0,,,102393,179977
01062000,2008,0.5082,0.4129,0.2731,0.1306,0.1019,0.0631,,,95264,187451
01062000,2013,0.4743,0.411,0.2998,0.1656,0.0618,0.0274,,,91883,193713
01062000,2018,0.484,0.3586,0.2164,0.1887,0.0836,0.0435,0.066,,96262,198878
01062000,2023,0.5043,0.3506,0.1985,0.1997,0.0865,0.0208,0.0835,,99512,197343
03101000,1991,0.6177,0.437,0.4045,0.0883,0.0569,,,,126579,204925
03101000,1996,0.5831,0.3976,0.3764,0.1169,0.0444,,,,117889,202187
03101000,2001,0.4834,0.4112,0.3687,0.0992,0.0763,0.0259,,,93743,193915
03101000,2006,0.4934,0.4455,0.2918,0.0977,0.0506,0.0436,,,96331,195232
03101000,2011,0.4944,0.3818,0.2948,0.1738,0.0209,0.0353,,,98103,198423
03101000,2016,0.5563,0.2621,0.3296,0.1201,0.0445,0.0458,0.0894,,112500,202232
03101000,2021,0.5536,0.2196,0.2949,0.2266,0.059,0.0392,0.0426,,109456,197728
03102000,1991,0.6295,0.4182,0.487,0.0614,0.0294,,,,54444,86482
03102000,1996,0.6115,0.3811,0.4165,0.0594,0.0253,,,,54059,88397
03102000,2001,0.5013,0.3772,0.4787,0.0271,0.0634,0.0139,,,42663,85103
03102000,2006,0.4605,0.349,0.4175,0.0322,0.0391,,,,38052,82635
03102000,2011,0.4464,0.3201,0.4448,0.0938,0.0183,0.04,,,35327,79129
03102000,2016,0.4547,0.3317,0.4139,0.0729,0.0365,0.0584,,,36011,79203
03102000,2021,0.481,0.2984,0.3503,0.0846,0.0498,0.0383,0.1048,,36970,76860
03103000,1991,0.649,0.4245,0.3743,0.0538,0.0355,,,,62291,95987
03103000,1996,0.6172,0.3795,0.4087,0.0742,0.0306,,,,62254,100863
03103000,2001,0.4937,0.416,0.3768,0.042,0.039,0.0102,,,48619,98481
03103000,2006,0.4608,0.3979,0.3278,0.056,0.0532,,,,45808,99407
03103000,2011,0.4939,0.3156,0.3773,0.0992,0.0235,,,,49622,100474
03103000,2016,0.5219,0.2497,0.3004,0.0736,0.0334,0.0297,0.1054,,52612,100818
03103000,2021,0.5348,0.2783,0.3048,0.1058,0.0514,0.0285,0.0597,,51560,96417
03151000,1991,0.7206,0.5019,0.349,0.072,0.0747,,,,77939,108158
03151000,1996,0.6864,0.4874,0.365,0.0781,0.0418,,,,85588,124684
03151000,2001,0.606,0.4786,0.3759,0.0574,0.0468,,,,80318,132530
03151000,2006,0.5322,0.4518,0.3799,0.0723,0.056,,,,73990,139015
03151000,2011,0.5429,0.4119,0.3603,0.1265,0.0296,0.0178,,,76008,140007
03151000,2016,0.5674,0.3707,0.2959,0.1122,0.0329,0.0255,0.0905,,80938,142652
03151000,2021,0.6047,0.3091,0.3132,0.1413,0.0494,0.0175,0.0755,,86401,142888
03153000,1991,0.6651,0.4217,0.4419,,0.0711,,,,85405,128400
03153000,1996,0.6447,0.4093,0.4512,,0.0527,,,,83452,129440
03153000,2001,0.5588,0.4026,0.4654,0.0545,0.0775,,,,72170,129142
03153000,2006,0.5098,0.3658,0.4472,0.0509,0.0778,,,,64616,126748
03153000,2011,0.5417,0.3527,0.402,0.1036,0.0387,0.0377,,,65954,121744
03153000,2016,0.522,0.2988,0.3799,0.0717,0.0542,0.0424,0.1108,,61832,118442
03153000,2021,0.5588,0.2727,0.4101,0.1057,0.0544,0.0367,0.0559,,61601,110246
03154000,1991,0.6868,0.4348,0.4229,0.0384,0.053,,,,54789,79773
03154000,1996,0.6773,0.3981,0.437,0.0576,0.0297,,,,55340,81708
03154000,2001,0.5936,0.403,0.4432,0.0374,0.0478,0.0112,,,47679,80324
03154000,2006,0.5139,0.3674,0.418,0.0489,0.0626,0.0137,,,41325,80421
03154000,2011,0.5588,0.3483,0.4191,0.0904,0.0315,0.0231,,,43481,77806
03154000,2016,0.551,0.3366,0.3448,0.0763,0.0435,0.0153,0.08,,42670,77442
03154000,2021,0.5708,0.3226,0.3426,0.1094,0.0572,0.0207,0.0675,,43407,76050
03155000,1991,0.741,0.3856,0.477,0.0548,0.0744,,,,89099,120237
03155000,1996,0.7096,0.3788,0.4598,0.0714,0.0639,,,,88024,124056
03155000,2001,0.6353,0.3789,0.4544,0.0513,0.0894,0.0113,,,77549,122060
03155000,2006,0.5854,0.3797,0.4561,0.0516,0.0901,0.0226,,,70588,120589
03155000,2011,0.568,0.3298,0.4292,0.0985,0.0646,0.0263,,,65928,116062
03155000,2016,0.5363,0.311,0.4076,0.0678,0.0711,0.0217,0.0853,,60860,113471
03155000,2021,0.5972,0.2594,0.3988,0.0932,0.1159,0.0256,0.0542,,66207,110854
03157000,1991,0.7032,0.3909,0.4967,0.0647,0.0296,,,,67175,95522
03157000,1996,0.6642,0.3771,0.4865,0.0813,0.025,,,,66850,100649
03157000,2001,0.5463,0.3789,0.4821,0.0514,0.0334,,,,57010,104362
03157000,2006,0.523,0.3486,0.4859,0.0634,0.0412,,,,56146,107344
03157000,2011,0.5346,0.3117,0.4681,0.1149,0.0218,0.0287,,,56818,106290
03157000,2016,0.5655,0.3044,0.4219,0.0851,0.0312,0.0268,0.087,,60989,107853
03157000,2021,0.5816,0.2841,0.3684,0.131,0.0509,0.022,0.0557,,63785,109679
03158000,1991,0.731,0.4729,0.4295,0.0645,0.0332,,,,68190,93283
03158000,1996,0.7077,0.4351,0.4235,0.089,0.0293,,,,69091,97634
03158000,2001,0.582,0.4436,0.4293,0.0647,0.0486,0.0138,,,58734,100911
03158000,2006,0.5577,0.4281,0.3973,0.0833,0.0451,,,,56899,102016
03158000,2011,0.5722,0.354,0.4085,0.1575,0.022,0.0272,,,57681,100801
03158000,2016,0.6081,0.3188,0.3688,0.1166,0.0436,0.0351,0.1061,,61317,100827
03158000,2021,0.6314,0.2903,0.3642,0.1624,0.0732,0.0259,0.0578,,62554,99079
03159000,1991,0.6609,0.4028,0.4147,0.0955,0.0599,,,,178518,270131
03159000,1996,0.6352,0.3878,0.4007,0.1148,0.0496,,,,177175,278919
03159000,2001,0.5648,0.3832,0.4079,0.095,0.0608,0.0167,,,155144,274688
03159000,2006,0.5151,0.3703,0.4086,0.1097,0.0646,0.0341,,,141187,274084
03159000,2011,0.5138,0.3278,0.3835,0.1727,0.0273,0.0342,,,138263,269087
03159000,2016,0.5402,0.3014,0.347,0.128,0.0437,0.0443,0.0536,,144834,268096
03159000,2021,0.5632,0.2763,0.3266,0.1898,0.0674,0.0414,0.0329,,146654,260413
03241000,1991,0.6589,0.3805,0.4082,0.0403,0.0646,,,,544192,825960
03241000,1996,0.617,0.3779,0.3819,0.1169,0.0451,,,,534454,866275
03241000,2001,0.5226,0.3625,0.4243,0.0914,0.0625,0.0138,,,452617,866129
03241000,2006,0.4696,0.352,0.3973,0.1095,0.0706,,,,414363,882323
03241000,2011,0.4974,0.31,0.3642,0.1894,0.0303,0.0325,,,442063,888828
03241000,2016,0.5492,0.2902,0.3124,0.1364,0.0537,0.048,0.1009,,500087,910600
03241000,2021,0.547,0.2619,0.2989,0.2127,0.0647,0.0361,0.0514,,492159,899730
03251000,1991,0.6982,0.4338,0.3715,0.0757,0.1189,,,,105459,151036
03251000,1996,0.631,0.4067,0.3734,0.0932,0.1201,,,,102436,162336
03251000,2001,0.5409,0.4139,0.3735,0.0741,0.1243,,,,91036,168291
03251000,2006,0.5075,0.4287,0.3531,0.0845,0.1193,0.0111,,,88224,173829
03251000,2011,0.5143,0.3767,0.3308,0.1522,0.0742,0.0211,,,90274,175518
03251000,2016,0.5508,0.3404,0.2809,0.1161,0.0837,0.0247,0.0773,,98399,178638
03251000,2021,0.582,0.3172,0.2744,0.1571,0.0924,0.0187,0.0456,,104821,180094
03252000,1991,0.7033,0.3909,0.4327,0.0658,0.0833,,,,87869,124937
03252000,1996,0.6489,0.3692,0.4289,0.0944,0.0697,,,,84254,129834
03252000,2001,0.5689,0.4023,0.4152,0.0681,0.0837,,,,73263,128788
03252000,2006,0.5154,0.3638,0.3759,0.0743,0.073,,,,66218,128470
03252000,2011,0.5103,0.3491,0.3734,0.1386,0.0353,0.0243,,,64103,125619
03252000,2016,0.5433,0.3136,0.3318,0.1097,0.0495,0.0326,0.1051,,67073,123466
03252000,2021,0.5345,0.3216,0.3304,0.1512,0.0594,0.0278,0.0513,,65055,121714
03254000,1991,0.7173,0.3951,0.4498,0.0573,0.0378,,,,159516,222384
03254000,1996,0.6829,0.3809,0.4416,0.0828,0.0272,,,,158634,232303
03254000,2001,0.5866,0.404,0.4483,0.0539,0.0342,,,,135931,231741
03254000,2006,0.5226,0.3887,0.4243,0.0683,0.0384,,,,121527,232555
03254000,2011,0.5383,0.3562,0.3961,0.1304,0.0158,0.0207,,,123673,229728
03254000,2016,0.5765,0.3274,0.3572,0.1022,0.0298,0.0285,0.0935,,131706,228467
03254000,2021,0.5897,0.3011,0.3403,0.1543,0.0492,0.0268,0.0515,,133148,225804
03255000,1991,0.7298,0.361,0.5091,0.0423,0.0837,,,,47321,64837
03255000,1996,0.7045,0.3469,0.4712,0.0504,0.0536,,,,47424,67316
03255000,2001,0.6307,0.3623,0.458,0.0375,0.0686,0.009,,,41481,65769
03255000,2006,0.5741,0.384,0.4345,0.0474,0.0887,,,,36622,63794
03255000,2011,0.5497,0.3054,0.4176,0.1165,0.0724,0.0158,,,33479,60902
03255000,2016,0.5721,0.3025,0.3395,0.0888,0.1123,0.0192,0.0777,,33770,59026
03255000,2021,0.5842,0.277,0.3293,0.119,0.1519,0.017,0.0467,,33611,57534
03256000,1991,0.6693,0.4833,0.3906,0.0665,0.0322,,,,61656,92116
03256000,1996,0.6418,0.4584,0.3717,0.0803,0.031,,,,62833,97896
03256000,2001,0.5551,0.4648,0.3837,0.0549,0.0437,,,,55168,99384
03256000,2006,0.5297,0.4579,0.3645,0.0534,0.0443,0.0144,,,53467,100936
03256000,2011,0.5222,0.4137,0.3527,0.1078,0.0276,0.0195,,,52802,101106
03256000,2016,0.5398,0.3991,0.2961,0.0863,0.0342,0.0217,0.0828,,53778,99631
03256000,2021,0.5663,0.3965,0.2734,0.128,0.057,0.0222,0.0517,,56109,99084
03257000,1991,0.7033,0.3867,0.468,0.0566,0.0378,,,,85554,121643
03257000,1996,0.6592,0.3587,0.4599,0.0693,0.0258,,,,84665,128444
03257000,2001,0.5821,0.3741,0.4569,0.0525,0.0346,,,,76268,131015
03257000,2006,0.525,0.3568,0.4613,0.0532,0.04,,,,69636,132634
03257000,2011,0.5037,0.3161,0.4309,0.1144,0.0168,0.0221,,,66054,131134
03257000,2016,0.5596,0.3014,0.3689,0.0945,0.023,0.0177,0.0957,,73410,131190
03257000,2021,0.5699,0.3121,0.3345,0.1333,0.047,0.0219,0.0525,,74628,130955
03351000,1991,0.6735,0.463,0.3235,0.0451,0.0651,,,,88647,131626
03351000,1996,0.6391,0.4269,0.3083,0.0727,0.056,,,,90083,140963
03351000,2001,0.5399,0.4595,0.2951,0.0624,0.0816,,,,77632,143797
03351000,2006,0.4799,0.4497,0.3038,0.0697,0.0984,,,,70538,146979
03351000,2011,0.5096,0.4111,0.3059,0.121,0.0449,0.0234,,,74394,145991
03351000,2016,0.5736,0.377,0.2657,0.0839,0.0547,0.0196,0.1076,,83937,146333
03351000,2021,0.5622,0.3439,0.238,0.128,0.0775,0.0214,0.074,,82227,146262
03352000,1991,0.7118,0.4505,0.416,0.0639,0.0387,,,,108466,152380
03352000,1996,0.6605,0.4329,0.416,0.0833,0.026,,,,106536,161292
03352000,2001,0.5674,0.4835,0.3903,0.0574,0.0372,,,,93599,164957
03352000,2006,0.5101,0.4624,0.3785,0.0556,0.0556,,,,85289,167207
03352000,2011,0.5381,0.397,0.381,0.1091,0.0228,0.0217,,,89447,166237
03352000,2016,0.5583,0.3913,0.3468,0.0846,0.0295,0.0258,0.0819,,92808,166244
03352000,2021,0.5818,0.3601,0.3268,0.1238,0.0536,0.0172,0.0487,,97015,166737
03353000,1991,0.6753,0.4557,0.3263,0.0858,0.0846,,,,106430,157600
03353000,1996,0.6416,0.4355,0.2846,0.1242,0.0674,,,,111405,173630
03353000,2001,0.5883,0.4291,0.3323,0.0856,0.0818,,,,108800,184954
03353000,2006,0.4963,0.4281,0.2875,0.0929,0.0934,,,,96403,194234
03353000,2011,0.5422,0.3803,0.3009,0.1659,0.0424,0.0189,,,108939,200924
03353000,2016,0.5699,0.3375,0.2528,0.1393,0.0584,0.0277,0.0977,,119428,209559
03353000,2021,0.5957,0.3226,0.2405,0.1953,0.0771,0.023,0.0502,,127460,213971
03354000,1991,0.7166,0.4694,0.305,0.0819,0.0366,,,,28504,39775
03354000,1996,0.7148,0.4082,0.263,0.1609,0.0378,,,,30207,42260
03354000,2001,0.626,0.4639,0.2321,0.0472,0.0454,,,,26628,42534
03354000,2006,0.5621,0.4202,0.2237,0.0726,0.0506,,,,24041,42769
03354000,2011,0.5905,0.3062,0.1978,0.1968,0.0276,,,,24556,41587
03354000,2016,0.5909,0.3026,0.1789,0.1165,0.0303,,0.0726,,24368,41238
03354000,2021,0.6257,0.2842,0.1762,0.1483,0.0306,0.0275,0.0455,,25554,40841
03355000,1991,0.6824,0.4366,0.3916,0.0909,0.0562,,,,74513,109191
03355000,1996,0.6281,0.3941,0.3595,0.1328,0.0419,,,,77727,123754
03355000,2001,0.5792,0.4081,0.3843,0.1038,0.059,,,,75868,130996
03355000,2006,0.5289,0.3584,0.3604,0.1436,0.0684,0.0345,,,73621,139203
03355000,2011,0.5465,0.2956,0.3494,0.229,0.0303,0.0373,,,77667,142128
03355000,2016,0.5846,0.2795,0.3009,0.1743,0.0496,0.0602,0.0934,,85874,146892
03355000,2021,0.6024,0.2516,0.2761,0.25,0.059,0.0456,0.0456,,89819,149102
03356000,1991,0.7371,0.3826,0.4338,0.0854,0.0387,,,,56656,76863
03356000,1996,0.6592,0.3483,0.4309,0.0984,0.0255,,,,55578,84308
03356000,2001,0.5721,0.3337,0.4261,0.0696,0.0522,,,,50331,87973
03356000,2006,0.5302,0.3343,0.4334,0.097,0.0648,,,,47985,90511
03356000,2011,0.521,0.2914,0.3804,0.1869,0.0204,0.0355,,,47806,91763
03356000,2016,0.5583,0.3083,0.3296,0.1228,0.0274,0.0551,0.0916,,52084,93293
03356000,2021,0.5973,0.297,0.3273,0.167,0.0425,0.0489,0.042,,56435,94484
03357000,1991,0.7299,0.5146,0.3341,0.058,0.029,,,,80631,110470
03357000,1996,0.675,0.4765,0.3526,0.0755,0.0253,,,,83399,123551
03357000,2001,0.6157,0.4947,0.3526,0.0554,0.0342,,,,78295,127156
03357000,2006,0.586,0.4831,0.3244,0.0657,0.0541,,,,77283,131891
03357000,2011,0.5767,0.432,0.3322,0.1266,0.0301,0.0161,,,77214,133895
03357000,2016,0.6004,0.4189,0.2945,0.1025,0.0306,0.0198,0.0657,,81083,135051
03357000,2021,0.6227,0.4128,0.2717,0.1322,0.0551,0.018,0.0171,,85106,136681
03358000,1991,0.6826,0.4533,0.3601,0.0715,0.0628,,,,67699,99173
03358000,1996,0.6441,0.4273,0.3722,0.0773,0.0469,,,,69112,107298
03358000,2001,0.5562,0.4769,0.3754,0.0526,0.0506,,,,61564,110677
03358000,2006,0.5296,0.4389,0.3475,0.0665,0.0577,,,,60460,114152
03358000,2011,0.5332,0.3699,0.3464,0.1254,0.0232,0.0207,,,60530,113515
03358000,2016,0.5542,0.3694,0.3286,0.0947,0.0338,0.0045,0.0902,,63702,114943
03358000,2021,0.5608,0.3294,0.3221,0.1176,0.0584,0.0182,0.0611,,64771,115488
03359000,1991,0.6607,0.4184,0.3868,0.0656,0.0572,,,,87894,133033
03359000,1996,0.6329,0.3944,0.3634,0.1058,0.0372,,,,92574,146274
03359000,2001,0.5553,0.4263,0.353,0.0689,0.0487,,,,84345,151893
03359000,2006,0.5179,0.4276,0.3379,0.0727,0.0467,0.0164,,,81989,158313
03359000,2011,0.5202,0.3739,0.32,0.1317,0.0227,0.0193,,,83851,161176
03359000,2016,0.5761,0.341,0.2809,0.1038,0.0389,0.0274,0.0884,,95792,166291
03359000,2021,0.5708,0.3303,0.2522,0.1451,0.0596,0.0256,0.0469,,96080,168325
03360000,1991,0.7205,0.491,0.3813,,0.0443,,,,54448,75574
03360000,1996,0.678,0.4785,0.355,0.1137,0.0327,,,,53537,78961
03360000,2001,0.6259,0.4881,0.3536,0.0741,0.0336,0.0076,,,49697,79401
03360000,2006,0.5698,0.4436,0.348,0.0735,0.0446,,,,45539,79925
03360000,2011,0.5641,0.3967,0.3079,0.1541,0.03,,,,44507,78906
03360000,2016,0.5737,0.3601,0.2706,0.1356,0.0352,0.0159,0.0768,,45074,78565
03360000,2021,0.5999,0.3557,0.2366,0.1678,0.0585,0.0175,0.0509,,46885,78150
03361000,1991,0.7125,0.4049,0.4231,0.1079,0.0641,,,,65657,92149
03361000,1996,0.6256,0.3943,0.4092,0.1372,0.0593,,,,62777,100350
03361000,2001,0.5477,0.3941,0.401,0.0879,0.0841,,,,56888,103870
03361000,2006,0.5485,0.3723,0.3924,0.1004,0.07,,,,58573,106788
03361000,2011,0.5344,0.3626,0.3716,0.1788,0.0332,0.0217,,,57718,108004
03361000,2016,0.5662,0.3543,0.3125,0.1425,0.0472,0.0314,0.0925,,62465,110327
03361000,2021,0.5946,0.3478,0.3005,0.1823,0.0674,0.0234,0.0509,,66184,111307
03401000,1991,0.6063,0.336,0.437,0.0751,0.0491,,,,35134,57946
03401000,1996,0.5114,0.3182,0.4237,0.0743,0.0395,,,,30840,60301
03401000,2001,0.3956,0.3652,0.3985,0.0657,0.0666,0.008,,,23347,59024
03401000,2006,0.4232,0.2741,0.4288,0.0437,0.105,,,,25288,59752
03401000,2011,0.4299,0.2581,0.3327,0.1466,0.0434,0.0347,,,25850,60124
03401000,2016,0.4477,0.2339,0.3161,0.0721,0.074,0.0403,0.1515,,27798,62091
03401000,2021,0.4692,0.2827,0.2902,0.1043,0.106,0.0382,0.083,,28580,60907
03402000,1991,0.5985,0.2738,0.6431,,0.0832,,,,23573,39385
03402000,1996,0.568,0.2587,0.5611,0.1037,0.0604,,,,23185,40816
03402000,2001,0.5197,0.2629,0.3946,0.0772,0.2429,0.0224,,,20780,39984
03402000,2006,0.4488,0.1923,0.5413,0.0775,0.1506,0.0383,,,18169,40483
03402000,2011,0.4582,0.2131,0.5153,0.1537,0.0857,0.0321,,,18808,41049
03402000,2016,0.4898,0.1913,0.31,0.1134,0.1209,0.0529,,,20142,41125
03402000,2021,0.4695,0.1799,0.3563,0.142,0.127,0.0515,,,18664,39755
03403000,1991,0.5983,0.3648,0.4138,0.1296,0.0722,,,,67916,113507
03403000,1996,0.5626,0.3284,0.3496,0.1835,0.0533,,,,67773,120466
03403000,2001,0.4948,0.3049,0.4012,0.1361,0.0824,0.0393,,,59911,121078
03403000,2006,0.4441,0.2599,0.3275,0.2124,0.0634,0.0725,,,55458,124867
03403000,2011,0.4742,0.2062,0.3404,0.2729,0.0299,0.0614,,,61279,129236
03403000,2016,0.5358,0.2222,0.3268,0.1913,0.0485,0.0989,0.0476,,71262,133010
03403000,2021,0.538,0.1779,0.29,0.3119,0.0531,0.0796,0.0272,,72723,135173
03404000,1991,0.6381,0.4101,0.4065,0.117,0.0664,,,,76912,120527
03404000,1996,0.5889,0.4159,0.3876,0.1249,0.0517,,,,74905,127202
03404000,2001,0.5034,0.4301,0.3167,0.1027,0.1089,0.0114,,,62017,123204
03404000,2006,0.4712,0.3841,0.3473,0.1211,0.0996,,,,58258,123646
03404000,2011,0.4586,0.3517,0.2988,0.2091,0.0461,0.0343,,,57246,124824
03404000,2016,0.5123,0.3759,0.2489,0.1815,0.0593,0.0476,,,67151,131077
03404000,2021,0.5335,0.2564,0.2334,0.2921,0.064,0.0463,0.0192,,70067,131323
03405000,1991,0.5992,0.3556,0.4613,0.0733,0.0366,,,,43047,71836
03405000,1996,0.5833,0.3516,0.4306,0.0862,0.0247,,,,41649,71401
03405000,2001,0.4987,0.3629,0.4525,0.0551,0.054,,,,33823,67821
03405000,2006,0.41,0.3225,0.3785,0.0644,0.1042,,,,27856,67949
03405000,2011,0.5066,0.334,0.3207,0.1419,0.0299,0.0287,,,34117,67340
03405000,2016,0.4878,0.2017,0.2594,0.1059,0.0864,0.0319,0.1133,,31865,65323
03405000,2021,0.4302,0.2057,0.2798,0.1309,0.0516,,0.0671,,27527,63986
03451000,1991,0.6841,0.3983,0.3839,0.0706,0.1201,,,,51839,75774
03451000,1996,0.6499,0.3897,0.35,0.0918,0.0717,,,,53621,82508
03451000,2001,0.5786,0.3941,0.3614,0.0736,0.0868,,,,50687,87599
03451000,2006,0.5321,0.3826,0.324,0.0799,0.1192,,,,49470,92972
03451000,2011,0.5537,0.3593,0.3234,0.1479,0.0619,0.0165,,,53735,97041
03451000,2016,0.5866,0.3394,0.2872,0.12,0.065,0.0284,0.0669,,59426,101311
03451000,2021,0.6133,0.32,0.2859,0.1435,0.0699,0.0278,0.0311,,63794,104014
03452000,1991,0.7095,0.3105,0.5528,0.0898,0.047,,,,95671,134846
03452000,1996,0.6749,0.3133,0.5588,0.0927,0.0307,,,,97599,144618
03452000,2001,0.5999,0.2763,0.4991,0.0529,0.0272,0.0136,,,89750,149596
03452000,2006,0.5845,0.2831,0.471,0.0572,0.0369,0.0347,,,90373,154613
03452000,2011,0.5326,0.2362,0.4522,0.1246,0.0191,0.0308,,,83705,157175
03452000,2016,0.5667,0.2485,0.3971,0.0851,0.0372,0.0327,0.0608,,90906,160404
03452000,2021,0.5838,0.2232,0.4247,0.105,0.0471,0.0276,0.0333,,94083,161144
03453000,1991,0.7169,0.6969,0.1881,0.0536,0.0305,,,,65075,90768
03453000,1996,0.6654,0.6892,0.1851,0.0609,0.0273,,,,70712,106270
03453000,2001,0.6059,0.7049,0.1825,0.0296,0.0281,,,,68041,112293
03453000,2006,0.5448,0.6788,0.176,0.0344,0.0518,,,,64960,119245
03453000,2011,0.5321,0.6475,0.1894,0.0672,0.0351,0.0029,,,66200,124412
03453000,2016,0.5514,0.5779,0.2169,0.0501,0.0395,0.0164,0.0333,,71903,130408
03453000,2021,0.5503,0.503,0.2237,0.0819,0.0597,0.0154,0.0516,,75621,137419
03454000,1991,0.708,0.6788,0.2108,0.0364,0.0309,,,,137909,194799
03454000,1996,0.6873,0.66,0.2034,0.0463,0.0298,,,,153120,222799
03454000,2001,0.6126,0.6646,0.1945,0.0288,0.0388,,,,142485,232593
03454000,2006,0.5616,0.6704,0.1864,0.0329,0.0541,0.0022,,,137622,245061
03454000,2011,0.5507,0.6304,0.1921,0.0717,0.0291,0.0081,,,139020,252459
03454000,2016,0.5711,0.593,0.1903,0.0587,0.0362,0.0093,0.0556,,149527,261809
03454000,2021,0.593,0.5429,0.1996,0.0873,0.0631,0.0134,0.0315,,159773,269435
03455000,1991,0.6715,0.3127,0.4777,0.0637,0.0784,,,,50185,74731
03455000,1996,0.649,0.2756,0.4297,0.0755,0.0705,,,,51137,78790
03455000,2001,0.5587,0.2894,0.4177,0.063,0.0847,,,,45016,80577
03455000,2006,0.4966,0.2791,0.4086,0.0606,0.096,,,,41017,82602
03455000,2011,0.5458,0.2396,0.3824,0.1207,0.0456,0.0175,,,45280,82967
03455000,2016,0.5644,0.2431,0.3426,0.1033,0.0544,0.0201,0.0774,,47166,83568
03455000,2021,0.5849,0.2125,0.3815,0.1309,0.0558,0.0173,0.0396,,49433,84522
03456000,1991,0.7155,0.4535,0.4134,0.0422,0.0453,,,,62687,87617
03456000,1996,0.6876,0.4658,0.3727,0.0567,0.0458,,,,67281,97855
03456000,2001,0.5892,0.5071,0.3464,0.0396,0.0521,,,,59625,101202
03456000,2006,0.5404,0.4892,0.3213,0.0426,0.0573,,,,57554,106499
03456000,2011,0.5648,0.4714,0.3377,0.0872,0.0361,0.0114,,,61520,108921
03456000,2016,0.5394,0.4715,0.3075,0.0748,0.044,0.0291,0.0105,,60120,111467
03456000,2021,0.5466,0.4274,0.3006,0.1259,0.0664,0.0158,0.0292,,61923,113294
03457000,1991,0.6795,0.362,0.4878,0.0599,0.0347,,,,76903,113174
03457000,1996,0.6445,0.3348,0.4757,0.0762,0.0265,,,,78443,121720
03457000,2001,0.5736,0.3355,0.4714,0.0653,0.037,,,,72731,126787
03457000,2006,0.5454,0.3507,0.4418,0.0728,0.0391,,,,72047,132098
03457000,2011,0.5154,0.3312,0.396,0.135,0.02,0.0274,,,69464,134769
03457000,2016,0.5506,0.324,0.3969,0.0872,0.0222,0.0193,0.0714,,76355,138678
03457000,2021,0.5661,0.2969,0.3812,0.1222,0.0494,0.0214,0.0498,,80028,141363
03458000,1991,0.6885,0.3833,0.3854,0.0768,0.132,,,,56073,81440
03458000,1996,0.6431,0.381,0.3915,0.0921,0.1116,,,,57541,89475
03458000,2001,0.5432,0.3766,0.3793,0.0639,0.1426,,,,51534,94872
03458000,2006,0.5613,0.3461,0.381,0.0727,0.1513,,,,55909,99607
03458000,2011,0.5494,0.3236,0.3384,0.1644,0.0867,0.0218,,,56621,103051
03458000,2016,0.5677,0.307,0.3052,0.1202,0.0981,0.0277,0.0784,,61147,107705
03458000,2021,0.5947,0.3086,0.2556,0.1827,0.1117,0.0271,0.0467,,65440,110047
03459000,1991,0.7167,0.4974,0.3677,0.0713,0.0538,,,,168902,235681
03459000,1996,0.6884,0.5093,0.3462,0.0827,0.0413,,,,181086,263058
03459000,2001,0.6156,0.5121,0.3486,0.0629,0.0581,,,,167905,272743
03459000,2006,0.5727,0.495,0.348,0.0758,0.0603,,,,161653,282279
03459000,2011,0.549,0.4371,0.3316,0.1397,0.0331,0.021,,,156602,285224
03459000,2016,0.5791,0.4086,0.2948,0.1054,0.0486,0.0323,0.0556,,168827,291534
03459000,2021,0.6006,0.3646,0.2845,0.1569,0.0722,0.0189,0.0284,,176769,294330
03460000,1991,0.7382,0.6734,0.2163,0.0401,0.0596,,,,57097,77351
03460000,1996,0.6815,0.6628,0.2111,0.0532,0.0486,,,,60065,88137
03460000,2001,0.6151,0.6832,0.1955,0.0292,0.0453,,,,57537,93546
03460000,2006,0.5637,0.6973,0.17,0.0239,0.0636,,,,56118,99560
03460000,2011,0.5538,0.6418,0.2022,0.0517,0.0446,0.0099,,,58546,105708
03460000,2016,0.5772,0.5908,0.2013,0.0419,0.0462,0.0158,0.059,,63796,110533
03460000,2021,0.5796,0.5495,0.1876,0.0933,0.0626,0.0142,0.0419,,65617,113210
03461000,1991,0.6811,0.3265,0.4907,0.0747,0.0979,,,,48135,70674
03461000,1996,0.6411,0.3195,0.5111,,0.0901,,,,47291,73763
03461000,2001,0.5421,0.3515,0.4708,0.0625,0.1058,,,,39880,73562
03461000,2006,0.5219,0.3339,0.4244,0.063,0.1151,,,,38897,74535
03461000,2011,0.5174,0.3133,0.3783,0.1468,0.0654,0.0358,,,38238,73910
03461000,2016,0.5181,0.2821,0.3726,0.1,0.0728,0.0293,0.0606,,38282,73885
03461000,2021,0.5434,0.2977,0.3381,0.1529,0.0918,0.023,,,39810,73257
03462000,1991,0.6914,0.4273,0.4434,0.0523,0.0371,,,,28582,41337
03462000,1996,0.682,0.4124,0.4584,0.0629,0.0221,,,,30055,44067
03462000,2001,0.5945,0.432,0.4574,0.0317,0.0303,,,,26945,45320
03462000,2006,0.5738,0.4432,0.4246,0.0403,0.0384,,,,26800,46706
03462000,2011,0.5601,0.4184,0.3794,0.0991,0.0275,0.0183,,,26509,47331
03462000,2016,0.586,0.3691,0.3986,0.0747,0.0301,0.0173,0.0467,,28050,47866
03462000,2021,0.5911,0.3351,0.4199,0.1021,0.0306,,0.0489,,28615,48408
05111000,1999,0.5021,0.4936,0.3522,0.0713,0.0431,0.0233,,,221855,441829
05111000,2004,0.5307,0.445,0.3034,0.1229,0.0617,0.0292,,,236934,446480
05111000,2009,0.4464,0.4257,0.2334,0.1456,0.1022,0.0539,,,205647,460693
05111000,2014,0.492,0.3669,0.2929,0.1375,0.0696,0.0519,0.0299,,231872,471272
05111000,2020,0.5257,0.3336,0.1792,0.2401,0.0915,0.0406,0.0358,,247356,470511
05111000,2025,0.531,0.3352,0.149,0.2194,0.0494,0.0643,0.1056,0.0161,249449,469732
05112000,1999,0.4422,0.4152,0.4529,0.0603,0.0264,0.0424,,,168063,380058
05112000,2004,0.4801,0.3602,0.3795,0.099,0.0437,0.0525,,,178741,372337
05112000,2009,0.4569,0.336,0.3897,0.0842,0.0437,0.0763,,,168269,368269
05112000,2014,0.4046,0.2478,0.4099,0.0737,0.0244,0.0657,0.0354,,147865,365492
05112000,2020,0.3915,0.2146,0.3084,0.1771,0.031,0.0553,0.0929,,141223,360750
05112000,2025,0.4833,0.1738,0.3259,0.0911,0.015,0.0599,0.2117,0.0211,169854,351441
05113000,1999,0.4935,0.4938,0.3504,0.0811,0.0286,0.0247,,,233793,473781
05113000,2004,0.495,0.3942,0.3418,0.1071,0.0403,0.0307,,,229662,463970
05113000,2009,0.4731,0.3194,0.3719,0.1136,0.0637,0.0563,,,217254,459246
05113000,2014,0.4527,0.3148,0.3396,0.1117,0.033,0.0533,0.0375,,207112,457477
05113000,2020,0.4813,0.3445,0.2426,0.1862,0.0305,0.0391,0.0746,,214839,446384
05113000,2025,0.5547,0.3022,0.2265,0.1234,0.0193,0.0584,0.1691,0.0155,239514,431774
05114000,1999,0.4975,0.5586,0.2857,0.0704,0.0389,0,,,88774,178431
05114000,2004,0.4844,0.4245,0.2864,0.1265,0.0913,0,,,86828,179249
05114000,2009,0.487,0.3559,0.3067,0.1441,0.1024,0.0369,,,88318,181360
05114000,2014,0.4521,0.3366,0.3472,0.1116,0.064,0.046,0.0425,,82380,182230
05114000,2020,0.4654,0.3041,0.2851,0.2013,0.0584,0.0322,0.0541,,83998,180491
05114000,2025,0.5138,0.3063,0.2595,0.1117,0.0353,0.0548,0.1549,,90269,175677
05116000,1999,0.4473,0.4876,0.2839,0.0774,0.0586,0,,,92245,206236
05116000,2004,0.4519,0.4312,0.2676,0.0937,0.0839,0,,,93336,206541
05116000,2009,0.4547,0.36,0.2903,0.1187,0.1013,0.0416,,,94514,207856
05116000,2014,0.4271,0.4145,0.2943,0.1067,0.0449,0.0445,0.0145,,89321,209119
05116000,2020,0.4347,0.3398,0.2517,0.2124,0.0553,0.0406,0.0594,,90024,207117
05116000,2025,0.4744,0.3316,0.2836,0.0859,0.0278,0.0561,0.1571,0.0212,96880,204219
05117000,1999,0.5317,0.3931,0.4228,0.06,0.0678,0,,,73259,137779
05117000,2004,0.5218,0.3334,0.3771,0.0905,0.062,0,,,70865,135818
05117000,2009,0.5185,0.2522,0.3427,0.1074,0.1123,0.044,,,69925,134866
05117000,2014,0.5035,0.2717,0.3152,0.1096,0.0532,0.041,0.0524,,67350,133767
05117000,2020,0.5028,0.2631,0.2134,0.234,0.0466,0.0271,0.0718,,65651,130571
05117000,2025,0.5725,0.3009,0.2546,0.1421,0.0323,0.0471,0.1515,,72067,125886
05119000,1999,0.4648,0.3791,0.501,0.0586,0.0295,0.0318,,,79292,170591
05119000,2004,0.4956,0.3197,0.5037,0.0764,0.0406,0.0597,,,84025,169530
05119000,2009,0.4615,0.2995,0.4401,0.1038,0.0703,0.0854,,,77399,167726
05119000,2014,0.437,0.3284,0.39,0.086,0.0283,0.0799,0,,72419,165717
05119000,2020,0.4139,0.3281,0.3167,0.1442,0.0302,0.0511,0.0761,,65999,159449
05119000,2025,0.5167,0.2684,0.261,0.0817,0.0206,0.0566,0.2154,0.0234,79136,153149
05120000,1999,0.4759,0.5003,0.3446,0.0553,0.0455,0,,,43701,91820
05120000,2004,0.4779,0.4132,0.3285,0.105,0.0784,0,,,43330,90668
05120000,2009,0.4739,0.362,0.3146,0.0964,0.1034,0.0546,,,41909,88442
05120000,2014,0.4297,0.3716,0.3478,0.0832,0.0467,0.0601,0,,37337,86886
05120000,2020,0.4372,0.2989,0.3445,0.1465,0.0527,0.0461,0.0097,,37508,85783
05120000,2025,0.4717,0.2685,0.3167,0.0828,0.0415,0.0633,0.1612,,39717,84194
05122000,1999,0.4873,0.5059,0.2957,0.059,0.0664,0,,,61067,125315
05122000,2004,0.4815,0.4324,0.2741,0.093,0.0878,0,,,60422,125498
05122000,2009,0.4717,0.334,0.2375,0.1307,0.1129,0.044,,,59284,125691
05122000,2014,0.437,0.3412,0.2959,0.1116,0.0493,0.0498,0.0297,,55448,126873
05122000,2020,0.4593,0.3023,0.2832,0.1819,0.0554,0.0425,0.0505,,58009,126301
05122000,2025,0.518,0.2991,0.1773,0.1129,0.02,0.0519,0.15,,63952,123468
05124000,1999,0.5036,0.4634,0.3776,0.0683,0.0462,0.0299,,,140933,279873
05124000,2004,0.4908,0.3783,0.2826,0.1229,0.0646,0.0362,,,135010,275092
05124000,2009,0.451,0.3574,0.2709,0.153,0.0772,0.0639,,,122360,271285
05124000,2014,0.4503,0.2909,0.3001,0.1494,0.0546,0.0805,0.0243,,122119,271188
05124000,2020,0.4687,0.2418,0.2894,0.1958,0.072,0.0662,0.0611,,124569,265748
05124000,2025,0.4941,0.2217,0.2877,0.1142,0.0424,0.0843,0.1715,0.0251,125683,254358
05154000,1999,0.594,0.5989,0.2841,0.0656,0.0514,0,,,135225,227661
05154000,2004,0.5609,0.5486,0.2567,0.1043,0.0905,0,,,135217,241087
05154000,2009,0.5299,0.5192,0.2289,0.1078,0.1093,0.0347,,,133632,252163
05154000,2014,0.4826,0.4621,0.267,0.1055,0.0601,0.0278,0.0288,,124322,257592
05154000,2020,0.5155,0.441,0.1961,0.1958,0.0644,0.0184,0.0403,,136609,265011
05154000,2025,0.5295,0.4342,0.1806,0.1243,0.0476,0.0461,0.1305,,140294,264979
05158000,1999,0.5496,0.5193,0.3162,0.0692,0.0586,0,,,216482,393884
05158000,2004,0.5495,0.4633,0.2933,0.1014,0.0785,0,,,219110,398778
05158000,2009,0.5326,0.4151,0.2333,0.134,0.1059,0.043,,,213157,400207
05158000,2014,0.5171,0.4252,0.2769,0.1182,0.0488,0.0379,0.0216,,207304,400914
05158000,2020,0.5378,0.3858,0.1726,0.2248,0.0643,0.0321,0.0562,,213770,397492
05158000,2025,0.5733,0.3608,0.1695,0.1453,0.0551,0.0434,0.1458,,223528,389875
05162000,1999,0.5573,0.5575,0.2699,0.0567,0.053,0.0123,,,189756,340512
05162000,2004,0.5568,0.4966,0.2593,0.0826,0.0755,0.0199,,,194545,349378
05162000,2009,0.5304,0.4378,0.2264,0.1051,0.1163,0.0283,,,188278,354958
05162000,2014,0.4976,0.4223,0.2571,0.1035,0.0715,0.0324,0.038,,179507,360745
05162000,2020,0.5363,0.3781,0.2324,0.1898,0.0686,0.0231,0.0447,,195411,364372
05162000,2025,0.5739,0.3879,0.22,0.1198,0.0496,0.0382,0.1273,0.0081,205672,358355
05166000,1999,0.5437,0.5699,0.2898,0.0755,0.0634,0,,,124943,229813
05166000,2004,0.5512,0.5046,0.2727,0.1087,0.1112,0,,,131490,238545
05166000,2009,0.541,0.4679,0.2303,0.1123,0.1217,0.0351,,,132087,244136
05166000,2014,0.5072,0.4585,0.2496,0.1131,0.0734,0.0352,0.0365,,124788,246047
05166000,2020,0.5269,0.4196,0.1937,0.2092,0.0708,0.0285,0.0385,,130588,247851
05166000,2025,0.5726,0.405,0.1629,0.1565,0.0511,0.0421,0.1316,,139519,243655
05170000,1999,0.5557,0.4649,0.393,0.0805,0.0444,0,,,200466,360753
05170000,2004,0.5597,0.4131,0.3812,0.1032,0.0721,0,,,209198,373789
05170000,2009,0.5446,0.3765,0.3568,0.1105,0.0782,0.0513,,,207036,380195
05170000,2014,0.5145,0.3707,0.3741,0.0996,0.0368,0.0481,0.0255,,195143,379290
05170000,2020,0.5333,0.3279,0.2967,0.1898,0.0549,0.0413,0.056,,200134,375309
05170000,2025,0.5809,0.3316,0.2904,0.1083,0.0354,0.0548,0.1351,,214989,370081
05314000,1999,0.5724,0.5097,0.2763,0.1031,0.0579,0.0151,,,122388,213807
05314000,2004,0.5582,0.3796,0.296,0.1617,0.0845,0.0184,,,123383,221023
05314000,2009,0.5602,0.3292,0.2382,0.1861,0.1296,0.0378,,,130796,233485
05314000,2014,0.5682,0.3048,0.2341,0.1862,0.0818,0.0624,0.0287,,139212,244997
05314000,2020,0.5707,0.2574,0.1556,0.2786,0.0515,0.062,0.0324,,142152,249091
05314000,2025,0.6485,0.3192,0.1183,0.2625,0.0294,0.0869,0.0604,0.0114,160220,247052
05315000,1999,0.4581,0.4522,0.303,0.1574,0.0412,0.0214,,,325833,711252
05315000,2004,0.4821,0.3271,0.3096,0.1655,0.0742,0.0296,,,352713,731637
05315000,2009,0.4908,0.2787,0.2802,0.2167,0.0942,0.0484,,,375429,764876
05315000,2014,0.4966,0.2723,0.2939,0.1952,0.0509,0.0696,0.036,,398718,802891
05315000,2020,0.5141,0.2149,0.2158,0.2852,0.0526,0.0648,0.0438,,421823,820526
05315000,2025,0.5704,0.1989,0.1988,0.2502,0.0387,0.1083,0.0911,0.0195,461664,809416
05316000,1999,0.5079,0.4633,0.2998,0.0668,0.0364,0,,,62918,123867
05316000,2004,0.4908,0.368,0.2674,0.0945,0.0546,0,,,61693,125708
05316000,2009,0.4797,0.3268,0.246,0.1015,0.0757,0.0329,,,60815,126771
05316000,2014,0.4619,0.3252,0.2825,0.0931,0.0382,0.0382,0,,59276,128339
05316000,2020,0.4851,0.2779,0.2518,0.1816,0.0484,0.0345,0.0571,,61527,126846
05316000,2025,0.5395,0.3099,0.2154,0.1092,0.0328,0.0511,0.1536,,66983,124154
05334000,1999,0.5937,0.5126,0.3487,0.0767,0.0362,0.019,,,239541,403440
05334000,2004,0.5739,0.4108,0.3231,0.1224,0.0586,0.0105,,,241050,419991
05334000,2009,0.5465,0.3822,0.2915,0.1479,0.0864,0.0444,,,234606,429311
05334000,2014,0.5207,0.3802,0.3182,0.1329,0.0453,0.0541,0.0078,,228518,438884
05334000,2020,0.5318,0.3186,0.2514,0.2457,0.0496,0.037,0.0489,,232399,437044
05334000,2025,0.5911,0.3674,0.1984,0.1607,0.0311,0.0572,0.1276,0.0106,252156,426623
05358000,1999,0.6333,0.5264,0.3594,0.0528,0.0362,0.0135,,,127542,201381
05358000,2004,0.5858,0.5229,0.289,0.0804,0.0553,0.0291,,,122021,208301
05358000,2009,0.5738,0.4544,0.2698,0.0929,0.0822,0.0341,,,121484,211701
05358000,2014,0.5181,0.4277,0.3036,0.0992,0.0389,0.0396,0.0243,,110437,213174
05358000,2020,0.5587,0.4103,0.2517,0.1499,0.0438,0.0256,0.0638,,119766,214351
05358000,2025,0.6008,0.3858,0.21,0.09,0.0275,0.0381,0.1795,0.021,128571,214011
05362000,1999,0.6012,0.4973,0.3874,0.063,0.0513,0,,,205732,342175
05362000,2004,0.5668,0.4504,0.3457,0.0997,0.092,0,,,201660,355818
05362000,2009,0.5607,0.4161,0.2812,0.1138,0.0971,0.0372,,,205007,365657
05362000,2014,0.496,0.4076,0.3184,0.1131,0.0492,0.0341,0,,186050,375116
05362000,2020,0.5397,0.3799,0.2467,0.1861,0.0519,0.0323,0.0539,,205375,380534
05362000,2025,0.5861,0.3721,0.2092,0.1326,0.0349,0.0438,0.1468,0.0195,221487,377881
05366000,1999,0.6123,0.5874,0.2286,0.0562,0.0644,0,,,89438,146068
05366000,2004,0.573,0.5021,0.2197,0.0815,0.1012,0,,,87675,153006
05366000,2009,0.5634,0.4177,0.2128,0.0912,0.1536,0.043,,,88556,157176
05366000,2014,0.5139,0.4217,0.2535,0.0964,0.0825,0.0388,0.0504,,81101,157829
05366000,2020,0.5601,0.3846,0.2393,0.1505,0.0789,0.0243,0.0655,,90543,161642
05366000,2025,0.6144,0.3474,0.2468,0.0847,0.0658,0.0397,0.1604,0.0106,99559,162042
05370000,1999,0.6,0.5891,0.2967,0.0632,0.0511,0,,,112941,188225
05370000,2004,0.5773,0.5481,0.2584,0.0905,0.0878,0,,,114348,198089
05370000,2009,0.5502,0.5175,0.1977,0.0972,0.09,0.0349,,,112440,204369
05370000,2014,0.5162,0.5133,0.2257,0.1021,0.0429,0.0326,0.033,,107007,207313
05370000,2020,0.5434,0.515,0.1556,0.167,0.0485,0.0274,0.0432,,114997,211639
05370000,2025,0.5728,0.4669,0.1379,0.1108,0.0377,0.0377,0.1621,,121577,212251
05374000,1999,0.5767,0.5262,0.3174,0.0575,0.056,0,,,125057,216840
05374000,2004,0.5604,0.4863,0.3007,0.0798,0.0798,0,,,125303,223581
05374000,2009,0.5376,0.4433,0.2561,0.0934,0.1099,0.0319,,,120981,225045
05374000,2014,0.5244,0.4324,0.2789,0.0895,0.0545,0.0346,0.0388,,117310,223717
05374000,2020,0.523,0.3942,0.2136,0.1728,0.0701,0.0296,0.0591,,116441,222630
05374000,2025,0.5891,0.3629,0.2049,0.0964,0.0396,0.0432,0.1809,0.0238,129092,219146
05378000,1999,0.5741,0.5134,0.2849,0.0804,0.0714,0,,,124344,216588
05378000,2004,0.5854,0.4041,0.2778,0.1214,0.1004,0,,,131435,224522
05378000,2009,0.5855,0.3837,0.2293,0.1285,0.119,0.0326,,,134161,229132
05378000,2014,0.5559,0.4111,0.2415,0.1371,0.0647,0.0395,0.0451,,129018,232070
05378000,2020,0.5677,0.3725,0.1876,0.2442,0.0652,0.0291,0.0476,,132053,232605
05378000,2025,0.6192,0.3733,0.1757,0.1685,0.046,0.0464,0.1204,,141564,228615
05382000,1999,0.5992,0.57,0.2786,0.0863,0.0593,0,,,259623,433292
05382000,2004,0.5847,0.4942,0.2574,0.1178,0.084,0.0157,,,266134,455136
05382000,2009,0.5533,0.4303,0.2264,0.1361,0.1277,0.0307,,,260384,470584
05382000,2014,0.56,0.421,0.2658,0.1275,0.0586,0.0372,0.0347,,269293,480854
05382000,2020,0.5646,0.3938,0.2153,0.2179,0.0568,0.0323,0.0458,,276474,489668
05382000,2025,0.6136,0.3866,0.1976,0.1461,0.0377,0.0378,0.1334,0.0187,297625,485062
05512000,1999,0.5456,0.4203,0.4021,0.0447,0.0245,0,,,51584,94538
05512000,2004,0.5639,0.3714,0.4123,0.0495,0.0329,0,,,53675,95177
05512000,2009,0.5181,0.2848,0.4218,0.0623,0.0542,0.0455,,,49235,95039
05512000,2014,0.4848,0.2719,0.4767,0.0548,0.0269,0.0409,0.0177,,45529,93907
05512000,2020,0.4833,0.2394,0.4024,0.1284,0.0415,0.0343,0.07,,44584,92241
05512000,2025,0.5583,0.2676,0.3163,0.0672,0.0241,0.0467,0.2184,,50071,89679
05513000,1999,0.4443,0.4192,0.4164,0.0603,0.0215,0.0271,,,93816,211144
05513000,2004,0.485,0.3541,0.4195,0.068,0.0328,0.0322,,,99064,204238
05513000,2009,0.4576,0.2253,0.5039,0.0639,0.0446,0.0547,,,90654,198087
05513000,2014,0.4308,0.2105,0.5022,0.0586,0.0202,0.0466,0.0498,,84137,195313
05513000,2020,0.4153,0.2322,0.3506,0.1224,0.0403,0.0346,0.1287,,78382,188716
05513000,2025,0.4963,0.1916,0.3036,0.0463,0.0268,0.0433,0.2992,0.0157,91853,185093
05515000,1999,0.6518,0.5405,0.2619,0.1121,0.0502,0.0141,,,134280,206025
05515000,2004,0.5942,0.4272,0.2529,0.1939,0.0785,0.0152,,,125336,210916
05515000,2009,0.5824,0.392,0.25,0.1936,0.0897,0.0335,,,129112,221698
05515000,2014,0.5965,0.3521,0.2698,0.2014,0.0585,0.0504,0.026,,145217,243442
05515000,2020,0.6296,0.327,0.176,0.3025,0.046,0.0488,0.022,,155621,247189
05515000,2025,0.6481,0.3132,0.1414,0.3163,0.0292,0.0843,0.0452,,162219,250306
05554000,1999,0.605,0.5913,0.2511,0.0486,0.0286,0,,,160694,265607
05554000,2004,0.5959,0.5516,0.2174,0.0725,0.0602,0,,,167253,280681
05554000,2009,0.5913,0.4954,0.2189,0.0826,0.0878,0.0247,,,173261,293027
05554000,2014,0.5379,0.5184,0.2258,0.0846,0.0417,0.0212,0.0211,,160604,298599
05554000,2020,0.5908,0.4938,0.1585,0.1499,0.0601,0.0208,0.0295,,179056,303081
05554000,2025,0.6132,0.4763,0.1504,0.0962,0.0428,0.038,0.1007,0.0135,186893,304797
05558000,1999,0.6282,0.6241,0.2499,0.0723,0.0414,0,,,101605,161750
05558000,2004,0.6243,0.5356,0.2444,0.1096,0.0873,0,,,107382,171998
05558000,2009,0.6174,0.5008,0.2184,0.1089,0.0954,0.0275,,,109816,177856
05558000,2014,0.5869,0.4917,0.2379,0.1201,0.0518,0.026,0,,105968,180555
05558000,2020,0.6229,0.4695,0.1689,0.2173,0.0552,0.0226,0.0062,,114093,183169
05558000,2025,0.6567,0.4713,0.1556,0.1599,0.037,0.035,0.0918,,120024,182772
05562000,1999,0.5427,0.4523,0.4069,0.0568,0.0284,0.0192,,,276357,509270
05562000,2004,0.5483,0.3907,0.3889,0.0842,0.0511,0.0352,,,280874,512294
05562000,2009,0.5281,0.3465,0.3719,0.0887,0.0743,0.0648,,,269639,510608
05562000,2014,0.48,0.3378,0.4045,0.0881,0.0386,0.0526,0,,242237,504681
05562000,2020,0.4906,0.3357,0.3041,0.1718,0.0448,0.0417,0.0706,,243580,496476
05562000,2025,0.5633,0.334,0.2749,0.093,0.0271,0.0443,0.1961,0.0238,271539,482048
05566000,1999,0.6104,0.5505,0.329,0.0686,0.0519,0,,,200354,328231
05566000,2004,0.594,0.5083,0.3034,0.1005,0.0879,0,,,203288,342226
05566000,2009,0.5802,0.4634,0.2907,0.1093,0.1013,0.0347,,,204895,353127
05566000,2014,0.5601,0.4447,0.3157,0.1103,0.0452,0.0376,0,,200632,358233
05566000,2020,0.5782,0.3964,0.2428,0.1943,0.0576,0.0312,0.0301,,210448,363972
05566000,2025,0.6103,0.3959,0.2273,0.1382,0.0401,0.0506,0.1081,,221460,362854
05570000,1999,0.6239,0.5567,0.274,0.0572,0.0477,0.0106,,,131365,210549
05570000,2004,0.6169,0.4952,0.2409,0.0959,0.0762,0,,,134600,218181
05570000,2009,0.5837,0.447,0.2225,0.1142,0.1022,0.0299,,,129522,221914
05570000,2014,0.5538,0.4495,0.2537,0.1187,0.0515,0.0295,0.0297,,124109,224085
05570000,2020,0.5811,0.4129,0.2072,0.1876,0.0627,0.0247,0.034,,131069,225560
05570000,2025,0.5991,0.4121,0.1792,0.1315,0.0432,0.0475,0.1077,,134070,223783
05711000,1999,0.5793,0.4572,0.3132,0.106,0.0326,0.0281,,,141717,244647
05711000,2004,0.5381,0.3678,0.3143,0.1546,0.0434,0.027,,,135298,251458
05711000,2009,0.5286,0.3322,0.3026,0.1725,0.0561,0.0574,,,133080,251782
05711000,2014,0.5104,0.302,0.3083,0.1589,0.0295,0.0728,0,,130477,255657
05711000,2020,0.5357,0.2775,0.2494,0.2232,0.0705,0.0612,0.0343,,136485,254778
05711000,2025,0.5737,0.2937,0.2173,0.1503,0.0477,0.1051,0.1215,0.0124,143704,250486
05754000,1999,0.5847,0.5444,0.2757,0.0655,0.0373,0,,,151559,259218
05754000,2004,0.567,0.4916,0.2705,0.0855,0.0586,0,,,154058,271726
05754000,2009,0.5538,0.4416,0.2462,0.1133,0.0805,0.0294,,,155822,281350
05754000,2014,0.507,0.4441,0.2686,0.1162,0.0341,0.0352,0.0373,,146420,288817
05754000,2020,0.5361,0.3912,0.1922,0.2098,0.0577,0.0245,0.0442,,157779,294290
05754000,2025,0.5457,0.3969,0.1823,0.1302,0.0418,0.0464,0.1369,,159975,293154
05758000,1999,0.5691,0.4756,0.4185,0.0547,0.0473,0,,,113655,199716
05758000,2004,0.54,0.418,0.391,0.0898,0.0636,0,,,110346,204331
05758000,2009,0.5342,0.3545,0.3733,0.1044,0.0915,0.0412,,,109789,205506
05758000,2014,0.5124,0.3483,0.3978,0.104,0.0337,0.044,0.0433,,104729,204381
05758000,2020,0.533,0.2988,0.3537,0.1603,0.0376,0.0334,0.0587,,108108,202834
05758000,2025,0.5745,0.2976,0.2964,0.0898,0.0328,0.0519,0.1806,,114150,198711
05762000,1999,0.6534,0.5881,0.2638,0.0518,0.0338,0,,,79002,120903
05762000,2004,0.6089,0.5664,0.2261,0.0771,0.0563,0,,,74279,121983
05762000,2009,0.5961,0.4935,0.2324,0.0864,0.0801,0.0313,,,72508,121647
05762000,2014,0.5708,0.5088,0.253,0.0952,0.0418,0.0316,0,,67784,118753
05762000,2020,0.5979,0.4664,0.1809,0.144,0.0488,0.0184,0.0441,,69429,116112
05762000,2025,0.6437,0.448,0.1556,0.0884,0.0354,0.0328,0.1449,,73197,113706
05766000,1999,0.5998,0.4551,0.4018,0.0647,0.0475,0,,,170571,284382
05766000,2004,0.5913,0.4082,0.3701,0.0953,0.0645,0,,,170348,288089
05766000,2009,0.5583,0.3509,0.3516,0.1051,0.0984,0.0402,,,160592,287662
05766000,2014,0.5258,0.3422,0.3815,0.1072,0.0514,0.0438,0.033,,149866,285000
05766000,2020,0.5481,0.2944,0.2969,0.197,0.0694,0.0321,0.0578,,154465,281834
05766000,2025,0.5944,0.2848,0.269,0.1171,0.0411,0.0433,0.1678,,164463,276705
05770000,1999,0.5619,0.4893,0.376,0.0627,0.0527,0,,,142073,252835
05770000,2004,0.5558,0.4298,0.3443,0.0871,0.0712,0,,,143552,258290
05770000,2009,0.5275,0.3864,0.3353,0.0956,0.0913,0.0328,,,136586,258911
05770000,2014,0.4932,0.3745,0.3544,0.0979,0.0446,0.0369,0.0415,,126544,256597
05770000,2020,0.5247,0.3579,0.2827,0.1676,0.0651,0.0278,0.059,,132973,253438
05770000,2025,0.5795,0.3309,0.2647,0.0895,0.0483,0.0476,0.1812,,144794,249867
05774000,1999,0.5575,0.6167,0.2343,0.0634,0.0415,0,,,120705,216524
05774000,2004,0.5448,0.5941,0.211,0.0883,0.0658,0,,,124280,228102
05774000,2009,0.519,0.5259,0.1833,0.1115,0.1083,0.0348,,,122724,236475
05774000,2014,0.5061,0.5185,0.2141,0.1113,0.0439,0.041,0.036,,122868,242760
05774000,2020,0.5291,0.4675,0.1554,0.1822,0.0565,0.0324,0.0494,,129960,245607
05774000,2025,0.5857,0.4448,0.1205,0.1427,0.0337,0.0524,0.1508,0.0132,143899,245703
05911000,1999,0.5098,0.4046,0.4125,0.1056,0.0294,0,,,153932,301932
05911000,2004,0.5371,0.323,0.4093,0.1196,0.043,0.0337,,,161788,301240
05911000,2009,0.4948,0.2735,0.3893,0.1239,0.0766,0.0693,,,147668,298427
05911000,2014,0.4845,0.2571,0.3865,0.1282,0.0282,0.0625,0.0349,,143104,295356
05911000,2020,0.4867,0.2082,0.3371,0.2217,0.0327,0.0608,0.0564,,139781,287203
05911000,2025,0.5499,0.2003,0.2811,0.1439,0.0193,0.0954,0.1485,0.0166,154828,281567
05913000,1999,0.5493,0.4172,0.4099,0.0992,0.0178,0,,,246117,448081
05913000,2004,0.5034,0.3274,0.4134,0.1145,0.0384,0.0284,,,226041,449050
05913000,2009,0.4672,0.2873,0.3779,0.1544,0.0635,0.0551,,,210050,449610
05913000,2014,0.4488,0.2718,0.3818,0.1541,0.0245,0.0685,0.0338,,204985,456717
05913000,2020,0.4705,0.2251,0.2996,0.2481,0.0349,0.0562,0.0548,,212639,451925
05913000,2025,0.5304,0.2211,0.2489,0.1648,0.021,0.0797,0.166,0.0201,234283,441696
05914000,1999,0.4986,0.4546,0.398,0.0592,0.0463,0.0095,,,80208,160864
05914000,2004,0.4783,0.373,0.3625,0.0734,0.0531,0.0259,,,75070,156940
05914000,2009,0.4569,0.333,0.2931,0.1186,0.0757,0.041,,,69690,152513
05914000,2014,0.4512,0.3198,0.3277,0.09,0.0361,0.0428,0.0374,,67973,150645
05914000,2020,0.4203,0.2751,0.2548,0.1328,0.0463,0.0288,0.0931,,61941,147361
05914000,2025,0.4793,0.2636,0.1989,0.0744,0.0302,0.0395,0.2241,0.0305,68132,142145
05915000,1999,0.5378,0.4962,0.3581,0.0542,0.0238,0,,,72067,134002
05915000,2004,0.5375,0.4734,0.3454,0.0746,0.0303,0,,,72884,135588
05915000,2009,0.5219,0.4697,0.3228,0.0816,0.0571,0.047,,,71006,136063
05915000,2014,0.5146,0.426,0.351,0.0727,0.041,0.0434,0.0064,,70709,137400
05915000,2020,0.5219,0.3336,0.3707,0.1273,0.051,0.0295,0.0467,,71272,136561
05915000,2025,0.5375,0.2288,0.4618,0.0472,0.0197,0.0271,0.163,0.018,71608,133226
05916000,1999,0.4724,0.4015,0.4452,0.0638,0.0184,0.0341,,,61197,129535
05916000,2004,0.4996,0.3122,0.446,0.0837,0.0332,0.0338,,,63363,126822
05916000,2009,0.4516,0.2589,0.4545,0.0933,0.064,0.0744,,,56231,124527
05916000,2014,0.4218,0.2587,0.4478,0.0933,0.0283,0.062,0.0417,,51721,122623
05916000,2020,0.4147,0.2001,0.4414,0.1581,0.0331,0.0405,0.0845,,49537,119462
05916000,2025,0.4835,0.1784,0.3702,0.0846,0.0178,0.0564,0.2244,0.0217,55690,115184
05954000,1999,0.5492,0.4061,0.4138,0.0822,0.0472,0,,,153596,279677
05954000,2004,0.56,0.3424,0.3873,0.1144,0.0689,0.0104,,,156373,279256
05954000,2009,0.5481,0.2942,0.3877,0.1282,0.0857,0.053,,,151464,276357
05954000,2014,0.4905,0.2867,0.3943,0.1298,0.045,0.0541,0.0359,,134060,273305
05954000,2020,0.5157,0.2675,0.3127,0.2078,0.058,0.0382,0.0535,,137783,267170
05954000,2025,0.5826,0.2598,0.2893,0.129,0.0454,0.0548,0.1667,0.0197,150922,259035
05958000,1999,0.6287,0.6169,0.2951,0.042,0.046,0,,,139167,221354
05958000,2004,0.593,0.5965,0.2611,0.0663,0.0761,0,,,132008,222598
05958000,2009,0.5769,0.5274,0.2531,0.0669,0.0987,0.0308,,,128068,222009
05958000,2014,0.5365,0.5232,0.273,0.0683,0.0514,0.032,0,,117300,218621
05958000,2020,0.566,0.4834,0.2121,0.1359,0.061,0.02,0.0369,,121889,215334
05958000,2025,0.6151,0.4661,0.2227,0.0725,0.0386,0.032,0.1211,,128949,209627
05962000,1999,0.5239,0.4995,0.3465,0.0501,0.0378,0,,,182580,348485
05962000,2004,0.5049,0.4439,0.2999,0.0775,0.074,0,,,176806,350178
05962000,2009,0.4887,0.3972,0.2842,0.096,0.1028,0.0432,,,169095,346000
05962000,2014,0.4449,0.4069,0.3106,0.0823,0.0519,0.0421,0.0302,,150723,338816
05962000,2020,0.4622,0.3813,0.2284,0.1424,0.075,0.0434,0.0574,,151801,328462
05962000,2025,0.5183,0.3701,0.1912,0.0778,0.046,0.0578,0.1832,0.0153,164690,317779
05966000,1999,0.6113,0.6789,0.2605,0.0436,0.0171,0,,,65160,106600
05966000,2004,0.6046,0.621,0.2607,0.0675,0.0508,0,,,66276,109614
05966000,2009,0.5774,0.5594,0.1967,0.0692,0.0723,0.0244,,,64223,111235
05966000,2014,0.5238,0.5425,0.2325,0.0698,0.0372,0.027,0,,57845,110423
05966000,2020,0.5789,0.5164,0.1843,0.1218,0.0432,0.0198,0.0398,,63225,109207
05966000,2025,0.6081,0.4915,0.1795,0.0812,0.0291,0.0251,0.1197,0.0054,64856,106651
05970000,1999,0.5925,0.4924,0.3429,0.0513,0.057,0,,,135266,228293
05970000,2004,0.5353,0.4199,0.3069,0.0777,0.0798,0,,,123163,230064
05970000,2009,0.5367,0.3774,0.3074,0.0953,0.1103,0.0373,,,123383,229908
05970000,2014,0.5168,0.3637,0.3576,0.0887,0.0635,0.0442,0.0289,,118058,228439
05970000,2020,0.5583,0.3366,0.2999,0.1405,0.0608,0.0353,0.0672,,124930,223779
05970000,2025,0.5951,0.3221,0.254,0.0786,0.048,0.0477,0.1703,,127792,214740
05974000,1999,0.5952,0.5231,0.3106,0.0491,0.0453,0,,,140436,235946
05974000,2004,0.5775,0.4781,0.2691,0.0635,0.0796,0,,,140481,243274
05974000,2009,0.5241,0.4277,0.2395,0.074,0.1022,0.033,,,129593,247248
05974000,2014,0.5118,0.429,0.2793,0.0754,0.0508,0.0324,0.0339,,126837,247812
05974000,2020,0.5344,0.4194,0.203,0.1644,0.0673,0.0267,0.0448,,133046,248970
05974000,2025,0.5858,0.3952,0.1985,0.1056,0.0513,0.0383,0.1378,0.0152,143576,245073
05978000,1999,0.5622,0.4504,0.4203,0.081,0.0357,0.0126,,,181862,323475
05978000,2004,0.556,0.3675,0.4058,0.1024,0.0632,0.0342,,,182672,328573
05978000,2009,0.5399,0.2846,0.4202,0.1164,0.0761,0.0492,,,177250,328282
05978000,2014,0.5016,0.2943,0.4186,0.1122,0.034,0.0495,0,,163152,325244
05978000,2020,0.4886,0.2723,0.3206,0.1932,0.0475,0.0343,0.05,,157202,321737
05978000,2025,0.5663,0.2723,0.3077,0.0999,0.0272,0.0466,0.1704,0.0144,178311,314879
06431000,1993,0.7041,0.352,0.353,0.1029,0.0353,,,,134943,191643
06431000,1997,0.6334,0.3637,0.3757,0.0926,0.0286,0,,,124775,196993
06431000,2001,0.5199,0.4319,0.3878,0.0733,0.0452,,,,104643,201262
06431000,2006,0.46,0.423,0.34,0.0796,0.0559,,,,94369,205154
06431000,2011,0.4928,0.3685,0.2916,0.1938,0.0378,0.022,,,101821,206614
06431000,2016,0.4762,0.3305,0.2391,0.1111,0.0691,0.031,0.1592,,100957,212006
06431000,2021,0.5143,0.3747,0.1991,0.1825,0.0724,0.0303,0.0808,,109849,213577
06431000,2026,0.5417,0.3606,0.1599,0.1377,0.0403,0.0349,0.1759,0.0166,113628,209772
06432000,1993,0.7113,0.306,0.4323,0.1409,0.0623,,,,138976,195371
06432000,1997,0.666,0.2896,0.461,0.1228,0.0378,0,,,138252,207589
06432000,2001,0.5401,0.3544,0.4501,0.1087,0.0517,,,,116192,215114
06432000,2006,0.4695,0.369,0.3981,0.1104,0.056,,,,102840,219029
06432000,2011,0.5016,0.3039,0.361,0.2161,0.0355,0.0308,,,111862,223032
06432000,2016,0.4885,0.269,0.3191,0.1352,0.0619,0.0365,0.1291,,112504,230302
06432000,2021,0.5346,0.2562,0.3224,0.1828,0.0601,0.0342,0.0599,,124129,232193
06432000,2026,0.5641,0.2906,0.2456,0.148,0.0338,0.0511,0.121,0.0192,127770,226517
06433000,1993,0.704,0.2702,0.4192,0.1394,0.0458,,,,116258,165132
06433000,1997,0.6705,0.2651,0.4752,0.123,0.0313,0,,,119080,177594
06433000,2001,0.5232,0.2997,0.459,0.1189,0.044,,,,94721,181028
06433000,2006,0.4371,0.3202,0.4256,0.1133,0.0458,,,,79618,182168
06433000,2011,0.4363,0.301,0.3689,0.2147,0.0268,,,,81574,186955
06433000,2016,0.4312,0.2421,0.3383,0.1015,0.0424,,0.1321,,85142,197438
06433000,2021,0.4905,0.2597,0.2874,0.1862,0.0463,,0.0709,,77067,157135
06433000,2026,0.5033,0.2767,0.2611,0.1312,0.0262,,0.143,0.0194,100013,198714
06434000,1993,0.7278,0.3611,0.2668,0.1404,0.0839,,,,116412,159961
06434000,1997,0.6372,0.3931,0.266,0.1374,0.0741,0,,,106239,166726
06434000,2001,0.5435,0.4225,0.2756,0.1182,0.0943,,,,93027,171168
06434000,2006,0.472,0.4582,0.233,0.1103,0.0949,,,,80915,171424
06434000,2011,0.5124,0.3974,0.1976,0.2133,0.0695,0.0229,,,88873,173449
06434000,2016,0.5278,0.3407,0.1798,0.1382,0.1133,0.0316,0.1117,,93945,178008
06434000,2021,0.566,0.3508,0.1369,0.2302,0.1115,0.0296,0.0595,,100694,177919
06434000,2026,0.5699,0.3691,0.123,0.1795,0.0745,0.0386,0.1104,,100352,176082
06435000,1993,0.7239,0.3148,0.3697,0.0991,0.044,,,,205585,283978
06435000,1997,0.6664,0.3269,0.3853,0.1026,0.0296,0,,,197466,296339
06435000,2001,0.5316,0.3806,0.3996,0.0833,0.04,0.0088,,,161309,303441
06435000,2006,0.4513,0.386,0.3536,0.0762,0.0617,0.0362,,,138734,307443
06435000,2011,0.4666,0.3312,0.3559,0.1511,0.0328,0.0325,,,145547,311914
06435000,2016,0.4902,0.2708,0.3363,0.0832,0.0572,0.0332,0.1462,,157100,320453
06435000,2021,0.4937,0.2622,0.3084,0.1558,0.0627,0.0339,0.092,,159986,324054
06435000,2026,0.5642,0.293,0.2436,0.1016,0.0348,0.0435,0.194,,142300,252214
06436000,1993,0.7241,0.3619,0.274,0.1234,0.0745,,,,112390,155217
06436000,1997,0.6508,0.3837,0.2877,0.1254,0.07,0,,,105967,162821
06436000,2001,0.5497,0.4399,0.287,0.1155,0.0666,,,,92605,168468
06436000,2006,0.4716,0.4625,0.2418,0.1124,0.0823,,,,80075,169806
06436000,2011,0.499,0.4194,0.2256,0.213,0.0524,,,,86520,173379
06436000,2016,0.5258,0.3365,0.206,0.1417,0.0926,,0.1269,,94679,180077
06436000,2021,0.5531,0.3727,0.1613,0.222,0.0802,0.0365,0.0619,,100140,181065
06436000,2026,0.5576,0.372,0.1443,0.1758,0.0613,0.044,0.1195,,99498,178435
06437000,1993,0.7389,0.2302,0.4604,0.0966,0.0189,,,,51068,69117
06437000,1997,0.7058,0.2436,0.4764,0.0831,0.0187,0,,,51483,72946
06437000,2001,0.5984,0.2871,0.4585,0.0702,0.0292,,,,44999,75203
06437000,2006,0.5258,0.2931,0.4358,0.063,0.0381,,,,40172,76395
06437000,2011,0.5131,0.2542,0.341,0.1455,0.0304,0.0292,,,38956,75929
06437000,2016,0.5197,0.213,0.351,0.0762,0.0599,0.0372,0.1258,,39839,76664
06437000,2021,0.5308,0.2298,0.3346,0.1172,0.0535,0.0352,0.064,,40865,76983
06437000,2026,0.5726,0.2353,0.2584,0.0885,0.0286,0.0419,0.1785,,43088,75245
06438000,1993,0.7103,0.3629,0.3036,0.1267,0.046,,,,162349,228550
06438000,1997,0.6636,0.3729,0.3304,0.1298,0.0395,0,,,159426,240239
06438000,2001,0.5084,0.4548,0.3211,0.1108,0.0463,,,,125344,246541
06438000,2006,0.4491,0.4618,0.2783,0.1096,0.0632,0.0274,,,111475,248205
06438000,2011,0.4529,0.3755,0.2539,0.2091,0.0432,0.0261,,,113979,251665
06438000,2016,0.4555,0.3244,0.2378,0.1196,0.0729,0.0335,0.1468,,119459,262257
06438000,2021,0.49,0.317,0.1856,0.2202,0.0863,0.0381,0.0689,,130292,265881
06438000,2026,0.5179,0.3316,0.1729,0.1607,0.0519,0.0519,0.1553,,136860,264266
06439000,1993,0.7199,0.3167,0.345,0.1143,0.0756,,,,94637,131462
06439000,1997,0.6604,0.3305,0.3516,0.1133,0.0539,0,,,89910,136148
06439000,2001,0.5562,0.3911,0.3724,0.0998,0.0647,,,,77532,139395
06439000,2006,0.5001,0.3981,0.3362,0.1026,0.0609,,,,70622,141207
06439000,2011,0.514,0.3582,0.3081,0.1895,0.0496,0.0231,,,73332,142664
06439000,2016,0.5316,0.3529,0.2413,0.1122,0.0679,0.032,0.1342,,77583,145940
06439000,2021,0.5633,0.3316,0.2106,0.1974,0.0702,0.0363,0.0768,,82985,147332
06439000,2026,0.5859,0.3637,0.1957,0.1555,0.0421,0.0472,0.146,,84648,144487
06440000,1993,0.7168,0.3216,0.3584,0.0868,0.043,,,,146394,204235
06440000,1997,0.6817,0.3435,0.3793,0.0963,0.032,0,,,144593,212114
06440000,2001,0.5351,0.4101,0.3883,0.0747,0.0402,,,,118154,220827
06440000,2006,0.4862,0.4003,0.3539,0.0719,0.0495,,,,109027,224243
06440000,2011,0.4974,0.3558,0.3185,0.1578,0.0358,0.024,,,113919,229009
06440000,2016,0.5167,0.3046,0.2803,0.0902,0.057,0.033,0.1219,,121955,236024
06440000,2021,0.5354,0.3284,0.207,0.1904,0.0647,0.0365,0.0691,,128577,240133
06440000,2026,0.5666,0.3284,0.1806,0.1376,0.0367,0.0468,0.1608,,135563,239273
06531000,1993,0.7239,0.2983,0.3617,0.1029,0.0385,,,,131451,181594
06531000,1997,0.6771,0.3048,0.3818,0.1007,0.033,0,,,126456,186750
06531000,2001,0.5339,0.3517,0.3854,0.0847,0.049,,,,101423,189970
06531000,2006,0.4483,0.3455,0.3558,0.0902,0.053,0.038,,,87147,194376
06531000,2011,0.4801,0.292,0.3351,0.1673,0.0347,0.0251,,,95664,199247
06531000,2016,0.4991,0.2416,0.2854,0.1077,0.051,,0.1445,,102573,205517
06531000,2021,0.5192,0.2531,0.2102,0.2134,0.0532,,0.0746,,108324,208650
06531000,2026,0.5822,0.2639,0.2023,0.1375,0.032,0.0814,0.161,0.0188,119254,204829
06532000,1993,0.6744,0.2373,0.3636,0.073,0.0429,,,,128146,190028
06532000,1997,0.6273,0.2626,0.3851,0.0684,0.0329,0,,,122801,195765
06532000,2001,0.4771,0.3542,0.3953,0.058,0.0411,,,,94575,198226
06532000,2006,0.4039,0.3808,0.3519,0.0559,0.0422,,,,79918,197860
06532000,2011,0.4133,0.3472,0.3295,0.1357,0.0307,0.0271,,,81505,197184
06532000,2016,0.4454,0.3124,0.2986,0.0829,0.0537,0.0321,0.1003,,87791,197094
06532000,2021,0.4694,0.3009,0.2493,0.1417,0.0549,0.0359,0.0898,,92155,196324
06532000,2026,0.51,0.3172,0.2019,0.1001,0.0311,0.0403,0.1919,0.0141,98346,192850
06533000,1993,0.7188,0.3752,0.3599,0.0591,0.0293,,,,89381,124355
06533000,1997,0.6559,0.3893,0.362,0.0664,0.0209,0,,,85100,129745
06533000,2001,0.5348,0.4703,0.3464,0.0495,0.0273,,,,71234,133209
06533000,2006,0.461,0.48,0.3192,0.0518,0.0333,,,,61998,134488
06533000,2011,0.4717,0.4355,0.3009,0.1263,0.0317,0.026,,,63185,133960
06533000,2016,0.5007,0.3863,0.2793,0.0705,0.0601,0.0334,0.0941,,67270,134353
06533000,2021,0.5208,0.367,0.2473,0.1364,0.065,0.026,0.0716,,70280,134949
06533000,2026,0.5524,0.3843,0.1935,0.1029,0.0355,0.0367,0.172,,73092,132325
06534000,1993,0.7164,0.3321,0.3775,0.1177,,,,,130131,181651
06534000,1997,0.6798,0.3314,0.3724,0.1099,0.0234,0.0184,,,124571,183237
06534000,2001,0.5563,0.3828,0.3877,0.0863,0.0394,0.0239,,,103258,185628
06534000,2006,0.4733,0.3961,0.3608,0.0893,0.04,0.0491,,,88485,186965
06534000,2011,0.5007,0.3345,0.3626,0.1641,0.0259,0.0434,,,94363,188467
06534000,2016,0.4868,0.272,0.3497,0.0952,0.0387,0.0655,0.1249,,92072,189127
06534000,2021,0.5181,0.2627,0.3055,0.1602,0.045,0.0656,0.0682,,97808,188777
06534000,2026,0.5811,0.2809,0.2331,0.1311,0.0265,0.0853,0.1611,,107931,185730
06535000,1993,0.7506,0.2968,0.3999,0.0696,0.044,,,,68032,90635
06535000,1997,0.7225,0.324,0.407,0.0643,0.0378,0,,,66091,91474
06535000,2001,0.5822,0.3769,0.3902,0.0522,0.0567,,,,54215,93120
06535000,2006,0.5324,0.403,0.3742,0.0527,0.0527,,,,49029,92090
06535000,2011,0.5327,0.3512,0.343,0.1283,0.0449,0.0358,,,47519,89199
06535000,2016,0.5696,0.3554,0.3176,0.0771,0.0464,0.0398,0.0577,,49576,87044
06535000,2021,0.5615,0.3329,0.2475,0.0981,0.0624,0.04,0.0823,,48394,86182
06535000,2026,0.6298,0.3327,0.2033,0.079,0.0207,0.0379,0.1933,,53186,84444
06631000,1993,0.7618,0.4937,0.2357,0.0734,0.0341,,,,117866,154729
06631000,1997,0.7069,0.4989,0.2583,0.0728,0.0295,0.0093,,,114069,161367
06631000,2001,0.5713,0.5856,0.2335,0.0518,0.0291,,,,94441,165313
06631000,2006,0.4765,0.5778,0.2056,0.053,0.0401,,,,80140,168183
06631000,2011,0.5116,0.5299,0.1908,0.1445,0.0368,,,,87208,170459
06631000,2016,0.5453,0.4652,0.1549,0.0806,0.0551,,0.1433,,94696,173644
06631000,2021,0.5622,0.4409,0.1231,0.1202,0.0655,,0.1004,,98295,174831
06631000,2026,0.6055,0.4446,0.096,0.0824,0.0312,0.0295,0.2,,105075,173523
06632000,1993,0.76,0.2746,0.4655,0.0802,0.036,,,,78038,102678
06632000,1997,0.7202,0.3299,0.4943,0.0553,0.0203,0,,,74424,103342
06632000,2001,0.6107,0.3538,0.5068,0.04,0.0281,,,,63095,103323
06632000,2006,0.5418,0.3718,0.4814,0.0289,0.0298,0.0192,,,54738,101037
06632000,2011,0.5198,0.3414,0.4291,0.102,0.0357,0.0251,,,51399,98879
06632000,2016,0.5389,0.2998,0.3686,0.0594,0.0514,0.0277,0.1242,,52496,97416
06632000,2021,0.5387,0.2579,0.3716,0.0922,0.0552,0.0224,0.0828,,52061,96650
06632000,2026,0.5706,0.2837,0.2941,0.0732,0.0346,0.0321,0.2027,,53363,93514
06633000,1993,0.7405,0.2858,0.5197,0.0988,0.0573,,,,137734,185995
06633000,1997,0.7149,0.2786,0.5197,0.098,0.0278,0,,,136281,190635
06633000,2001,0.58,0.3044,0.5498,0.0758,0.0467,,,,112890,194651
06633000,2006,0.5022,0.3133,0.5152,0.0814,0.046,,,,97346,193844
06633000,2011,0.5248,0.2621,0.4798,0.1452,0.0235,0.0295,,,101309,193043
06633000,2016,0.5193,0.2277,0.4434,0.0865,0.0408,0.0389,0.1102,,100032,192647
06633000,2021,0.5012,0.2421,0.4064,0.1413,0.0405,0.0388,0.0605,,96548,192642
06633000,2026,0.5707,0.2581,0.3298,0.1076,0.0209,0.0508,0.1615,0.0154,107812,188898
06634000,1993,0.7803,0.2512,0.465,0.0777,0.0611,,,,114064,146171
06634000,1997,0.7329,0.2482,0.4998,0.0731,0.0428,0,,,109722,149704
06634000,2001,0.6312,0.2914,0.5186,0.055,0.0552,,,,95968,152052
06634000,2006,0.5544,0.3054,0.4726,0.0572,0.0593,,,,83218,150111
06634000,2011,0.5585,0.2764,0.4412,0.1291,0.0482,0.0304,,,82807,148262
06634000,2016,0.558,0.2379,0.387,0.073,0.0629,0.0275,0.1024,,81741,146477
06634000,2021,0.551,0.2259,0.348,0.1169,0.0687,0.0282,0.0684,,80352,145827
06634000,2026,0.6015,0.2312,0.2954,0.0832,0.0424,0.0414,0.192,,86062,143087
06635000,1993,0.7205,0.2797,0.3707,0.066,0.0705,,,,90669,125847
06635000,1997,0.6787,0.2838,0.3713,0.067,0.0535,0,,,88713,130715
06635000,2001,0.5617,0.3419,0.3898,0.0547,0.0664,,,,74262,132212
06635000,2006,0.5071,0.3512,0.3604,0.0597,0.0726,0.0172,,,66699,131521
06635000,2011,0.5107,0.3058,0.3447,0.1427,0.0595,0.0227,,,66205,129635
06635000,2016,0.5042,0.28,0.3107,0.0822,0.0693,0.0259,0.1129,,64506,127941
06635000,2021,0.5255,0.2817,0.2552,0.1439,0.0842,0.027,0.0699,,66323,126210
06635000,2026,0.5655,0.3002,0.2082,0.1047,0.0543,0.0336,0.1827,,69651,123164
06636000,1993,0.7379,0.2898,0.5204,0.0929,0.097,,,,68621,93001
06636000,1997,0.7212,0.248,0.4951,0.0708,0.054,0,,,66665,92440
06636000,2001,0.581,0.2925,0.4941,0.0568,0.0561,,,,53042,91302
06636000,2006,0.5434,0.3186,0.4925,0.0483,0.0546,,,,47987,88306
06636000,2011,0.5423,0.3095,0.4407,0.1183,0.039,0.0335,,,46248,85274
06636000,2016,0.5348,0.3067,0.4176,0.0758,0.049,0.0452,,,44611,83418
06636000,2021,0.5594,0.3041,0.3279,0.1321,0.04,0.0406,0.0521,,45938,82123
06636000,2026,0.5884,0.2582,0.2792,0.0974,0.0271,0.0553,0.1547,,46893,79697
07111000,1994,0.6818,0.4281,0.4112,0.0925,0.0313,,,,57819,84806
07111000,1999,0.5319,0.4999,0.3454,0.0648,0.0344,,,,44680,84005
07111000,2004,0.4833,0.4507,0.3082,0.0866,0.0594,,,,39974,82707
07111000,2009,0.453,0.3501,0.2556,0.1012,0.0864,0.0203,,,37768,83377
07111000,2014,0.4787,0.3612,0.2465,0.1389,0.0422,0.0435,0.0416,,41609,86929
07111000,2019,0.5773,0.2601,0.1982,0.2439,0.0415,0.0375,0.0665,,49917,86471
07131000,1994,0.7397,0.5288,0.3046,0.0843,0.0492,,,,68464,92562
07131000,1999,0.6242,0.5648,0.2568,0.0499,0.0436,,,,61610,98697
07131000,2004,0.5596,0.5513,0.2003,0.0736,0.0646,,,,56862,101619
07131000,2009,0.547,0.4591,0.1882,0.0949,0.1078,,,,55872,102148
07131000,2014,0.567,0.4565,0.1908,0.1025,0.046,0.0205,0.0563,,57945,102198
07131000,2019,0.631,0.3568,0.1515,0.1824,0.0732,0.0305,0.0716,,66098,104750
07132000,1994,0.7453,0.4149,0.3886,0.0654,0.0492,,,,74458,99906
07132000,1999,0.6257,0.4976,0.3588,0.0408,0.043,,,,64328,102806
07132000,2004,0.5576,0.5133,0.2923,0.0584,0.0587,,,,58537,104985
07132000,2009,0.5341,0.4239,0.3011,0.0641,0.0992,0.0358,,,55799,104479
07132000,2014,0.5472,0.4298,0.3384,0.0689,0.0393,0.0365,,,56387,103048
07132000,2019,0.5947,0.3523,0.2504,0.1297,0.0649,0.0351,0.0863,,61030,102617
07133000,1994,0.7431,0.3459,0.4274,0.0929,0.0502,,,,87209,117359
07133000,1999,0.6222,0.4182,0.4098,0.0577,0.047,,,,77115,123948
07133000,2004,0.5918,0.3996,0.3386,0.0817,0.0737,,,,72772,122958
07133000,2009,0.5531,0.3695,0.329,0.0804,0.0993,0.0342,,,68450,123750
07133000,2014,0.5754,0.3741,0.3451,0.0806,0.0442,0.0346,0.0517,,71495,124255
07133000,2019,0.6112,0.3137,0.2513,0.1496,0.0679,0.0366,0.0956,,76421,125035
07134000,1994,0.7006,0.3665,0.4765,,0.0772,,,,49545,70718
07134000,1999,0.5966,0.4105,0.4397,,0.0614,,,,42397,71067
07134000,2004,0.5357,0.4181,0.3731,,0.0929,,,,37670,70321
07134000,2009,0.5047,0.3047,0.3712,,0.1382,0.057,,,34931,69207
07134000,2014,0.5278,0.3462,0.3591,0.0503,0.0627,0.0464,0.0173,,35263,66816
07134000,2019,0.5682,0.303,0.2994,0.1093,0.0906,0.0433,,,37210,65490
07135000,1994,0.8137,0.5937,0.2998,0.0775,0.029,,,,40742,50070
07135000,1999,0.7438,0.6343,0.2771,0.0449,0.0437,,,,37753,50756
07135000,2004,0.6619,0.551,0.2103,0.0385,0.0499,,,,34322,51856
07135000,2009,0.6217,0.497,0.2441,0.0527,0.0819,,,,32192,51781
07135000,2014,0.6247,0.5158,0.2353,0.0503,0.029,0.028,0.0488,,31964,51169
07135000,2019,0.6684,0.4209,0.2189,0.1148,0.0557,0.0076,0.0695,,33722,50454
07137000,1994,0.7447,0.4705,0.4071,0.0832,0.0393,,,,115265,154777
07137000,1999,0.6413,0.5274,0.3555,0.0402,0.0324,,,,103172,160878
07137000,2004,0.5747,0.5263,0.2806,0.0548,0.0486,,,,95458,166087
07137000,2009,0.5266,0.4456,0.2901,0.0527,0.0801,0.0233,,,88821,168660
07137000,2014,0.5498,0.4457,0.2874,0.0795,0.0307,0.026,0.034,,93113,169363
07137000,2019,0.6036,0.3557,0.2256,0.1557,0.0555,0.0261,0.074,,103034,170710
07138000,1994,0.7181,0.4053,0.4047,0.071,0.0339,,,,94125,131076
07138000,1999,0.6081,0.4856,0.3741,0.0428,0.0359,,,,83713,137660
07138000,2004,0.5419,0.4965,0.3089,0.0626,0.0499,,,,76247,140692
07138000,2009,0.525,0.3964,0.3389,0.0607,0.0901,0.0332,,,74144,141230
07138000,2014,0.5319,0.4176,0.3097,0.0822,0.0347,0.03,0.061,,75172,141329
07138000,2019,0.598,0.3451,0.2274,0.1612,0.0629,0.0369,0.0861,,85165,142407
07140000,1994,0.7817,0.4343,0.356,0.0716,0.0773,,,,60989,78024
07140000,1999,0.6869,0.4914,0.3497,0.0441,0.071,,,,55728,81130
07140000,2004,0.6527,0.4957,0.2966,0.0565,0.0934,,,,54253,83124
07140000,2009,0.598,0.4097,0.2835,0.069,0.1173,0.0299,,,49977,83567
07140000,2014,0.6127,0.4311,0.2869,0.0738,0.0627,0.0392,,,50563,82528
07140000,2019,0.6593,0.3521,0.221,0.1241,0.0853,0.0326,0.0749,,54943,83333
07141000,1994,0.7458,0.3322,0.4498,0.0678,0.0397,,,,72204,96814
07141000,1999,0.6432,0.3952,0.4286,0.0385,0.0352,,,,64042,99561
07141000,2004,0.593,0.415,0.354,0.0583,0.0507,,,,59806,100846
07141000,2009,0.5662,0.3254,0.3775,0.0633,0.075,0.0319,,,56632,100028
07141000,2014,0.5841,0.337,0.3865,0.0657,0.0262,0.0335,0.0485,,57499,98439
07141000,2019,0.6372,0.2704,0.2809,0.1348,0.0575,0.033,0.0788,,62530,98129
07143000,1994,0.7639,0.4284,0.3729,0.0725,0.0327,,,,108590,142148
07143000,1999,0.6502,0.4909,0.3539,0.0412,0.0353,,,,97921,150602
07143000,2004,0.5923,0.5049,0.2831,0.0551,0.05,,,,92415,156021
07143000,2009,0.5674,0.4288,0.2894,0.0595,0.0833,0.027,,,89720,158138
07143000,2014,0.5833,0.4492,0.2892,0.0737,0.0376,0.0357,,,92253,158156
07143000,2019,0.63,0.3647,0.2081,0.1302,0.0673,0.0327,0.0868,,101193,160627
07211000,1994,0.6389,0.3823,0.3028,0.1151,0.0303,,,,48848,76452
07211000,1999,0.4929,0.4514,0.2801,0.1051,0.0238,,,,38201,77509
07211000,2004,0.4424,0.4058,0.2194,0.1732,0.0467,,,,34485,77957
07211000,2009,0.454,0.3337,0.2688,0.1764,0.0824,0.0363,,,37867,83403
07211000,2014,0.47,0.3427,0.2618,0.166,0.0279,0.0553,0.0393,,39863,84813
07211000,2019,0.557,0.2401,0.2092,0.2678,0.0532,0.0634,0.0635,,47542,85355
07231000,1994,0.7599,0.4603,0.3156,0.0846,0.0606,,,,65816,86607
07231000,1999,0.6778,0.5277,0.2888,0.0491,0.0516,,,,59932,88420
07231000,2004,0.6304,0.5226,0.2181,0.0642,0.08,,,,56684,89916
07231000,2009,0.6053,0.4477,0.2229,0.0764,0.1194,0.0315,,,54831,90587
07231000,2014,0.5869,0.4607,0.229,0.0822,0.0671,0.0315,,,53080,90440
07231000,2019,0.6222,0.3701,0.1848,0.1357,0.0843,0.0315,0.0692,,56410,90656
07232000,1994,0.7778,0.4715,0.3362,0.0608,0.0362,,,,56697,72896
07232000,1999,0.7174,0.5399,0.2865,0.0391,0.0422,,,,53600,74713
07232000,2004,0.668,0.526,0.2157,0.0523,0.0646,,,,50713,75914
07232000,2009,0.6364,0.4073,0.1918,0.0614,0.0812,0.0297,,,48943,76911
07232000,2014,0.6073,0.4504,0.2543,0.0935,0.0449,0.0278,,,47281,77853
07232000,2019,0.6421,0.3693,0.2175,0.1376,0.066,0.0259,0.0404,,50906,79276
07233000,1994,0.7708,0.5231,0.2885,0.0694,0.0265,,,,37164,48212
07233000,1999,0.7068,0.54,0.2935,0.0459,0.0267,,,,36195,51208
07233000,2004,0.6457,0.5512,0.2037,0.0472,0.0462,,,,32452,50257
07233000,2009,0.6061,0.3577,0.2235,0.0405,0.1,0.0279,,,30580,50454
07233000,2014,0.6042,0.4401,0.2384,0.0606,0.0414,0.0376,,,30125,49862
07233000,2019,0.6265,0.404,0.1854,0.1258,0.0742,0.03,0.0354,,31083,49611
07235000,1994,0.7988,0.4324,0.3737,0.0679,0.0238,,,,82552,103348
07235000,1999,0.7004,0.4866,0.3508,0.0427,0.0237,,,,75463,107743
07235000,2004,0.6376,0.4798,0.2583,0.0747,0.0402,,,,70872,111159
07235000,2009,0.613,0.4094,0.249,0.0847,0.0737,0.0003,,,70468,114965
07235000,2014,0.5991,0.4151,0.243,0.0854,0.0278,0.027,0.026,,70444,117589
07235000,2019,0.6649,0.3522,0.2019,0.1503,0.0498,0.0326,0.0611,,79944,120231
07311000,1994,0.6845,0.3307,0.3873,0.071,0.0307,,,,23391,34173
07311000,1999,0.5643,0.4685,0.3652,0.0457,0.0269,,,,20265,35913
07311000,2004,0.5121,0.508,0.2564,0.0611,0.043,,,,18340,35813
07311000,2009,0.4538,0.4868,0.2656,0.0788,0.062,,,,16280,35873
07311000,2014,0.4521,0.4718,0.2608,0.0756,0.0299,0.0545,,,16547,36599
07311000,2019,0.5143,0.3557,0.2117,0.1512,0.0536,0.0422,0.0965,,18960,36863
07312000,1994,0.6327,0.3548,0.3979,0.087,0.0457,,,,48187,76166
07312000,1999,0.4373,0.4687,0.3635,0.0473,0.0414,,,,34333,78519
07312000,2004,0.4446,0.3699,0.3711,0.0828,0.0639,,,,33377,75073
07312000,2009,0.3986,0.303,0.3784,0.0835,0.0867,0.0621,,,29667,74428
07312000,2014,0.4166,0.2942,0.3537,0.1157,0.0663,0.0737,,,32086,77020
07312000,2019,0.5083,0.2231,0.2588,0.1935,0.0624,0.0552,0.1072,,38746,76226
07313000,1994,0.726,0.4155,0.4003,,,,,,21523,29644
07313000,1999,0.5546,0.4255,0.3668,0.0817,,,,,17372,31322
07313000,2004,0.5272,0.3924,0.3029,0.1032,0.061,,,,17119,32470
07313000,2009,0.4801,0.3179,0.3403,0.1092,0.0821,0.0114,,,16402,34167
07313000,2014,0.5314,0.3158,0.3101,0.1445,0.0323,,0.0377,,19033,35820
07313000,2019,0.6295,0.2451,0.1995,0.2621,0.0425,0.0368,0.0677,,23560,37428
07314000,1994,0.6526,0.339,0.4501,0.07,0.0249,,,,73293,112315
07314000,1999,0.5103,0.4289,0.4121,0.0425,0.0242,,,,57723,113123
07314000,2004,0.4582,0.4294,0.3257,0.0604,0.0412,,,,51412,112207
07314000,2009,0.4396,0.3584,0.3585,0.0693,0.065,0.0392,,,50166,114116
07314000,2014,0.4069,0.33,0.3454,0.0892,0.0366,0.0398,0.0797,,48267,118617
07314000,2019,0.4636,0.243,0.2599,0.1663,0.0572,0.0446,0.1346,,56243,121321
07315000,1994,0.685,0.3894,0.338,0.117,0.072,,,,88495,129185
07315000,1999,0.5496,0.4187,0.3442,0.0921,0.0553,0.0154,,,74164,134933
07315000,2004,0.526,0.3803,0.2878,0.1428,0.0747,,,,70995,134969
07315000,2009,0.5059,0.3008,0.2381,0.2189,0.1065,0.0359,,,75117,148480
07315000,2014,0.5087,0.3034,0.2769,0.2012,0.0498,0.046,0.0301,,79491,156265
07315000,2019,0.6193,0.2348,0.2019,0.2774,0.0597,0.0588,0.053,,100522,162321
07316000,1994,0.7292,0.4192,0.315,0.0777,0.0321,,,,30142,41337
07316000,1999,0.6087,0.4997,0.3147,0.0566,0.0319,,,,25373,41684
07316000,2004,0.5514,0.4713,0.2231,0.0932,0.0548,,,,23281,42221
07316000,2009,0.5556,0.4037,0.21,0.119,0.0891,0.032,,,23502,42303
07316000,2014,0.5319,0.3642,0.2367,0.1301,0.0502,0.0343,,,22662,42607
07316000,2019,0.6227,0.2525,0.1605,0.1759,0.0669,0.0324,,,26447,42472
07317000,1994,0.6507,0.3181,0.4343,0.1002,,,,,25324,38920
07317000,1999,0.4856,0.4777,0.3524,0.0397,0.0305,,,,18309,37701
07317000,2004,0.4884,0.4597,0.2376,0.0426,0.0245,0.0257,,,17205,35228
07317000,2009,0.4477,0.366,0.2635,0.0543,0.0557,0.0572,,,15102,33735
07317000,2014,0.4433,0.4085,0.2795,0.0457,0.0407,0.0563,,,14483,32673
07317000,2019,0.4752,0.3634,0.2469,0.0655,0.046,0.0389,0.1255,,15219,32026
07318000,1994,0.6934,0.3627,0.3706,0.087,0.0477,,,,24678,35590
07318000,1999,0.5447,0.4281,0.303,0.0649,0.039,,,,19948,36623
07318000,2004,0.4969,0.3907,0.2303,0.0953,0.0461,,,,18753,37740
07318000,2009,0.4739,0.3341,0.2242,0.1289,0.0605,0.0276,,,17932,37841
07318000,2014,0.473,0.3258,0.2302,0.1445,0.0325,0.0491,,,18404,38905
07318000,2019,0.5713,0.2496,0.2372,0.1983,0.045,0.0413,0.0866,,21595,37800
07319000,1994,0.6421,0.3238,0.4235,0.0881,0.0371,,,,37949,59102
07319000,1999,0.5008,0.4228,0.4355,0.0572,0.0452,,,,30019,59938
07319000,2004,0.4498,0.3988,0.361,0.0676,0.0577,0.0217,,,27130,60309
07319000,2009,0.4468,0.3318,0.3834,0.0813,0.1051,0.0357,,,27634,61852
07319000,2014,0.4673,0.318,0.3421,0.1201,0.0624,0.0359,,,29406,62921
07319000,2019,0.5091,0.2741,0.2677,0.1601,0.0451,0.0255,0.1076,,32643,64121
07320000,1994,0.6616,0.2837,0.4684,0.0541,0.0557,,,,18372,27769
07320000,1999,0.5827,0.3771,0.449,0.0339,0.0542,,,,16452,28234
07320000,2004,0.4487,0.3319,0.3225,,0.0712,,,,12646,28183
07320000,2009,0.4343,0.2691,0.3621,,0.1245,0.0546,,,12102,27864
07320000,2014,0.4269,0.2938,0.3473,0.1141,0.0598,0.0669,0.0511,,11699,27407
07320000,2019,0.5018,0.2738,0.2762,0.1268,0.0563,0.0351,0.0915,,13519,26942
07331000,1994,0.7871,0.2784,0.4325,0.1057,0.0536,,,,66486,84472
07331000,1999,0.6814,0.3443,0.4351,0.0595,0.0531,,,,61985,90967
07331000,2004,0.62,0.3531,0.3613,0.0774,0.065,,,,59669,96235
07331000,2009,0.593,0.2963,0.3545,0.0809,0.089,0.0287,,,58015,97836
07331000,2014,0.6002,0.3085,0.3472,0.0909,0.0409,0.0323,0.0654,,59699,99473
07331000,2019,0.6538,0.2659,0.2833,0.1483,0.0585,0.0298,0.0896,,66669,101975
07332000,1994,0.7712,0.3499,0.3853,0.0854,0.0473,,,,76330,98980
07332000,1999,0.663,0.4216,0.3767,0.0517,0.0454,,,,68662,103560
07332000,2004,0.6273,0.4169,0.2915,0.0716,0.0563,,,,66565,106109
07332000,2009,0.6157,0.3576,0.2901,0.071,0.0889,0.0291,,,66060,107297
07332000,2014,0.5872,0.3717,0.2776,0.0887,0.0428,0.0268,0.051,,63541,108216
07332000,2019,0.6721,0.2917,0.2072,0.1572,0.0672,0.0273,0.1059,,73610,109518
07333000,1994,0.7752,0.2565,0.4503,0.0919,0.0691,,,,43430,56022
07333000,1999,0.6934,0.3085,0.4261,0.0499,0.0592,,,,40324,58154
07333000,2004,0.6276,0.3161,0.3465,0.0695,0.0707,,,,37760,60170
07333000,2009,0.5911,0.2859,0.3449,0.0739,0.088,0.0462,,,35745,60468
07333000,2014,0.5899,0.2822,0.3424,0.0868,0.0396,0.0371,0.0548,,35147,59578
07333000,2019,0.6509,0.2303,0.2802,0.1336,0.063,0.0316,0.0737,,38751,59536
07334000,1994,0.7707,0.4024,0.3475,0.0836,0.0423,,,,64228,83332
07334000,1999,0.6734,0.4605,0.3234,0.0587,0.0359,,,,59443,88276
07334000,2004,0.6057,0.4444,0.2528,0.0714,0.0559,,,,55992,92437
07334000,2009,0.5709,0.39,0.2834,0.0783,0.0786,,,,54639,95705
07334000,2014,0.5631,0.4062,0.2663,0.0797,0.0356,0.0255,0.0598,,55174,97985
07334000,2019,0.6193,0.3119,0.2002,0.1363,0.0576,0.0284,0.1352,,61944,100022
07335000,1994,0.7885,0.3792,0.41,0.0658,0.0206,,,,63475,80505
07335000,1999,0.704,0.4443,0.3909,0.0336,0.0235,,,,58074,82494
07335000,2004,0.6427,0.4289,0.3208,0.05,0.039,,,,54329,84534
07335000,2009,0.6107,0.3777,0.3327,0.0482,0.0575,0.0475,,,51465,84274
07335000,2014,0.6109,0.3731,0.3347,0.0611,0.0259,0.0498,,,50832,83209
07335000,2019,0.6532,0.3205,0.2408,0.1042,0.0385,0.0387,0.1062,,54622,83625
07336000,1994,0.7696,0.2431,0.5287,0.0701,0.0335,,,,47418,61611
07336000,1999,0.6677,0.2842,0.5095,0.039,0.0355,,,,41662,62398
07336000,2004,0.6173,0.3344,0.4071,0.0503,0.0482,,,,38340,62112
07336000,2009,0.5915,0.252,0.3926,0.0713,0.0659,0.0665,,,35988,60845
07336000,2014,0.61,0.2864,0.4018,0.075,0.0355,0.0567,,,35905,58856
07336000,2019,0.656,0.2591,0.2902,0.1058,0.0459,0.0377,0.1203,,37710,57484
07337000,1994,0.8127,0.4078,0.3388,0.081,0.045,,,,65370,80437
07337000,1999,0.7229,0.4554,0.3259,0.0504,0.0492,,,,60456,83633
07337000,2004,0.6693,0.4427,0.2628,0.0763,0.0639,,,,58002,86658
07337000,2009,0.6375,0.3776,0.2868,0.0771,0.0901,0.0305,,,56202,88154
07337000,2014,0.6244,0.3757,0.2753,0.098,0.0417,0.0267,0.0515,,56006,89702
07337000,2019,0.6889,0.3155,0.2104,0.1559,0.0571,0.0276,0.0954,,62288,90418
07338000,1994,0.7812,0.385,0.3741,0.0826,0.0409,,,,83824,107302
07338000,1999,0.6556,0.4509,0.3521,0.0529,0.0449,,,,73780,112530
07338000,2004,0.6104,0.425,0.2686,0.0807,0.0597,,,,70631,115714
07338000,2009,0.5665,0.3912,0.2974,0.0853,0.0977,0.0086,,,67297,118790
07338000,2014,0.5753,0.3885,0.2934,0.118,0.0424,,0.0782,,69620,121008
07338000,2019,0.6513,0.3067,0.2139,0.1819,0.0676,0.0295,0.1152,,80228,123180
07339000,1994,0.7663,0.3632,0.3741,0.1113,0.0496,,,,106179,138566
07339000,1999,0.6552,0.4381,0.3667,0.0676,0.0485,,,,96275,146933
07339000,2004,0.6096,0.4225,0.3091,0.0919,0.0626,,,,93830,153933
07339000,2009,0.6007,0.3647,0.312,0.112,0.0935,,,,95259,158577
07339000,2014,0.6095,0.3705,0.3584,0.127,0.0418,,,,99570,163370
07339000,2019,0.6719,0.3026,0.2281,0.1907,0.0611,0.0306,0.0768,,111924,166580
07340000,1994,0.8242,0.4009,0.3366,0.0854,0.0464,,,,67197,81527
07340000,1999,0.7404,0.4788,0.3373,0.0456,0.0478,,,,61765,83420
07340000,2004,0.684,0.4837,0.256,0.0573,0.0683,,,,56772,82994
07340000,2009,0.671,0.3884,0.289,0.0568,0.0984,0.0202,,,55070,82074
07340000,2014,0.6727,0.402,0.2947,0.0631,0.0495,0.0337,,,54326,80758
07340000,2019,0.705,0.3307,0.2342,0.1005,0.0662,0.0304,0.111,,56187,79699
08115000,1994,0.677,0.2546,0.2187,0.155,0.0381,,,,158383,233958
08115000,1999,0.5293,0.2908,0.2194,0.0902,0.0477,,,,134980,255025
08115000,2004,0.5268,0.2912,0.1884,0.1232,0.056,0,,,140023,265805
08115000,2009,0.5144,0.245,0.156,0.1229,0.0884,0.0192,,,139615,271398
08115000,2014,0.4913,0.2733,0.1504,0.1327,0.046,0.0353,0,,142712,290457
08115000,2019,0.5937,0.2148,0.1278,0.1947,0.076,0.0327,0.0644,,178425,300529
08115000,2024,,0.2357,0.1227,0.1454,0.0797,0.0236,0.1154,,,
08116000,1994,0.6821,0.2507,0.2546,0.1275,0.0389,,,,229945,337132
08116000,1999,0.5429,0.3107,0.2392,0.0944,0.0308,,,,193858,357067
08116000,2004,0.5383,0.3042,0.2228,0.1268,0.0486,0,,,200415,372330
08116000,2009,0.5282,0.2383,0.2145,0.1447,0.0706,0.0204,,,201174,380833
08116000,2014,0.4978,0.2385,0.2104,0.153,0.0478,0.0377,0,,201446,404708
08116000,2019,0.588,0.1908,0.1697,0.1997,0.0642,0.0455,0.057,,246303,418911
08116000,2024,,0.2276,0.1398,0.1633,0.0567,0.0389,0.1077,,,
08117000,1994,0.6507,0.3262,0.2749,0.1027,0.0948,,,,114672,176230
08117000,1999,0.5251,0.3906,0.2518,0.0685,0.0926,,,,96184,183183
08117000,2004,0.5039,0.3809,0.2161,0.0968,0.1197,0,,,94700,187931
08117000,2009,0.4956,0.3133,0.2009,0.1309,0.14,0,,,93289,188237
08117000,2014,0.4688,0.3546,0.1849,0.138,0.079,0.0305,0,,92302,196906
08117000,2019,0.5693,0.2464,0.1589,0.1947,0.0811,0.0272,0.0991,,114172,200555
08117000,2024,,0.3069,0.1474,0.1229,0.0529,0.0211,0.1542,,,
08118000,1994,0.6831,0.3233,0.224,0.139,0.0585,,,,224373,328454
08118000,1999,0.5315,0.3704,0.2119,0.0939,0.0509,,,,188006,353753
08118000,2004,0.5285,0.328,0.1971,0.1208,0.0625,0,,,194992,368959
08118000,2009,0.5222,0.2854,0.1852,0.1414,0.0953,0.0293,,,198368,379894
08118000,2014,0.5,0.306,0.1804,0.1573,0.0595,0.0388,0,,204770,409577
08118000,2019,0.6012,0.24,0.1441,0.2134,0.084,0.0424,0.0288,,251098,417668
08118000,2024,,0.2368,0.1297,0.1631,0.0717,0.032,0.1185,,,
08119000,1994,0.6456,0.3347,0.2567,0.1117,0,,,,177868,275508
08119000,1999,0.5134,0.3787,0.2319,0.0836,0,,,,153111,298227
08119000,2004,0.5157,0.35,0.2127,0.1024,0.153,0,,,158198,306791
08119000,2009,0.5041,0.2959,0.2027,0.1119,0.1754,0.0145,,,157048,311521
08119000,2014,0.4886,0.3076,0.1892,0.1222,0,0.0248,0.0474,,161602,330767
08119000,2019,0.5724,0.2333,0.1419,0.1795,0,0.0253,0.0847,,197233,344592
08119000,2024,,0.2839,0.1268,0.1317,0.0935,,0.1314,,,
08125000,1994,0.6901,0.3824,0.2914,0.091,0,,,,142077,205877
08125000,1999,0.5618,0.4771,0.2411,0.0707,0,,,,123374,219594
08125000,2004,0.533,0.4392,0.2233,0.0767,0.1949,0,,,125670,235776
08125000,2009,0.5209,0.3797,0.2331,0.094,0.232,0.0252,,,126563,242961
08125000,2014,0.4956,0.3727,0.2022,0.1056,0,0.025,0.0362,,127412,257089
08125000,2019,0.5889,0.2566,0.1514,0.147,0.0666,0.0283,0.0786,,157528,267516
08125000,2024,,0.2602,0.1199,0.0909,0.0458,0.0132,0.1465,,,
08126000,1994,0.6678,0.3806,0.2036,0.0941,0.0817,,,,48334,72376
08126000,1999,0.553,0.4297,0.1715,0.0646,0.0931,,,,43534,78727
08126000,2004,0.5396,0.3978,0.1375,0.0769,0.1058,0,,,44024,81580
08126000,2009,0.5215,0.3599,0.1483,0.0786,0.1368,0,,,43978,84332
08126000,2014,0.4943,0.3904,0.1419,0.0937,0.0826,0.0334,0,,43464,87938
08126000,2019,0.5781,0.3255,0.1139,0.1497,0.0932,0.0282,0.0679,,52608,91002
08126000,2024,,0.3234,0.0922,0.1102,0.0759,0.0176,0.151,,,
08127000,1994,0.6419,0.3349,0.2212,0.0993,0,,,,81514,126992
08127000,1999,0.5243,0.3545,0.2036,0.0749,0,,,,72289,137869
08127000,2004,0.5039,0.3342,0.1693,0.0921,0.0827,0,,,70755,140414
08127000,2009,0.4746,0.291,0.1749,0.1055,0.1023,0,,,69024,145425
08127000,2014,0.4575,0.285,0.1957,0.13,0.0808,0,0,,69662,152268
08127000,2019,0.5407,0.2079,0.1408,0.1836,0.0896,0.0266,0.0498,,88019,162779
08127000,2024,,0.2321,0.1017,0.125,0.0819,0.0176,0.1297,,,
08128000,1994,0.7139,0.4656,0.2425,0.0808,0.0358,,,,71455,100086
08128000,1999,0.6076,0.5284,0.1963,0.0447,0.0338,,,,62619,103068
08128000,2004,0.5844,0.5019,0.1731,0.0639,0.0447,0,,,61481,105200
08128000,2009,0.5699,0.4568,0.1559,0.0858,0.0603,0.0249,,,59780,104900
08128000,2014,0.5573,0.4664,0.1504,0.0881,0.0373,0.0262,0,,60435,108436
08128000,2019,0.6079,0.3603,0.1648,0.1232,0.0465,0.0191,0.0603,,67880,111661
08128000,2024,,0.3554,0.149,0.0828,0.0441,0.014,0.1037,,,
08135000,1994,0.6607,0,0.2983,0,0.0103,,,,63262,95745
08135000,1999,0.5118,0,0.2954,0,0.0068,,,,50992,99641
08135000,2004,0.4871,0.3462,0.264,0.1314,0.0234,0,,,48928,100447
08135000,2009,0.4695,0.322,0.2506,0.1444,0.0394,0.0376,,,46881,99860
08135000,2014,0.4369,0.3167,0.2411,0,0.0134,0.0384,0.0229,,45250,103568
08135000,2019,0.5238,0.2464,0.2075,0,0.0319,0.0353,0.0275,,54822,104671
08135000,2024,,0.2886,0.1839,0.1393,0.0272,0.028,0.0936,,,
08136000,1994,0.6666,0.4349,0.2876,0.0975,0,,,,146310,219497
08136000,1999,0.5489,0.4892,0.2602,0.0691,0,,,,124683,227149
08136000,2004,0.5171,0.4504,0.2377,0.0814,0,0,,,121355,234699
08136000,2009,0.5091,0.4155,0.2206,0.0935,0.0447,0.0286,,,120513,236711
08136000,2014,0.4832,0.4301,0.2124,0.11,0.0239,0.0265,0.0224,,118628,245530
08136000,2019,0.5879,0.3508,0.1662,0.1859,0.0346,0.0413,0.0653,,147064,250135
08136000,2024,,0.3446,0.1577,0.138,0.0275,0.0245,0.1296,,,
08215000,1994,0.6814,0.3872,0.2662,0.0954,0.0413,,,,198426,291213
08215000,1999,0.5303,0.4269,0.247,0.0627,0.0497,,,,168838,318359
08215000,2004,0.5936,0.4013,0.2084,0.0888,0.065,0,,,173756,292721
08215000,2009,0.5222,0.3937,0.21,0.0963,0.074,0,,,172488,330304
08215000,2014,0.5105,0.3883,0.2075,0.1071,0.0425,0.0086,0.0063,,178289,349275
08215000,2019,0.603,0.2964,0.1631,0.16,0.0555,0.0228,0.0527,,214127,355125
08215000,2024,,0.3198,0.1387,0.123,0.0483,0.0121,0.1343,,,
08216000,1994,0.6659,0.4148,0.2747,0.079,0.0462,,,,104950,157611
08216000,1999,0.5315,0.4803,0.2632,0.047,0.0406,,,,87741,165093
08216000,2004,0.4941,0.466,0.2088,0.0779,0.0489,0,,,83785,169577
08216000,2009,0.487,0.4013,0.2113,0.0982,0.0723,0,,,83970,172414
08216000,2014,0.471,0.3778,0.1888,0.1055,0.0358,0,0.0431,,85827,182205
08216000,2019,0.5705,0.2904,0.1623,0.1643,0.0474,0.0121,0.0895,,105625,185158
08216000,2024,,0.311,0.1707,0.0982,0.0429,0.0115,0.1461,,,
08225000,1994,0.712,0.4345,0.2796,0.0769,0.0309,,,,74396,104490
08225000,1999,0.6034,0.4916,0.253,0.054,0.0253,,,,65537,108605
08225000,2004,0.5738,0.4632,0.2216,0.0717,0.0365,0,,,64238,111952
08225000,2009,0.5466,0.4282,0.248,0.0901,0.0303,0,,,61818,113088
08225000,2014,0.5227,0.4295,0.2516,0.1008,0.0151,0,0,,60872,116451
08225000,2019,0.601,0.3514,0.2008,0.1268,0.0297,0,0.0665,,70351,117054
08225000,2024,,0.3424,0.2019,0.0815,0.0198,,0.1382,,,
08226000,1994,0.7064,0.3358,0.293,0.1316,0.0561,,,,260543,368809
08226000,1999,0.5587,0.4212,0.2631,0.0878,0.049,,,,216120,386848
08226000,2004,0.5592,0.3972,0.2425,0.1192,0.0687,0,,,222327,397556
08226000,2009,0.537,0.3405,0.2331,0.1223,0.085,0.0295,,,217969,405886
08226000,2014,0.5135,0.3417,0.2229,0.1383,0.0595,0.0372,0,,220942,430235
08226000,2019,0.6214,0.2679,0.1662,0.2053,0.0657,0.0359,0.0765,,268249,431669
08226000,2024,,0.2936,0.1607,0.1508,0.0607,0.0329,0.1241,,,
08235000,1994,0.6753,0.3104,0.199,0.0849,0.046,,,,70590,104525
08235000,1999,0.5456,0.3629,0.1959,0.0459,0.0691,,,,59995,109960
08235000,2004,0.5306,0.375,0.157,0.0723,0.0988,0,,,60526,114063
08235000,2009,0.5149,0.3217,0.15,0.0912,0.1062,0,,,59452,115469
08235000,2014,0.4842,0.3499,0.167,0.0941,0.0684,0,0,,59174,122200
08235000,2019,0.5725,0.3134,0.1381,0.1383,0.0641,0.0095,0.0824,,72592,126808
08235000,2024,,0.3428,0.1307,0.0991,0.0433,,0.1544,,,
08236000,1994,0.6732,0.288,0.242,0.1066,0,,,,87401,129830
08236000,1999,0.5363,0.3383,0.2472,0.0808,0,,,,74711,139312
08236000,2004,0.5225,0.33,0.201,0.1174,0.0734,0,,,75541,144567
08236000,2009,0.5137,0.2905,0.186,0.1193,0.1005,0,,,76283,148511
08236000,2014,0.5036,0.2752,0.1967,0.1217,0.0858,0,0,,78510,155899
08236000,2019,0.6054,0.2053,0.1534,0.1767,0.0955,0,0.0804,,96016,158612
08236000,2024,,0.22,0.1492,0.1282,0.0868,,0.1413,,,
08237000,1994,0.6668,0.3713,0.2112,0.0791,0.0383,,,,54852,82262
08237000,1999,0.5483,0.4014,0.1714,0.0641,0.0864,,,,46735,85230
08237000,2004,0.5227,0.3578,0.1674,0.0839,0.1225,0,,,46214,88414
08237000,2009,0.5144,0.3259,0.143,0.0879,0.154,0.0092,,,46072,89559
08237000,2014,0.4923,0.3353,0.1358,0.0786,0.105,0,0,,45965,93364
08237000,2019,0.5743,0.2717,0.1086,0.108,0.1148,0.0116,0.0775,,54086,94183
08237000,2024,,0.3003,0.1132,0.0837,0.073,,0.1551,,,
08315000,1994,0.7005,0.4282,0.2173,0.1306,0.0659,,,,115668,165119
08315000,1999,0.5718,0.4968,0.1785,0.0914,0.0712,,,,100639,176009
08315000,2004,0.5785,0.4517,0.1532,0.1367,0.0705,0,,,107122,185188
08315000,2009,0.5634,0.3945,0.1623,0.1411,0.0893,0.0053,,,107677,191133
08315000,2014,0.5465,0.3995,0.1648,0.1599,0.0479,0,0.0405,,112296,205479
08315000,2019,0.6334,0.2959,0.1278,0.2228,0.0611,0,0.0493,,132593,209346
08315000,2024,,0.3165,0.1341,0.1685,0.0414,,0.0765,,,
08316000,1994,0.6807,0.3052,0.2643,0.13,0.0654,,,,72842,107007
08316000,1999,0.5511,0.3747,0.248,0.092,0.0459,,,,62765,113900
08316000,2004,0.5467,0.3454,0.2151,0.1282,0.0597,0,,,64537,118059
08316000,2009,0.5348,0.3016,0.216,0.1301,0.0963,0,,,65693,122831
08316000,2014,0.5155,0.303,0.2157,0.1651,0.048,0,0.0194,,67180,130322
08316000,2019,0.6207,0.2647,0.1595,0.1957,0.0829,0,0.0412,,82459,132856
08316000,2024,,0.2653,0.1472,0.1468,0.028,,0.0868,,,
08317000,1994,0.6606,0.39,0.2606,0.0896,0.0596,,,,190603,288529
08317000,1999,0.5427,0.437,0.2452,0.062,0.047,,,,164269,302664
08317000,2004,0.5197,0.433,0.204,0.0768,0.0665,0.0042,,,162992,313652
08317000,2009,0.5017,0.3865,0.1738,0.0935,0.0986,0.0249,,,161529,321977
08317000,2014,0.4882,0.3978,0.1876,0.1112,0.0528,0.0212,0.0201,,165427,338858
08317000,2019,0.5671,0.3362,0.1459,0.1505,0.0557,0,0.0624,,197189,347691
08317000,2024,,0.3191,0.1297,0.1194,0.0662,,0.1255,,,
08325000,1994,0.6671,0.3705,0.1968,0.0528,0.0591,,,,66499,99679
08325000,1999,0.5584,0.3978,0.1653,0.0439,0.0897,,,,57568,103086
08325000,2004,0.5234,0.357,0.155,0.0538,0.1142,0,,,55135,105346
08325000,2009,0.5071,0.3371,0.1406,0.0514,0.1405,0,,,54028,106540
08325000,2014,0.4953,0.3609,0.1506,0.0636,0.0825,0,0,,54480,109995
08325000,2019,0.5756,0.2807,0.1351,0.1032,0.0935,0,0.0731,,64291,111692
08325000,2024,,0.298,0.102,0.0768,0.0853,,0.1322,,,
08326000,1994,0.631,0.3557,0.2569,0.0998,0.0718,,,,92769,147010
08326000,1999,0.5187,0.4206,0.241,0.0659,0.081,,,,78819,151962
08326000,2004,0.4899,0.386,0.2219,0.0861,0.0928,0,,,76896,156960
08326000,2009,0.4756,0.3471,0.2003,0.1025,0.0942,0,,,74895,157460
08326000,2014,0.4631,0.3857,0.1733,0.1135,0.0602,0,0.0381,,76394,164953
08326000,2019,0.5337,0.3496,0.1384,0.1821,0.094,0,0.055,,89000,166752
08326000,2024,,0.3418,0.1308,0.1367,0.0849,,0.1486,,,
08327000,1994,0.7072,0.444,0.2017,0.0854,0.0656,,,,63148,89299
08327000,1999,0.5684,0.4835,0.1785,0.0732,0.0624,,,,53801,94650
08327000,2004,0.533,0.4757,0.1504,0,0.0823,0,,,52219,97973
08327000,2009,0.5162,0.4216,0.137,0,0.128,0,,,51359,99495
08327000,2014,0.483,0.4296,0.1376,0,0.0836,0,0,,50375,104299
08327000,2019,0.5495,0.362,0.1052,0,0.1031,0,0.0357,,59131,107616
08327000,2024,,0.3866,0.0818,,0.0851,,0.1303,,,
08335000,1994,0.6175,0.3252,0.2256,0.167,0.0697,,,,111559,180669
08335000,1999,0.4878,0.3787,0.1944,0.1301,0.0752,,,,94112,192928
08335000,2004,0.4753,0.3525,0.1833,0.1762,0.0696,0.021,,,95777,201515
08335000,2009,0.4692,0.3027,0.1653,0.1777,0.1013,0.0275,,,98373,209673
08335000,2014,0.4712,0.3396,0.1635,0.1862,0.0645,0.0414,0,,104975,222794
08335000,2019,0.5783,0.2662,0.1254,0.2936,0.0743,0.0528,0.022,,131397,227214
08335000,2024,,0.2758,0.1273,0.2068,0.0649,0.0374,0.0833,,,
08336000,1994,0.62,0.3313,0.2772,0.131,0.0662,,,,92355,148960
08336000,1999,0.4909,0.3799,0.2474,0.0852,0.0468,,,,78220,159334
08336000,2004,0.4713,0.3652,0.2447,0.1075,0.0636,0,,,78599,166763
08336000,2009,0.4641,0.3158,0.2409,0.1361,0.076,0.0033,,,78136,168349
08336000,2014,0.457,0.3222,0.2447,0.1677,0.0456,0,0,,81272,177847
08336000,2019,0.5573,0.2548,0.1818,0.2068,0.0661,0.0277,0.0651,,99987,179405
08336000,2024,,0.2697,0.1625,0.1643,0.0628,0.0203,0.1176,,,
08337000,1994,0.6621,0.4085,0.2111,0.0776,0.0646,,,,74803,112974
08337000,1999,0.5429,0.4419,0.1767,0.0596,0.0612,,,,65116,119951
08337000,2004,0.5174,0.4163,0.1806,0.077,0.055,0,,,63804,123319
08337000,2009,0.4925,0.3752,0.1726,0.0879,0.0953,0,,,61614,125108
08337000,2014,0.4899,0.408,0.1761,0.0996,0.0754,0.0135,0,,64080,130808
08337000,2019,0.569,0.3738,0.1393,0.1629,0.076,0.0036,0.0421,,75554,132787
08337000,2024,,0.3776,0.1065,0.1166,0.0573,,0.1132,,,
08415000,1994,0.6685,0.3337,0.212,0.1333,0.0463,,,,124492,186219
08415000,1999,0.5251,0.3564,0.211,0.099,0.0548,,,,104394,198798
08415000,2004,0.5041,0.2933,0.2007,0.1203,0.0632,0,,,103545,205399
08415000,2009,0.4879,0.2664,0.2138,0.1346,0.0937,0.0368,,,101984,209014
08415000,2014,0.4589,0.2831,0.2033,0.136,0.055,0.0443,0,,101585,221389
08415000,2019,0.5567,0.2152,0.1573,0.2001,0.0665,0.0447,0.0719,,125044,224624
08415000,2024,,0.236,0.1288,0.1684,0.0612,0.0342,0.1236,,,
08416000,1994,0.6945,0.2358,0.1982,0.1689,0.0489,,,,92440,133103
08416000,1999,0.5416,0.2594,0.1803,0.1357,0.0397,,,,76740,141680
08416000,2004,0.5396,0.2316,0.1688,0.2014,0.0611,0.0515,,,82878,153597
08416000,2009,0.5436,0.2391,0.1638,0.2423,0.0798,0.0617,,,85943,158097
08416000,2014,0.5403,0.2523,0.1651,0.2473,0.0428,0,0,,92316,170849
08416000,2019,0.6481,0.1772,0.1276,0.2982,0.0566,0,0.015,,113810,175598
08416000,2024,,0.1874,0.1229,0.263,0.0452,0.0688,0.0333,,,
08417000,1994,0.6314,0.3951,0.2434,0.0845,0,,,,86092,136344
08417000,1999,0.5107,0.4348,0.1786,0.0565,0.0319,,,,72043,141068
08417000,2004,0.5002,0.3972,0.1661,0.0719,0.0629,0,,,71874,143693
08417000,2009,0.4837,0.3682,0.1626,0.0819,0.1109,0.0192,,,70035,144792
08417000,2014,0.4653,0.4071,0.1747,0.0804,0.0788,0.0182,0.0051,,69887,150193
08417000,2019,0.5488,0.3336,0.1122,0.1293,0.0951,0.0196,0.0787,,83705,152525
08417000,2024,,0.3408,0.1041,0.0885,0.0784,,0.1579,,,
08425000,1994,0.7337,0.4462,0.1506,0.0719,0.0196,,,,91363,124517
08425000,1999,0.614,0.4991,0.142,0.067,0,,,,80862,131690
08425000,2004,0.585,0.4706,0.1226,0.0903,0,0,,,80274,137227
08425000,2009,0.5796,0.4614,0.1275,0.1124,0,0.0056,,,81789,141118
08425000,2014,0.5558,0.464,0.1318,0.1286,0,0,0,,83028,149389
08425000,2019,0.6206,0.3915,0.1129,0.1788,0.0285,0,0.0176,,95754,154283
08425000,2024,,0.4192,0.1041,0.1217,0.0304,,0.08,,,
08426000,1994,0.7107,0.4237,0.1406,0,0,,,,88269,124193
08426000,1999,0.5886,0.4361,0.114,0,0,,,,77286,131297
08426000,2004,0.5747,0.3985,0.1262,0,0.0418,0,,,79987,139184
08426000,2009,0.5636,0.3743,0.1201,0.084,0.0606,0.0193,,,79586,141207
08426000,2014,0.5224,0.4217,0.1097,0.0873,0.0367,0.0061,0,,79468,152133
08426000,2019,0.5961,0.3342,0.0744,0.1527,0.038,0,0,,95013,159391
08426000,2024,,0.3875,0.072,0.1066,0.0284,,0.0832,,,
08435000,1994,0.6696,0.3607,0.2051,0.1086,0.0366,,,,91343,136423
08435000,1999,0.5314,0.4211,0.1856,0.1,0.0274,,,,76811,144535
08435000,2004,0.5364,0.3904,0.1786,0.1231,0.0465,0,,,81702,152314
08435000,2009,0.5131,0.3502,0.1687,0.1382,0.0548,0.0241,,,80762,157395
08435000,2014,0.5195,0.3574,0.1538,0.1636,0.0446,0.034,0,,87745,168889
08435000,2019,0.6226,0.2681,0.1147,0.2231,0.0612,0.0331,0.0634,,107775,173110
08435000,2024,,0.293,0.103,0.1429,0.0519,0.0223,0.1186,,,
08436000,1994,0.6641,0.4422,0.1623,0.0946,0.0181,,,,121775,183374
08436000,1999,0.5311,0.4892,0.1302,0.0932,0.0073,,,,102401,192807
08436000,2004,0.5261,0.4483,0.1139,0.121,0.0208,0,,,105366,200280
08436000,2009,0.5183,0.4113,0.0926,0.1356,0.0478,0.018,,,106675,205836
08436000,2014,0.4986,0.4108,0.1061,0.1607,0.0343,0.0233,0,,109731,220079
08436000,2019,0.5962,0.3347,0.0817,0.2193,0.0548,0.0144,0,,134786,226074
08436000,2024,,0.3248,0.0781,0.1548,0.0523,,0.0959,,,
08437000,1994,0.7071,0.5051,0.1485,0.0804,0,,,,63507,89814
08437000,1999,0.6017,0.4651,0.1326,0.0266,0.0143,,,,56825,94440
08437000,2004,0.5695,0.5196,0.1153,0.0517,0,0,,,55295,97088
08437000,2009,0.5396,0.5176,0.1097,0.0681,0.0381,0,,,52963,98147
08437000,2014,0.5197,0.5293,0.1192,0.1072,0.0155,0,0,,53257,102472
08437000,2019,0.5965,0.4333,0.0988,0.1803,0.0284,0,0.0374,,62314,104473
08437000,2024,,0.4919,0.0895,0.1053,0.0326,,,,,
09161000,1990,0.695,0.4404,0.3007,,0.0316,,,,51141,73580
09161000,1996,0.5486,0.4788,0.2565,0.0651,0.0182,,,,43241,78822
09161000,2002,0.5506,0.5126,0.2324,0.066,0.0228,,,,46794,84986
09161000,2008,0.473,0.4413,0.1897,0.0732,0.0321,0.042,,,43304,91544
09161000,2014,0.4236,0.4462,0.1939,0.1008,0.021,0.0297,,,41457,97878
09161000,2020,0.4576,0.2678,0.1748,0.1524,0.0354,0.0442,0.0762,,46259,101101
09161000,2026,0.4699,0.303,0.148,0.129,0.042,0.054,0.16,,47085,100205
09162000,1990,0.6539,0.3008,0.4198,0.095,0.0532,,,,568579,869463
09162000,1996,0.5284,0.3785,0.3743,0.0964,0.0332,,,,447796,847498
09162000,2002,0.51,0.3606,0.4186,0.0958,0.0359,0.0142,,,461898,905748
09162000,2008,0.4764,0.2774,0.3982,0.1303,0.0679,0.037,,,471553,989782
09162000,2014,0.4202,0.3255,0.3082,0.1658,0.0337,0.0242,0.0249,,456896,1087404
09162000,2020,0.4903,0.2471,0.2199,0.2911,0.0351,0.0327,0.0386,,544464,1110571
09162000,2026,0.523,0.249,0.192,0.265,0.034,0.066,0.059,,572559,1094823
09163000,1990,0.6217,0.3862,0.2439,0.0559,0.0368,,,,24715,39753
09163000,1996,0.5394,0.4492,0.2348,0.075,0.0257,,,,21715,40256
09163000,2002,0.5011,0.4676,0.2301,0.0697,0.0185,,,,21202,42311
09163000,2008,0.4519,0.448,0.1889,0.1194,0.0323,,,,19611,43396
09163000,2014,0.4081,0.4732,0.1891,0.1598,0.0228,,,,18604,45592
09163000,2020,0.4746,0.3635,0.1243,0.2505,0.0269,,0.0619,,22076,46511
09163000,2026,0.533,0.324,0.183,0.196,0.018,0.065,0.125,,25005,46918
09171000,1990,0.769,0.4644,0.2324,0.0878,0.0305,,,,57372,74607
09171000,1996,0.7071,0.4395,0.2814,0.0474,0.0245,,,,55851,78988
09171000,2002,0.651,0.4961,0.2331,0.0466,0.0294,,,,54420,83595
09171000,2008,0.6033,0.452,0.2458,0.0549,0.0382,,,,51286,85004
09171000,2014,0.5391,0.4896,0.2105,0.076,0.025,,,,46823,86861
09171000,2020,0.5685,0.4016,0.145,0.1321,0.0298,,0.0571,,50537,88891
09171000,2026,0.5853,0.387,0.131,0.089,0.017,0.016,0.145,,51941,88740
09172000,1990,0.742,0.4478,0.1856,0.0793,0.0206,,,,52348,70552
09172000,1996,0.6577,0.4537,0.1506,0.12,0.0159,,,,47504,72226
09172000,2002,0.6138,0.4989,0.1478,0.0946,0.0236,,,,47751,77800
09172000,2008,0.5643,0.4548,0.1444,0.1214,0.0202,,,,45439,80529
09172000,2014,0.5239,0.4543,0.123,0.1554,0.0139,,,,43981,83949
09172000,2020,0.5692,0.3801,0.0771,0.2001,0.0173,,0.048,,48735,85623
09172000,2026,0.5857,0.316,0.064,0.141,0.012,0.024,0.106,,49826,85078
09173000,1990,0.7548,0.4762,0.2164,0.0751,,,,,58260,77189
09173000,1996,0.6795,0.4739,0.1652,0.0862,,,,,55275,81350
09173000,2002,0.611,0.5243,0.1708,0.0665,0.0244,,,,53800,88054
09173000,2008,0.59,0.4004,0.1311,0.1001,0.0323,,,,54899,93051
09173000,2014,0.5516,0.3828,0.1185,0.1418,0.0171,,,,54262,98364
09173000,2020,0.592,0.3433,0.0708,0.2084,0.0214,0.017,0.0385,,60031,101402
09173000,2026,0.6279,0.345,0.073,0.177,0,0.031,0.11,,63509,101141
09174000,1990,0.7538,0.4566,0.2368,,0.0297,,,,60487,80245
09174000,1996,0.6799,0.4333,0.2132,0.074,0.0166,,,,60655,89217
09174000,2002,0.6831,0.4657,0.1952,0.0655,0.0248,,,,66106,96772
09174000,2008,0.5886,0.4492,0.1764,0.1012,0.0391,,,,60593,102943
09174000,2014,0.5411,0.439,0.1851,0.0886,0.0171,,,,60427,111671
09174000,2020,0.5896,0.3906,0.1204,0.1656,0.0214,,0.0562,,69933,118608
09174000,2026,0.6291,0.365,0.117,0.125,0.015,0.025,0.106,,74794,118883
09175000,1990,0.768,0.4641,0.2429,0.1133,0.0503,,,,58198,75778
09175000,1996,0.7025,0.4941,0.2483,0.1193,0.0411,,,,56540,80479
09175000,2002,0.6569,0.5376,0.2302,0.0965,0.0361,,,,58681,89324
09175000,2008,0.6291,0.4653,0.1955,0.1439,0.0553,,,,59975,95339
09175000,2014,0.5554,0.4123,0.1858,0.166,0.0313,,0.0385,,57535,103591
09175000,2020,0.6341,0.4024,0.106,0.2444,0.0381,0.019,0.0414,,69689,109901
09175000,2026,0.6682,0.41,0.12,0.192,0.038,0.036,0.105,,73695,110284
09176000,1990,0.8507,0.5535,0.2488,0.0556,0.0186,,,,63620,74787
09176000,1996,0.7863,0.522,0.2491,0.0577,,,,,63712,81032
09176000,2002,0.7325,0.5546,0.2197,0.0345,,,,,65085,88857
09176000,2008,0.6886,0.5007,0.19,0.0467,0.0257,,,,65369,94935
09176000,2014,0.6449,0.4966,0.1813,0.0558,0.0179,,,,64232,99601
09176000,2020,0.6661,0.3981,0.1286,0.0946,0.0176,0.0189,,,69032,103642
09176000,2026,0.7083,0.351,0.109,0.084,0,0.027,0.139,,73078,103181
09177000,1990,0.7795,0.4836,0.1913,,0.026,,,,54235,69580
09177000,1996,0.7156,0.47,0.1613,0.0651,0.0177,,,,53952,75396
09177000,2002,0.6596,0.5183,0.1538,0.0582,0.0232,,,,57581,87293
09177000,2008,0.6366,0.4713,0.1354,0.0891,0.0407,,,,60035,94310
09177000,2014,0.5848,0.4712,0.1253,0.1023,0.0235,,,,59611,101926
09177000,2020,0.6424,0.4017,0.0813,0.1705,0.0241,0.0131,0.078,,69780,108631
09177000,2026,0.6677,0.397,0.083,0.107,0.018,0.033,0.138,,73398,109923
09178000,1990,0.7314,0.392,0.2315,0.117,0.0421,,,,66591,91044
09178000,1996,0.6645,0.42,0.2027,0.1085,0.0272,,,,64857,97609
09178000,2002,0.6061,0.4428,0.1672,0.1054,0.0278,,,,66533,109775
09178000,2008,0.5844,0.338,0.1341,0.169,0.0437,0.0341,,,70346,120377
09178000,2014,0.5278,0.3147,0.1051,0.1944,0.0205,0.025,,,68254,129319
09178000,2020,0.5825,0.2512,0.0725,0.2218,0.0289,0.0259,0.0597,,79422,136358
09178000,2026,0.6086,0.281,0.073,0.177,0.024,0.038,0.106,,83974,137980
09179000,1990,0.7166,0.3721,0.2537,,0.0582,,,,96991,135352
09179000,1996,0.6411,0.4057,0.26,0.0863,0.0298,,,,88917,138690
09179000,2002,0.594,0.4753,0.2449,0.0866,0.03,,,,88394,148799
09179000,2008,0.5803,0.4327,0.2017,0.1379,0.0527,,,,89961,155037
09179000,2014,0.5344,0.4357,0.1813,0.1432,0.0304,,,,88149,164954
09179000,2020,0.5819,0.3716,0.1029,0.2408,0.0337,0.0175,0.0384,,98361,169026
09179000,2026,0.6292,0.37,0.117,0.189,0.024,0.033,0.092,,104306,165780
09180000,1990,0.7551,0.4959,0.1473,0.0534,,,,,47495,62901
09180000,1996,0.6871,0.4576,0.134,0.0627,,,,,43731,63648
09180000,2002,0.6608,0.5244,0.1275,,0.0272,,,,44037,66640
09180000,2008,0.6513,0.3851,0.1068,0.0532,0.0289,,,,43996,67547
09180000,2014,0.5963,0.3718,0.1078,0.0666,0.021,,,,41570,69709
09180000,2020,0.6201,0.3341,0.0714,0.1489,0.0221,0.0124,0.0271,,43949,70875
09180000,2026,0.6499,0.312,0.08,0.11,0.009,0.029,0.079,,45304,69704
09181000,1990,0.7372,0.5002,0.2181,,0.0335,,,,49097,66599
09181000,1996,0.6646,0.4709,0.1601,,0.0177,,,,48031,72269
09181000,2002,0.6391,0.4797,0.1791,,0.0182,,,,50774,79445
09181000,2008,0.6062,0.4349,0.1378,,0.0351,,,,51923,85649
09181000,2014,0.5781,0.407,0.1086,,0.0151,,,,52512,90833
09181000,2020,0.6597,0.3813,0.0802,0.2565,0.0213,,0.0189,,61544,93285
09181000,2026,0.6859,0.344,0.089,0.217,0.021,0.041,0.068,,65616,95671
09182000,1990,0.764,0.4034,0.2244,0.0522,0.0284,,,,49278,64503
09182000,1996,0.6489,0.4432,0.2064,0.0739,0.0253,,,,42600,65653
09182000,2002,0.6198,0.4722,0.2066,0.0696,0.029,,,,43598,70347
09182000,2008,0.6135,0.4451,0.1496,0.1073,0.0444,,,,45166,73623
09182000,2014,0.5747,0.3535,0.1496,0.1477,0.0332,,,,44608,77622
09182000,2020,0.6175,0.3609,0.0837,0.1929,0.0277,0.0084,,,49395,79990
09182000,2026,0.6558,0.335,0.083,0.152,0.018,0.023,0.086,,52189,79578
09183000,1990,0.7682,0.5096,0.2019,0.0514,0.0298,,,,56492,73539
09183000,1996,0.6669,0.5105,0.2036,0.0712,0.0185,,,,52007,77983
09183000,2002,0.6597,0.5142,0.1932,0.0596,0.0255,,,,54448,82536
09183000,2008,0.6014,0.4678,0.161,0.0745,0.037,,,,51310,85315
09183000,2014,0.5609,0.4684,0.1343,0.0904,0.0212,,,,49697,88597
09183000,2020,0.5806,0.3888,0.0875,0.1293,0.0267,,0.0791,,53905,92837
09183000,2026,0.6045,0.396,0.083,0.1,0.016,0.015,0.155,,57095,94445
09184000,1990,0.7497,0.3958,0.2973,0.0912,0.0675,,,,147162,196302
09184000,1996,0.6563,0.4178,0.2702,0.1048,0.048,,,,133232,203003
09184000,2002,0.6041,0.4611,0.2656,0.0964,0.049,,,,135921,225009
09184000,2008,0.5839,0.3968,0.2493,0.1383,0.0788,,,,140976,241427
09184000,2014,0.5381,0.4152,0.2349,0.1602,0.0492,,,,139031,258388
09184000,2020,0.5978,0.366,0.1318,0.261,0.0431,0.0179,0.046,,159426,266677
09184000,2026,0.6347,0.381,0.13,0.207,0.039,0.035,0.084,,168218,265049
09185000,1990,0.7704,0.4876,0.2178,0.0382,,,,,46070,59803
09185000,1996,0.7304,0.4442,0.2066,0.053,,,,,46302,63396
09185000,2002,0.6772,0.518,0.1973,0.0442,0.0217,,,,45717,67510
09185000,2008,0.6409,0.4358,0.1678,0.0437,0.0377,,,,44860,69994
09185000,2014,0.5966,0.4114,0.1517,0.0564,0.0251,,,,43894,73576
09185000,2020,0.6107,0.3508,0.0984,0.1299,0.0245,0.0166,,,46924,76831
09185000,2026,0.6674,0.318,0.073,0.097,0.022,0,0.125,,51198,76717
09186000,1990,0.785,0.4827,0.2231,0.048,,,,,54993,70057
09186000,1996,0.7179,0.4744,0.2027,0.0578,,,,,54920,76506
09186000,2002,0.6802,0.499,0.1837,0.0465,0.0478,,,,57214,84111
09186000,2008,0.6499,0.411,0.1518,0.0583,0.0586,,,,58017,89268
09186000,2014,0.5995,0.3961,0.1877,0.0673,0.0437,,,,57251,95496
09186000,2020,0.6259,0.3212,0.1255,0.1214,0.034,,0.0701,,62983,100624
09186000,2026,0.6594,0.293,0.121,0.093,0.018,0.024,0.138,,67506,102375
09187000,1990,0.754,0.5123,0.1956,0.0564,0.0307,,,,113466,150489
09187000,1996,0.6752,0.521,0.1674,0.0829,0.0216,,,,109681,162431
09187000,2002,0.6373,0.5688,0.1656,0.0676,0.0206,,,,113411,177944
09187000,2008,0.6211,0.475,0.1415,0.1122,0.0315,,,,117540,189244
09187000,2014,0.5621,0.4695,0.1165,0.1208,0.015,,,,112828,200741
09187000,2020,0.6133,0.3718,0.0705,0.1941,0.0194,,0.0636,,128239,209105
09187000,2026,0.6529,0.352,0.071,0.136,0.013,0.035,0.141,,136956,209769
09188000,1990,0.7672,0.3774,0.2105,0.0924,,,,,66423,86580
09188000,1996,0.6889,0.43,0.1699,0.1058,,,,,61227,88879
09188000,2002,0.6373,0.4526,0.1733,0.098,,,,,60844,95473
09188000,2008,0.631,0.3832,0.1566,0.1576,0.1126,,,,62344,98804
09188000,2014,0.5899,0.3909,0.1514,0.1735,0.0997,,,,61125,103622
09188000,2020,0.624,0.3395,0.0905,0.2984,0.0781,0.0083,0.0144,,66143,106006
09188000,2026,0.6626,0.391,0.087,0.22,0.063,0.032,0.081,,70491,106384
09189000,1990,0.7884,0.4391,0.2094,0.0767,0.0221,,,,90611,114929
09189000,1996,0.6962,0.4558,0.1945,0.1011,0.0135,,,,84881,121912
09189000,2002,0.6597,0.4792,0.1799,0.0889,0.0132,,,,85301,129301
09189000,2008,0.6227,0.4383,0.1624,0.1276,0.0226,,,,83188,133586
09189000,2014,0.5669,0.4093,0.1578,0.1546,0.0165,,,,78923,139208
09189000,2020,0.6072,0.3934,0.0934,0.1885,0.0157,0.0134,0.0448,,87231,143654
09189000,2026,0.6116,0.338,0.085,0.134,0,0.028,0.107,,88704,145043
09190000,1990,0.7668,0.4842,0.264,0.06,0.0271,,,,64607,84257
09190000,1996,0.7102,0.4657,0.2543,0.0852,0.0169,,,,63254,89064
09190000,2002,0.6719,0.5349,0.2455,0.0776,0.0246,,,,64457,95932
09190000,2008,0.6707,0.4094,0.2203,0.0957,0.0348,,,,66854,99677
09190000,2014,0.6209,0.3873,0.1921,0.109,0.018,,,,64651,104121
09190000,2020,0.6546,0.3404,0.1103,0.1744,0.0204,0.0106,0.0501,,70369,107499
09190000,2026,0.6879,0.339,0.108,0.13,0.018,0.034,0.111,,74832,108785
09261000,1990,0.6851,0.4378,0.2292,0.0762,0.0362,,,,31047,45320
09261000,1996,0.5669,0.4542,0.1871,0.1191,0.0213,,,,25518,45015
09261000,2002,0.5253,0.5037,0.1861,0.117,0.0287,,,,24024,45735
09261000,2008,0.453,0.3748,0.1414,0.1696,0.0628,,,,22133,48858
09261000,2014,0.3998,0.2821,0.1324,0.1634,0.0292,,,,20863,52178
09261000,2020,0.4801,0.22,0.0802,0.2537,0.0649,,0.0579,,26686,55579
09261000,2026,0.5257,0.289,0.1,0.201,0.029,0.055,0.112,,29054,55263
09262000,1990,0.6966,0.4295,0.2679,0.0572,0.0808,,,,27027,38797
09262000,1996,0.6759,0.3754,0.3304,0.0582,0.0581,,,,26309,38922
09262000,2002,0.5633,0.4036,0.2628,0.0472,0.0588,,,,22442,39843
09262000,2008,0.5447,0.3538,0.2574,0.0856,,,,,21964,40321
09262000,2014,0.4862,0.2765,0.2851,0.1069,,,,,20035,41208
09262000,2020,0.4944,0.2187,0.2317,0.1676,0.0424,0.0265,0.0371,,20958,42395
09262000,2026,0.5535,0.206,0.186,0.124,0.077,0.062,0.056,,22814,41218
09263000,1990,0.7054,0.4214,0.3463,,0.0171,,,,22979,32576
09263000,1996,0.6067,0.4906,0.3406,0.0211,,,,,20374,33579
09263000,2002,0.5528,0.4932,0.355,,,,,,18643,33727
09263000,2008,0.4823,0.4762,0.2951,0.0232,0.0251,,,,16902,35047
09263000,2014,0.4317,0.5362,0.2031,0.068,,,,,15663,36279
09263000,2020,0.4405,0.4655,0.1209,0.1237,0.0178,0.0249,0.064,,16487,37431
09263000,2026,0.4845,0.428,0.133,0.092,0,0.047,0.121,,18378,37929
09271000,1990,0.7602,0.4383,0.2216,0.0411,0.023,,,,60815,79998
09271000,1996,0.6947,0.428,0.2228,0.0598,,,,,58334,83974
09271000,2002,0.6567,0.4638,0.2063,0.0445,,,,,58284,88749
09271000,2008,0.5916,0.4128,0.1743,0.0552,0.0251,,,,54284,91759
09271000,2014,0.5328,0.4714,0.1615,0.0487,0.0183,,,,50083,94008
09271000,2020,0.5867,0.4143,0.0995,0.0903,0.0158,,0.0816,,56343,96037
09271000,2026,0.6282,0.363,0.077,0.064,0.011,0.018,0.184,,60493,96290
09272000,1990,0.8028,0.3722,0.2433,0.031,0.0151,,,,47979,59762
09272000,1996,0.7439,0.3655,0.21,0.0552,,,,,46444,62434
09272000,2002,0.7197,0.3487,0.1767,0.0387,,,,,46134,64100
09272000,2008,0.683,0.3231,0.1429,0.0436,0.0409,,,,43986,64403
09272000,2014,0.6658,0.3612,0.1385,0.0536,,,,,43668,65591
09272000,2020,0.6869,0.3496,0.0938,0.0652,0.0295,,0.0649,,45159,65747
09272000,2026,0.696,0.328,0.075,0.058,0.021,,0.158,,45561,65465
09273000,1990,0.7791,0.3802,0.2478,0.0449,0.0175,,,,55047,70657
09273000,1996,0.7175,0.3709,0.239,0.0539,0.0209,,,,54620,76127
09273000,2002,0.6649,0.3913,0.2112,0.046,0.0268,,,,54823,82454
09273000,2008,0.6338,0.3284,0.1791,0.0578,0.0533,,,,54192,85499
09273000,2014,0.5973,0.3426,0.1591,0.0726,0.0327,,,,54020,90439
09273000,2020,0.6148,0.3407,0.1115,0.1037,0.0337,,0.0537,,58542,95216
09273000,2026,0.6539,0.267,0.088,0.085,0.033,,0.141,,63014,96362
09274000,1990,0.788,0.4478,0.2051,0.0538,0.0416,,,,71691,90975
09274000,1996,0.7249,0.4298,0.1969,0.0635,0.0328,,,,71749,98975
09274000,2002,0.6729,0.4508,0.181,0.051,0.0297,,,,73090,108614
09274000,2008,0.6563,0.3904,0.1417,0.0686,0.0433,,,,75301,114731
09274000,2014,0.6088,0.3546,0.127,0.0822,0.0267,,,,73460,120662
09274000,2020,0.6257,0.2498,0.0803,0.1048,0.0373,,0.0658,,79545,127132
09274000,2026,0.6573,0.265,0.084,0.079,0.023,0.025,0.141,,85285,129743
09275000,1990,0.7651,0.4252,0.242,0.0469,0.0248,,,,97604,127564
09275000,1996,0.7077,0.4322,0.2131,0.0508,0.0104,,,,96899,136919
09275000,2002,0.6615,0.4322,0.2108,0.0416,0.0142,,,,96254,145514
09275000,2008,0.6183,0.422,0.1679,0.0601,0.0246,,,,92905,150265
09275000,2014,0.5771,0.4276,0.1517,0.0757,0.0187,,,,88981,154181
09275000,2020,0.6095,0.3655,0.1063,0.0891,0.0205,,0.0852,,97183,159441
09275000,2026,0.654,0.332,0.088,0.053,0.011,0.018,0.18,,104837,160293
09276000,1990,0.7724,0.4106,0.2722,0.0696,,,,,46901,60718
09276000,1996,0.7455,0.3974,0.2786,0.0693,,,,,46315,62124
09276000,2002,0.681,0.4479,0.2535,0.0508,,,,,43636,64072
09276000,2008,0.6473,0.4047,0.2292,0.059,0.0222,,,,41363,63902
09276000,2014,0.6045,0.3866,0.2074,0.0678,0.0167,,,,38697,64015
09276000,2020,0.6323,0.3305,0.1745,0.0836,0.0284,,0.0917,,40517,64074
09276000,2026,0.6546,0.309,0.118,0.057,0.009,0.014,0.182,,41243,63002
09277000,1990,0.7649,0.4343,0.2047,,0.0113,,,,62633,81887
09277000,1996,0.6726,0.4643,0.1798,0.0495,,,,,58605,87133
09277000,2002,0.6212,0.5009,0.162,0.0472,0.0139,,,,56856,91526
09277000,2008,0.6064,0.4389,0.1313,0.0603,0.0328,,,,56818,93699
09277000,2014,0.5705,0.4688,0.1229,0.0772,,,,,54644,95783
09277000,2020,0.5914,0.3979,0.0913,0.1224,0.0135,,0.0577,,58314,98598
09277000,2026,0.6445,0.321,0.076,0.081,0.01,0.013,0.148,,63699,98836
09278000,1990,0.8358,0.5068,0.1761,,,,,,53183,63628
09278000,1996,0.7917,0.5099,0.1717,0.0229,,,,,53618,67728
09278000,2002,0.744,0.5506,0.1427,0.0156,,,,,53794,72303
09278000,2008,0.6888,0.5091,0.1165,0.0263,,,,,52114,75663
09278000,2014,0.4382,0.4709,0.1161,0.0358,,,,,34444,78603
09278000,2020,0.6677,0.4404,0.0794,0.0657,,,0.0559,,54640,81831
09278000,2026,0.7044,0.399,0.068,0.046,0,0.02,0.16,,58617,83219
09279000,1990,0.7956,0.4134,0.2912,,0.0242,,,,47449,59639
09279000,1996,0.7305,0.4075,0.243,0.0486,0.0163,,,,47287,64736
09279000,2002,0.6705,0.4386,0.2296,,0.0154,,,,46133,68808
09279000,2008,0.6298,0.3782,0.2214,,0.0273,,,,44818,71167
09279000,2014,0.5419,0.3811,0.1869,0.0348,0.0258,,,,40566,74864
09279000,2020,0.5889,0.3102,0.1143,0.0647,0.028,,0.0706,,45699,77607
09279000,2026,0.6238,0.283,0.082,0.048,0.016,,0.162,,49369,79138
09361000,1990,0.6983,0.4719,0.3607,0.048,,,,,23447,33579
09361000,1996,0.5963,0.492,0.3372,0.0587,,,,,19597,32866
09361000,2002,0.5438,0.5086,0.3301,0.0368,,,,,18356,33758
09361000,2008,0.4978,0.4624,0.307,0.0583,0.0383,,,,16986,34122
09361000,2014,0.4654,0.4663,0.2879,0.0629,0.0328,,,,15814,33981
09361000,2020,0.4576,0.4255,0.1379,0.1138,0.0238,,,,15538,33956
09361000,2026,0.5006,0.355,0.116,0.083,0.017,0.038,,,16644,33251
09362000,1990,0.7115,0.4316,0.3579,0.0661,0.0311,,,,67128,94347
09362000,1996,0.6456,0.4984,0.3025,0.0635,,,,,60993,94482
09362000,2002,0.5679,0.5484,0.2639,0.0666,,,,,54753,96410
09362000,2008,0.4931,0.3994,0.2153,0.1063,0.0543,0.0457,,,50400,102201
09362000,2014,0.4968,0.3281,0.3371,0.1046,0.0295,0.0307,,,54472,109654
09362000,2020,0.5251,0.2569,0.1221,0.217,0.0332,0.0296,0.0445,,60653,115502
09362000,2026,0.5771,0.268,0.122,0.183,0.022,0.072,0.093,,67562,117073
09363000,1990,0.7454,0.5705,0.3301,,,,,,25059,33619
09363000,1996,0.6449,0.5455,0.3403,0.0528,0.01,,,,21762,33746
09363000,2002,0.5996,0.5813,0.3078,0.0429,,,,,20207,33701
09363000,2008,0.5283,0.3269,0.4267,0.0756,0.0281,,,,17851,33787
09363000,2014,0.5186,0.3456,0.3709,0.0761,0.0346,,,,17679,34089
09363000,2020,0.5188,0.3388,0.2599,0.0987,0.0518,0.0262,0.0623,,17750,34213
09363000,2026,0.5701,0.313,0.181,0.083,0.042,0.033,0.153,,18655,32725
09371000,1990,0.8199,0.4588,0.326,,,,,,61618,75149
09371000,1996,0.7531,0.437,0.3111,,,,,,59935,79582
09371000,2002,0.7304,0.4369,0.3079,,,,,,59882,81986
09371000,2008,0.6856,0.4162,0.2547,0.046,,,,,57110,83303
09371000,2014,0.659,0.4379,0.2372,0.065,,,,,55122,83645
09371000,2020,0.6557,0.3909,0.161,0.0938,,0.0135,,,55230,84233
09371000,2026,0.7069,0.38,0.145,0.074,,0.025,0.046,,58493,82747
09372000,1990,0.8044,0.36,0.1601,0.0366,,,,,76089,94594
09372000,1996,0.7676,0.3644,0.145,0.0454,,,,,74959,97659
09372000,2002,0.7368,0.4011,0.1077,0.0325,,,,,74346,100898
09372000,2008,0.6764,0.3582,0.0977,0.0466,0.0099,,,,69435,102654
09372000,2014,0.6564,0.3433,0.0808,0.042,0.0041,,,,68411,104218
09372000,2020,0.6711,0.2959,0.061,0.0516,0.0159,0.011,0.0564,,71115,105971
09372000,2026,0.7095,0.259,0.048,0.041,0.01,0.016,0.139,,74812,105450
09373000,1990,0.818,0.5195,0.224,0.0494,,,,,66766,81622
09373000,1996,0.7572,0.4526,0.163,0.0711,,,,,66780,88191
09373000,2002,0.7101,0.5599,0.1684,0.0639,0.0247,,,,67779,95444
09373000,2008,0.6656,0.4701,0.1425,0.0758,0.0354,,,,65469,98365
09373000,2014,0.6206,0.4731,0.1526,0.0918,0.0209,,,,63632,102534
09373000,2020,0.6473,0.4124,0.1066,0.1192,0.0211,0.0194,0.0324,,69448,107285
09373000,2026,0.6896,0.386,0.092,0.093,0.017,0.03,0.068,,74780,108442
09374000,1990,0.8536,0.4438,0.324,,,,,,61633,72202
09374000,1996,0.8229,0.4775,0.3194,0.0357,,,,,61576,74829
09374000,2002,0.7782,0.4995,0.2929,,,,,,59800,76846
09374000,2008,0.7402,0.4608,0.2825,0.0344,,,,,57517,77706
09374000,2014,0.7058,0.4729,0.2645,0.0493,,,,,54740,77556
09374000,2020,0.7173,0.3975,0.1777,0.0692,,0.0082,0.0513,,55447,77304
09374000,2026,0.7383,0.388,0.141,0.05,0,0.023,0.165,,56078,75954
09375000,1990,0.8035,0.5097,0.2521,0.0511,,,,,92823,115522
09375000,1996,0.7328,0.5044,0.2392,,,,,,91688,125126
09375000,2002,0.6987,0.5279,0.2168,,0.0204,,,,94471,135211
09375000,2008,0.6484,0.4532,0.1803,0.0694,0.0402,,,,92595,142801
09375000,2014,0.6273,0.4293,0.1493,0.0786,0.0236,,,,94213,150187
09375000,2020,0.665,0.3376,0.0931,0.1347,0.0301,0.0088,0.0613,,103028,154939
09375000,2026,0.6998,0.316,0.087,0.098,0.018,0.02,0.151,,110399,157752
09376000,1990,0.8191,0.335,0.3187,0.0283,,,,,85591,104494
09376000,1996,0.7515,0.4094,0.3424,0.0392,0.0098,,,,81844,108907
09376000,2002,0.713,0.4298,0.3176,0.0371,0.0101,,,,80450,112826
09376000,2008,0.6577,0.4206,0.3026,0.0552,0.0163,,,,75547,114861
09376000,2014,0.6286,0.4082,0.2471,0.0545,,,,,73968,117665
09376000,2020,0.6343,0.3823,0.1653,0.0814,0.0097,0.0163,0.0573,,76408,120453
09376000,2026,0.6737,0.338,0.135,0.05,0.006,0.024,0.183,,81453,120900
09377000,1990,0.8348,0.503,0.2795,0.0324,0.024,,,,51098,61207
09377000,1996,0.7976,0.4477,0.2718,,0.0195,,,,49607,62192
09377000,2002,0.7516,0.503,0.2455,0.0415,,,,,46959,62481
09377000,2008,0.7246,0.4853,0.2225,0.0515,0.0309,,,,44958,62044
09377000,2014,0.7005,0.4258,0.1903,0.0619,0.0187,,,,42634,60864
09377000,2020,0.712,0.4202,0.1333,0.0896,0.0236,,,,42687,59952
09377000,2026,0.7477,0.351,0.116,0.059,0.008,0.024,0.136,,43297,57906
09461000,1990,0.657,0.4168,0.2914,,,,,,36212,55120
09461000,1996,0.5493,0.4056,0.1978,,,,,,29106,52990
09461000,2002,0.5033,0.4088,0.2003,,0.0363,,,,26790,53225
09461000,2008,0.4824,0.3257,0.2238,,0.0371,,,,26375,54671
09461000,2014,0.4439,0.2751,0.215,,0.0304,,,,24937,56181
09461000,2020,0.5554,0.2281,0.162,,0.028,,0.0484,,32415,58367
09461000,2026,0.6434,0.234,0.176,0.23,0.022,0.067,0.086,,37288,57955
09462000,1990,0.6593,0.3348,0.3351,,0.0388,,,,37245,56489
09462000,1996,0.5512,0.2811,0.2784,,0.0254,,,,30980,56201
09462000,2002,0.4899,0.313,0.2787,,0.0388,,,,28386,57937
09462000,2008,0.4313,0.2824,0.225,,0.0439,,,,24800,57502
09462000,2014,0.414,0.2985,0.2118,0.1165,0.0579,,,,24298,58689
09462000,2020,0.5035,0.2411,0.1773,0.1803,0.0526,0.0171,0.0392,,29677,58945
09462000,2026,0.5647,0.24,0.198,0.146,0.038,0.057,0.104,,31590,55941
09463000,1990,0.7332,0.3459,0.3737,0.0712,0.0577,,,,25150,34304
09463000,1996,0.621,0.3636,0.3989,0.0805,0.0495,,,,20732,33384
09463000,2002,0.5861,0.3282,0.4344,0.0592,0.0615,,,,19401,33104
09463000,2008,0.6252,0.2259,0.4022,0.071,0.0508,,,,20624,32986
09463000,2014,0.5132,0.2632,0.3389,0.1051,0.0368,0.0291,,,16916,32962
09463000,2020,0.5413,0.2039,0.2336,0.1541,0.0428,0.0326,0.0336,,17467,32268
09463000,2026,0.6026,0.184,0.293,0.128,0.031,0.038,0.099,0.02,19180,31829
09464000,1990,0.646,0.385,0.3905,,0.0155,,,,26156,40487
09464000,1996,0.5237,0.3502,0.3953,0.047,,,,,20511,39164
09464000,2002,0.5311,0.4616,0.3371,0.0352,0.0106,,,,20231,38093
09464000,2008,0.452,0.4375,0.257,0.0416,,0.0458,,,16696,36940
09464000,2014,0.4136,0.4223,0.2712,0.0567,0.0081,0.0287,,,14609,35319
09464000,2020,0.4928,0.3624,0.2472,0.1156,0.026,0.0255,0.0485,,17138,34778
09464000,2026,0.5593,0.348,0.227,0.077,0.023,0.034,0.142,,18584,33230
09471000,1990,0.8249,0.5241,0.2042,0.0462,,,,,77091,93457
09471000,1996,0.7591,0.4715,0.1912,0.0704,,,,,77707,102370
09471000,2002,0.7119,0.5241,0.1825,,0.0198,,,,77579,108980
09471000,2008,0.6703,0.4487,0.1729,,0.037,,,,76023,113414
09471000,2014,0.656,0.4491,0.1753,,0.0179,,,,76727,116958
09471000,2020,0.6712,0.3888,0.1309,,0.0256,,0.0805,,80094,119335
09471000,2026,0.7308,0.372,0.103,0.101,0.019,0.017,0.181,,86673,118596
09472000,1990,0.8209,0.4018,0.2859,,0.0209,,,,64205,78210
09472000,1996,0.7605,0.3811,0.2493,,0.0173,,,,62697,82439
09472000,2002,0.7084,0.3956,0.2341,0.0538,0.0264,,,,60405,85268
09472000,2008,0.6889,0.3589,0.2023,,0.0272,,,,59350,86147
09472000,2014,0.6695,0.3357,0.2015,,0.0248,,,,57599,86028
09472000,2020,0.7011,0.2873,0.1374,0.1255,0.0337,,0.0397,,59966,85531
09472000,2026,0.7338,0.275,0.111,0.091,0.018,0.012,0.14,,61401,83672
09473000,1990,0.7991,,0.3916,0.0542,,,,,52459,65645
09473000,1996,0.7115,,0.3897,0.0753,,,,,49402,69438
09473000,2002,0.6653,,0.3792,0.0592,,,,,47442,71314
09473000,2008,0.6258,,0.3271,0.0723,0.0249,,,,45076,72026
09473000,2014,0.6107,,0.312,0.0826,0.0178,,,,43687,71540
09473000,2020,0.6094,,0.2026,0.1069,0.0224,,0.0547,,43369,71165
09473000,2026,0.6696,0.32,0.161,0.078,0,0.023,0.147,,46694,69736
09474000,1990,0.813,0.4324,0.2013,,0.0288,,,,62237,76553
09474000,1996,0.7549,0.4177,0.1775,0.0648,0.0188,,,,61297,81203
09474000,2002,0.7186,0.408,0.1786,0.0573,0.0159,,,,61293,85293
09474000,2008,0.7082,0.3479,0.1564,0.0864,0.0298,,,,62615,88411
09474000,2014,0.6666,0.3781,0.1479,0.104,0.0263,,,,60817,91228
09474000,2020,0.6845,0.3496,0.1166,0.1821,0.0325,,0.0339,,63932,93398
09474000,2026,0.7176,0.326,0.102,0.134,0.025,0.027,0.117,,66404,92536
09475000,1990,0.8007,0.357,0.4267,0.0328,0.0187,,,,68308,85312
09475000,1996,0.7395,0.3966,0.4198,0.0476,0.0155,,,,63952,86482
09475000,2002,0.691,0.4222,0.3684,0.0411,0.0181,,,,59516,86132
09475000,2008,0.6671,0.4277,0.3118,0.0458,0.0255,,,,55729,83544
09475000,2014,0.6428,0.4345,0.3003,0.0473,0.0158,,,,51607,80288
09475000,2020,0.6558,0.4074,0.2047,0.0775,0.0131,0.0084,0.0615,,51407,78392
09475000,2026,0.7051,0.405,0.173,0.061,0.009,0.016,0.147,,53089,75295
09476000,1990,0.8489,0.4499,0.4278,0.043,,,,,51303,60436
09476000,1996,0.8031,0.4507,0.3893,0.0395,,,,,48928,60926
09476000,2002,0.7297,0.4629,0.3484,0.03,,,,,44051,60372
09476000,2008,0.6831,0.4225,0.3139,0.0348,0.0121,,,,40249,58920
09476000,2014,0.646,0.4262,0.2716,0.0504,0.0126,,,,36805,56974
09476000,2020,0.6546,0.3727,0.1968,0.0822,,,0.0517,,36501,55762
09476000,2026,0.7084,0.353,0.163,0.059,,0.025,0.154,,37553,53008
09477000,1990,0.7854,0.3858,0.3409,,,,,,46251,58886
09477000,1996,0.7286,0.3766,0.3441,,,,,,44984,61741
09477000,2002,0.6841,0.3607,0.3316,,,,,,42879,62682
09477000,2008,0.6339,0.3795,0.2579,,0.0346,,,,39447,62229
09477000,2014,0.6048,0.3668,0.2579,0.0638,0.031,,,,36903,61020
09477000,2020,0.6649,0.3273,0.1891,0.109,0.0335,0.0157,0.0572,,39753,59787
09477000,2026,0.7175,0.318,0.124,0.067,0.016,0.026,0.127,,41576,57946
09478000,1990,0.7629,0.5217,0.2868,0.0566,,,,,39659,51982
09478000,1996,0.7157,0.4139,0.2713,0.0734,,,,,38454,53728
09478000,2002,0.6701,0.4625,0.2553,0.046,,,,,36960,55159
09478000,2008,0.6505,0.4385,0.2104,0.0655,0.0053,,,,35990,55325
09478000,2014,0.6154,0.4201,0.2148,0.077,0.0031,,,,34085,55385
09478000,2020,0.6252,0.3846,0.1556,0.1159,,,0.0603,,34451,55108
09478000,2026,0.6896,0.353,0.12,0.087,,0.024,0.158,,36827,53402
09479000,1990,0.7933,0.3731,0.4499,0.0409,0.0152,,,,56282,70945
09479000,1996,0.7029,0.3823,0.4595,0.05,,,,,49343,70202
09479000,2002,0.6566,0.4525,0.3865,0.0352,,,,,44554,67857
09479000,2008,0.6096,0.4153,0.3712,0.0441,,,,,39409,64649
09479000,2014,0.5991,0.411,0.3318,0.0665,,,,,36857,61520
09479000,2020,0.6174,0.3844,0.2479,0.0888,0.0069,,0.0727,,36542,59184
09479000,2026,0.6624,0.399,0.193,0.059,0,0.028,0.158,,37105,56019
09561000,1990,0.7532,0.4003,0.3445,0.0337,0.048,,,,21796,28936
09561000,1996,0.6164,0.3961,0.2661,0.0489,0.0413,,,,18463,29951
09561000,2002,0.5646,0.3868,0.2697,0.0503,0.0225,,,,17403,30824
09561000,2008,0.5448,0.3081,0.2158,0.1255,0.019,,,,17191,31555
09561000,2014,0.4912,0.3058,0.2011,0.1052,,,,,15842,32251
09561000,2020,0.5014,0.2777,0.1287,0.1358,0.0123,,0.0634,,16321,32551
09561000,2026,0.5582,0.256,0.092,0.108,0,0.023,0.146,,17502,31356
09562000,1990,0.7174,0.3802,0.3989,,0.0632,,,,53079,73983
09562000,1996,0.6573,0.458,0.35,,0.0494,,,,47928,72913
09562000,2002,0.5729,0.4735,0.3224,,0.0523,,,,43016,75083
09562000,2008,0.5198,0.4156,0.2643,,0.0789,,,,41017,78911
09562000,2014,0.4929,0.3396,0.2931,,0.0713,,,,40557,82284
09562000,2020,0.5771,0.3028,0.2175,,0.0458,,0.0367,,47933,83064
09562000,2026,0.6304,0.303,0.189,0.232,0.044,,0.067,,51875,82294
09563000,1990,0.6301,0.3017,0.4267,0.0642,0.0592,,,,47276,75032
09563000,1996,0.5442,0.3521,0.3625,0.1106,0.0406,,,,42092,77343
09563000,2002,0.5499,0.3979,0.4629,0.0616,0.0283,,,,45493,82725
09563000,2008,0.4944,0.2635,0.5414,0.0763,0.0305,0.0439,,,43072,87120
09563000,2014,0.454,0.2481,0.5108,0.1183,0.0254,0.0441,,,42313,93197
09563000,2020,0.4848,0.1868,0.4268,0.1996,0.0254,0.0613,0.0589,,47786,98567
09563000,2026,0.5395,0.17,0.411,0.144,0.02,0.089,0.113,,52986,98210
09564000,1990,0.662,0.3632,0.4315,0.083,0.0336,,,,237694,359049
09564000,1996,0.5684,0.4374,0.3434,0.0814,,,,,198821,349787
09564000,2002,0.5534,0.4357,0.3949,0.0585,,0.0124,,,195318,352964
09564000,2008,0.501,0.3198,0.4324,0.076,0.0317,,,,184408,368110
09564000,2014,0.4426,0.294,0.4407,0.0901,0.0201,,,,170662,385621
09564000,2020,0.4701,0.3134,0.2573,0.1997,0.0211,0.0393,0.0569,,183123,389547
09564000,2026,0.5106,0.337,0.183,0.148,0.016,0.066,0.113,,193687,379322
09565000,1990,0.7124,0.3488,0.399,0.0932,0.0516,,,,19151,26881
09565000,1996,0.6558,0.3637,0.4012,0.1091,0.0403,,,,18561,28301
09565000,2002,0.5819,0.363,0.3592,0.0899,0.0539,,,,17021,29251
09565000,2008,0.5786,0.4048,0.313,0.1178,0.0412,,,,17423,30113
09565000,2014,0.5114,0.4482,0.2814,0.1591,0.024,,,,16184,31648
09565000,2020,0.5265,0.3577,0.2516,0.2377,0.0375,0.029,,,17129,32531
09565000,2026,0.6021,0.288,0.31,0.154,0,0.036,0.128,,19182,31858
09571000,1990,0.814,0.495,0.2176,0.0574,,,,,98778,121351
09571000,1996,0.749,0.4987,0.2031,0.081,,,,,98064,130921
09571000,2002,0.7048,0.4945,0.2047,0.0685,0.0426,,,,96815,137371
09571000,2008,0.6731,0.4519,0.1844,0.0989,0.0503,,,,95064,141231
09571000,2014,0.6239,0.4104,0.1756,0.1241,0.0465,,,,89809,143943
09571000,2020,0.6319,0.4001,0.1157,0.1646,0.0363,0.0257,,,93761,148376
09571000,2026,0.6774,0.323,0.104,0.121,0.023,0.031,0.141,,100929,148998
09572000,1990,0.7989,0.4451,0.277,0.0739,0.0424,,,,66180,82841
09572000,1996,0.7318,0.4339,0.2565,0.1074,0.0379,,,,66874,91384
09572000,2002,0.6935,0.4262,0.2763,0.0841,0.0464,,,,68020,98079
09572000,2008,0.6844,0.3604,0.2835,0.1043,0.0605,,,,70059,102362
09572000,2014,0.6326,0.3654,0.2231,0.1482,0.0443,,,,67201,106238
09572000,2020,0.6616,0.3425,0.1316,0.2066,0.0253,,0.0486,,72182,109100
09572000,2026,0.7105,0.33,0.138,0.164,0.02,0.04,0.111,,78075,109894
09573000,1990,0.7806,0.383,0.366,0.0757,,,,,59446,76158
09573000,1996,0.6958,0.4388,0.3461,0.0901,,,,,57415,82514
09573000,2002,0.6718,0.4559,0.3441,0.0652,,,,,58412,86947
09573000,2008,0.6346,0.4239,0.3122,0.0879,,,,,57313,90310
09573000,2014,0.2901,0.4061,0.2885,0.1219,,,,,27261,93955
09573000,2020,0.6154,0.3913,0.1651,0.1837,0.0297,0.0262,0.0629,,59302,96363
09573000,2026,0.6638,0.364,0.159,0.143,0.027,0.045,0.14,,63398,95506
09574000,1990,0.7617,0.3941,0.3338,0.0652,0.0413,,,,89776,117868
09574000,1996,0.7067,0.3671,0.3095,0.0917,0.0318,,,,87916,124412
09574000,2002,0.6606,0.4015,0.3069,0.0874,0.0293,,,,84727,128257
09574000,2008,0.6464,0.3694,0.2662,0.1148,0.0335,,,,84411,130594
09574000,2014,0.6059,0.3422,0.2313,0.1351,0.0241,,,,80766,133300
09574000,2020,0.6386,0.3098,0.1358,0.1952,0.0252,0.0199,0.0517,,86950,136161
09574000,2026,0.6903,0.285,0.138,0.149,0.022,0.048,0.119,,93688,135711
09575000,1990,0.8226,0.4469,0.2395,0.0517,,,,,54816,66641
09575000,1996,0.7716,0.4314,0.224,0.0657,0.0317,,,,55519,71949
09575000,2002,0.7233,0.4267,0.2097,0.0571,0.0204,,,,54856,75837
09575000,2008,0.698,0.3654,0.1779,0.0756,0.0329,,,,54623,78251
09575000,2014,0.6619,0.3771,0.1905,0.0974,0.015,,,,52385,79144
09575000,2020,0.6569,0.3873,0.1299,0.1349,0.0124,0.0221,0.0148,,53376,81253
09575000,2026,0.6813,0.334,0.112,0.103,0.017,0.033,0.133,,55413,81335
09576000,1990,0.7986,0.4391,0.315,0.0626,0.0263,,,,65358,81842
09576000,1996,0.7229,0.4293,0.3141,0.075,0.024,,,,64508,89234
09576000,2002,0.6834,0.449,0.2998,0.0555,0.0374,,,,64451,94312
09576000,2008,0.6506,0.3848,0.2713,0.0691,0.0511,,,,63276,97252
09576000,2014,0.6095,0.3654,0.2725,0.1013,0.0443,,,,60239,98830
09576000,2020,0.6162,0.3399,0.2119,0.1596,0.041,0.0173,0.0441,,62712,101778
09576000,2026,0.6743,0.327,0.164,0.121,0.031,0.034,0.131,,67981,100811
09577000,1990,0.7893,0.4902,0.2663,,0.0456,,,,53165,67354
09577000,1996,0.7458,0.4715,0.237,0.0694,0.042,,,,52451,70327
09577000,2002,0.6941,0.502,0.2296,0.0585,0.0451,,,,50369,72567
09577000,2008,0.654,0.4496,0.2488,0.0663,0.0456,0.0284,,,48107,73561
09577000,2014,0.6261,0.4422,0.2558,0.094,0.031,,,,46488,74248
09577000,2020,0.6188,0.4422,0.1601,0.1506,0.0318,0.0215,,,46709,75481
09577000,2026,0.6717,0.377,0.143,0.109,0.017,0.029,0.137,,50685,75456
09661000,1990,0.6489,0.3916,0.3643,0.0592,0.0342,,,,30533,47051
09661000,1996,0.5322,0.4005,0.3249,0.0875,0.0259,,,,25236,47419
09661000,2002,0.4766,0.4201,0.3727,0.0693,0.0393,,,,23952,50255
09661000,2008,0.4077,0.3909,0.3216,0.105,0.0579,,,,21099,51749
09661000,2014,0.3714,0.3518,0.3181,0.1449,0.0493,,,,19600,52773
09661000,2020,0.4782,0.3039,0.2708,0.2089,0.0507,,0.0536,,25776,53901
09661000,2026,0.5559,0.28,0.227,0.15,0.033,0.059,0.131,,29943,53862
09662000,1990,0.7126,0.3616,0.4906,,,,,,29574,41500
09662000,1996,0.6457,0.4487,0.3561,,,,,,26302,40736
09662000,2002,0.5443,0.4079,0.2824,,,,,,22099,40604
09662000,2008,0.4512,0.3785,0.2093,0.0492,,0.086,,,18368,40711
09662000,2014,0.4265,0.4801,0.2309,0.0617,0.0152,0.0723,,,17191,40311
09662000,2020,0.4511,0.3815,0.1756,0.1424,0.0257,0.0595,0.0835,,17686,39206
09662000,2026,0.5213,0.261,0.259,0.076,0.027,0.044,0.191,,19847,38075
09663000,1990,0.7363,0.3301,0.274,0.0687,0.0417,,,,70681,95989
09663000,1996,0.6215,0.3113,0.1957,0.1104,0.0341,,,,58738,94516
09663000,2002,0.5441,0.3206,0.1836,0.1046,0.0396,,,,53052,97496
09663000,2008,0.5046,0.3404,0.176,0.1693,0.054,0.0435,,,51680,102409
09663000,2014,0.4547,0.3304,0.1948,0.1749,0.0371,0.0282,,,46760,102830
09663000,2020,0.5357,0.2925,0.0922,0.3248,0.0347,0.0526,0.0383,,55041,102743
09663000,2026,0.5582,0.234,0.088,0.312,0.034,0.089,0.071,,55589,99581
09671000,1990,0.7643,0.5065,0.3003,0.0724,0.0241,,,,90997,119053
09671000,1996,0.6826,0.4928,0.2632,0.0945,0.0226,,,,86094,126134
09671000,2002,0.6317,0.5117,0.2406,0.0628,0.0363,,,,83557,132275
09671000,2008,0.6278,0.4782,0.2212,0.0913,0.0415,,,,85623,136391
09671000,2014,0.5489,0.4752,0.2158,0.1138,0.0343,,,,76188,138804
09671000,2020,0.6102,0.3973,0.1341,0.1791,0.0394,0.0142,0.0642,,84829,139025
09671000,2026,0.6618,0.394,0.125,0.129,0.032,0.039,0.145,,90840,137265
09672000,1990,0.8206,0.4841,0.2042,,,,,,65282,79557
09672000,1996,0.7609,0.4914,0.1959,,,,,,63911,83998
09672000,2002,0.7266,0.5114,0.2113,,,,,,62296,85732
09672000,2008,0.6709,0.4613,0.1795,,,,,,57889,86280
09672000,2014,0.6385,0.4726,0.1831,,,,,,54578,85472
09672000,2020,0.6456,0.4173,0.1159,,,0.0195,0.0494,,55110,85359
09672000,2026,0.6785,0.391,0.103,0.104,0.016,0,0.146,,56829,83762
09673000,1990,0.8054,0.5317,0.1844,0.0503,,,,,49085,60947
09673000,1996,0.7604,0.5234,0.1735,0.0826,,,,,48675,64013
09673000,2002,0.7051,0.539,0.1457,0.062,,,,,46021,65271
09673000,2008,0.6854,0.5157,0.1377,0.0645,0.0398,,,,45108,65814
09673000,2014,0.6361,0.4994,0.1378,0.0947,0.0348,,,,41594,65392
09673000,2020,0.6659,0.4603,0.0822,0.1402,0.0297,0.0248,,,42988,64560
09673000,2026,0.7132,0.346,0.064,0.086,0.018,0.018,0.107,,45009,63110
09674000,1990,0.8379,0.4582,0.2707,,,,,,52918,63158
09674000,1996,0.7756,0.3964,0.2582,0.0618,,,,,50995,65747
09674000,2002,0.7211,0.4314,0.2205,0.0461,,,,,49235,68274
09674000,2008,0.706,0.3418,0.2096,0.0448,,,,,48651,68913
09674000,2014,0.6925,0.3642,0.2099,0.0628,,,,,47837,69080
09674000,2020,0.6731,0.3534,0.149,0.1061,,,,,46685,69354
09674000,2026,0.72,0.339,0.119,0.082,0.036,,0.134,,49017,68081
09675000,1990,0.7857,0.4069,0.2402,0.0576,,,,,48557,61804
09675000,1996,0.7236,0.3799,0.2239,0.056,,,,,46693,64525
09675000,2002,0.6892,0.3636,0.2016,0.0337,,,,,46351,67254
09675000,2008,0.6599,0.3334,0.1572,0.0506,0.034,,,,45948,69632
09675000,2014,0.6294,0.3624,0.1454,0.0653,0.0196,,,,44984,71473
09675000,2020,0.6446,0.3039,0.0983,0.1285,0.0259,,0.053,,47190,73212
09675000,2026,0.672,0.284,0.079,0.106,0.007,0.023,0.116,,49447,73578
09676000,1990,0.8128,0.4902,0.2748,0.0682,,,,,69289,85246
09676000,1996,0.7682,0.4834,0.2476,0.07,,,,,70032,91168
09676000,2002,0.6891,0.4699,0.2314,0.0514,,,,,66278,96178
09676000,2008,0.6515,0.4312,0.1895,0.0741,0.0524,,,,64301,98699
09676000,2014,0.6013,0.3911,0.1738,0.0895,0.049,,,,59806,99462
09676000,2020,0.6179,0.3343,0.1152,0.1632,0.0531,0.018,,,61944,100253
09676000,2026,0.6738,0.332,0.103,0.097,0.02,0.03,0.139,,67045,99504
09677000,1990,0.8419,0.4052,0.2585,0.0615,,,,,79235,94110
09677000,1996,0.7816,0.3663,0.2235,0.0869,,,,,77612,99300
09677000,2002,0.7291,0.4044,0.2056,0.0745,,,,,73746,101150
09677000,2008,0.7054,0.3559,0.188,0.1015,0.0213,,,,73090,103614
09677000,2014,0.6727,0.3507,0.1713,0.1327,0.0096,,,,69467,103264
09677000,2020,0.67,0.3241,0.1308,0.1637,0.0207,0.0163,0.0391,,68978,102953
09677000,2026,0.7011,0.325,0.124,0.118,0.018,0.026,0.11,,70791,100975
09678000,1990,0.8106,0.5411,0.2493,,,,,,66907,82540
09678000,1996,0.7638,0.5234,0.2229,,,,,,66169,86633
09678000,2002,0.6964,0.5491,0.2106,,,,,,62588,89878
09678000,2008,0.6552,0.4935,0.1703,,,0.0519,,,59902,91423
09678000,2014,0.6351,0.5022,0.1853,0.1011,0.0222,0.0382,,,58899,92747
09678000,2020,0.6668,0.4166,0.1788,0.141,0.0194,0.0235,0.0622,,62185,93265
09678000,2026,0.6989,0.382,0.163,0.102,0.014,0.029,0.153,,63860,91377
09679000,1990,0.8266,0.448,0.3104,0.0731,0.026,,,,90245,109170
09679000,1996,0.7702,0.4291,0.2762,0.094,0.0187,,,,88934,115465
09679000,2002,0.7265,0.4742,0.2666,0.0712,0.0248,,,,88336,121598
09679000,2008,0.695,0.4101,0.2324,0.1038,0.0338,,,,87841,126391
09679000,2014,0.6681,0.4344,0.225,0.131,0.0207,,,,86386,129295
09679000,2020,0.6811,0.3837,0.1372,0.2043,0.028,0.0217,0.0452,,89274,131074
09679000,2026,0.7203,0.366,0.133,0.178,0.021,0.035,0.105,,93670,130043
09761000,1990,0.6675,0.4309,0.2836,0.1076,0.0249,,,,122688,183809
09761000,1996,0.5616,0.4409,0.2936,0.1049,0.0169,,,,101975,181573
09761000,2002,0.5245,0.4348,0.3637,0.0874,,0.0122,,,96210,183443
09761000,2008,0.4762,0.4014,0.3009,0.1028,0.0265,0.0348,,,92275,193754
09761000,2014,0.4116,0.3774,0.2241,0.1245,0.0156,0.0325,0.0585,,84276,204758
09761000,2020,0.4531,0.3225,0.1432,0.2337,0.0229,0.0369,0.0659,,97013,214110
09761000,2026,0.5183,0.253,0.136,0.181,0.02,0.079,0.136,,110147,212517
09762000,1990,0.6606,0.3793,0.2258,0.0694,0.0529,,,,20090,30414
09762000,1996,0.5173,0.2964,0.2246,0.0726,0.0418,,,,16392,31686
09762000,2002,0.4506,0.3869,0.1564,0.0552,0.0659,,,,14586,32370
09762000,2008,0.4784,0.4444,0.1089,0.0699,0.0794,,,,15578,32561
09762000,2014,0.4557,0.3613,0.1349,0.0978,0.0845,,,,14995,32907
09762000,2020,0.4798,0.3182,0.0668,0.1889,0.0365,0.0182,0.0357,,16347,34068
09762000,2026,0.5464,0.3,0.062,0.152,0.025,0.03,0.139,0.02,18489,33838
09763000,1990,0.682,0.3617,0.2578,0.0761,0.0494,,,,31450,46111
09763000,1996,0.5903,0.407,0.2342,0.0689,0.0508,,,,27015,45763
09763000,2002,0.4812,0.471,0.1839,0.0615,0.0466,,,,22728,47236
09763000,2008,0.4295,0.4063,0.1422,0.1146,0.0646,,,,21079,49073
09763000,2014,0.4142,0.3704,0.1704,0.1374,0.0573,,,,21046,50815
09763000,2020,0.4401,0.2648,0.0924,0.1916,0.0465,0.0096,0.0681,,23249,52821
09763000,2026,0.5359,0.235,0.08,0.173,0.029,0.035,0.13,,28129,52490
09764000,1990,0.6618,0.29,0.2491,,,,,,18992,28697
09764000,1996,0.5511,0.3467,0.2575,0.0774,,,,,15942,28927
09764000,2002,0.506,0.3883,0.2516,0.0645,,,,,15209,30058
09764000,2008,0.4585,0.3224,0.2202,0.0673,0.0593,,,,13948,30421
09764000,2014,0.4146,0.295,0.2046,0.0814,0.0221,,,,12980,31310
09764000,2020,0.449,0.2627,0.1686,0.1294,0.0455,0.027,0.0535,,14473,32235
09764000,2026,0.5161,0.231,0.139,0.104,0.023,0.05,0.158,,16863,32676
09771000,1990,0.7747,0.5141,0.1917,0.0666,0.0307,,,,61962,79978
09771000,1996,0.7099,0.4749,0.205,0.085,0.0296,,,,61293,86344
09771000,2002,0.6723,0.519,0.2028,0.057,0.0293,,,,62213,92544
09771000,2008,0.6439,0.4796,0.214,0.0729,0.0441,,,,62571,97175
09771000,2014,0.5984,0.4688,0.1766,0.0867,0.0234,,,,60973,101890
09771000,2020,0.6395,0.4126,0.1093,0.1539,0.0242,,0.0816,,68014,106348
09771000,2026,0.696,0.368,0.111,0.123,0.022,,0.149,,74815,107486
09772000,1990,0.7553,0.4716,0.2175,0.0689,0.0377,,,,112719,149236
09772000,1996,0.6714,0.4984,0.211,0.0897,0.0249,,,,110532,164641
09772000,2002,0.6353,0.5239,0.2281,0.0757,0.0321,,,,112545,177141
09772000,2008,0.6144,0.4795,0.2025,0.0835,0.0406,,,,113256,184332
09772000,2014,0.5697,0.4813,0.1674,0.1077,0.0286,,,,109193,191681
09772000,2020,0.5951,0.4254,0.0944,0.1766,0.0262,0.0145,0.0709,,118496,199126
09772000,2026,0.6525,0.39,0.093,0.117,0.019,0.034,0.149,,131986,202266
09773000,1990,0.7883,,0.2193,0.0299,0.069,,,,48556,61598
09773000,1996,0.6832,,0.2132,0.0425,0.0556,,,,45353,66380
09773000,2002,0.6628,,0.2107,0.0354,0.0469,,,,46761,70546
09773000,2008,0.628,0.3734,0.1713,0.059,0.0757,,,,45720,72808
09773000,2014,0.5749,0.3638,0.1593,0.0724,0.0546,,,,42589,74079
09773000,2020,0.5855,0.3204,0.0983,0.1099,0.0371,0.0098,0.0551,,44533,76064
09773000,2026,0.6318,0.295,0.091,0.08,0.018,0.005,0.148,,48543,76834
09774000,1990,0.7429,0.459,0.2273,0.045,0.0179,,,,58997,79415
09774000,1996,0.6739,0.5129,0.2613,0.0568,0.0163,,,,57247,84950
09774000,2002,0.6631,0.534,0.2466,,,,,,58827,88712
09774000,2008,0.6029,0.5136,0.1894,0.0568,0.0687,,,,54709,90750
09774000,2014,0.5492,0.4949,0.165,0.0964,,,,,50929,92731
09774000,2020,0.5672,0.3727,0.0975,0.1519,0.0573,0.015,0.0836,,55031,97014
09774000,2026,0.6444,0.346,0.091,0.085,0.039,0.021,0.197,,62899,97611
09775000,1990,0.6674,0.4045,0.337,0.0763,0.0389,,,,71066,106481
09775000,1996,0.5929,0.4399,0.2845,0.1054,0.0305,,,,66101,111490
09775000,2002,0.5462,0.4957,0.2552,0.0741,0.0286,,,,64812,118666
09775000,2008,0.4941,0.4749,0.2192,0.1131,0.0361,,,,60786,123019
09775000,2014,0.4662,0.4623,0.2041,0.1246,0.029,,,,60398,129554
09775000,2020,0.472,0.3868,0.1067,0.1807,0.0358,0.0195,,,63679,134915
09775000,2026,0.5531,0.368,0.1,0.139,0.022,0.041,0.146,,75883,137194
09776000,1990,0.7153,0.4156,0.2015,0.0972,0.0275,,,,37899,52984
09776000,1996,0.6625,0.4283,0.1764,0.1097,0.0084,,,,36416,54968
09776000,2002,0.6108,0.4459,0.1951,0.0921,,,,,35577,58248
09776000,2008,0.5566,0.41,0.1464,0.1167,,,,,34222,61482
09776000,2014,0.5071,0.3937,0.1375,0.1401,0.0216,,,,32031,63163
09776000,2020,0.5521,0.3258,0.0965,0.2182,,0.0154,0.0316,,36048,65289
09776000,2026,0.6272,0.309,0.082,0.154,0.047,0.042,0.127,,40987,65348
09777000,1990,0.7622,0.5127,0.1919,0.0653,0.0352,,,,67658,88771
09777000,1996,0.6792,0.4918,0.1677,0.098,0.026,,,,63257,93134
09777000,2002,0.6497,0.4975,0.1443,0.0829,0.0236,,,,64395,99110
09777000,2008,0.6396,0.4238,0.0993,0.0959,0.0282,,,,66256,103584
09777000,2014,0.6001,0.4357,0.1136,0.1185,0.0172,,,,64279,107107
09777000,2020,0.6368,0.4036,0.0631,0.1834,0.021,0.0041,0.0513,,70818,111201
09777000,2026,0.6824,0.373,0.062,0.129,0,0.018,0.133,,77544,113636
09778000,1990,0.76,0.5338,0.1627,0.0469,0.0186,,,,68433,90048
09778000,1996,0.7041,0.4823,0.1318,0.0588,,,,,67824,96324
09778000,2002,0.6594,0.547,0.1363,0.0463,,,,,66997,101602
09778000,2008,0.608,0.4494,0.1102,0.0618,0.0279,,,,63738,104836
09778000,2014,0.589,0.4205,0.1031,0.0846,0.0146,,,,64442,109412
09778000,2020,0.6099,0.313,0.0695,0.1369,0.021,0.0051,0.0742,,70432,115486
09778000,2026,0.6705,0.302,0.06,0.09,0,0.028,0.174,,79063,117918
09779000,1990,0.8068,0.4175,0.2381,0.0505,,,,,72437,89779
09779000,1996,0.7618,0.4169,0.2256,0.0745,,,,,71589,93973
09779000,2002,0.7337,0.4687,0.2109,0.0445,,,,,71688,97709
09779000,2008,0.6776,0.4217,0.1654,0.0562,,0.0371,,,67797,100055
09779000,2014,0.6392,0.3791,0.1697,0.0824,0.011,0.0236,,,65937,103151
09779000,2020,0.6712,0.3621,0.1188,0.1283,0.0117,0.0138,0.0473,,71700,106828
09779000,2026,0.6949,0.302,0.098,0.081,0.009,0.02,0.129,,74908,107797
09780000,1990,0.739,0.4835,0.1589,0.0715,0.0338,,,,74578,100920
09780000,1996,0.6629,0.4853,0.1326,0.0853,0.0177,,,,70869,106903
09780000,2002,0.6138,0.4936,0.1192,0.0821,0.0225,,,,69295,112888
09780000,2008,0.6075,0.4508,0.0925,0.1236,0.0311,,,,71535,117753
09780000,2014,0.5965,0.4223,0.0876,0.1272,0.0313,,,,72822,122072
09780000,2020,0.6105,0.3466,0.047,0.195,0.0291,0.0048,0.0273,,77007,126138
09780000,2026,0.6799,0.31,0.046,0.147,0.021,0.02,0.114,,83875,123359
10041000,1994,0.6929,0.3465,0.4486,0.0933,0.0418,,,,190438,274856
10041000,1999,0.5207,0.4488,0.4199,0.0576,0.0365,0.0149,,,144591,277662
10041000,2004,0.5001,0.426,0.3433,0.0724,0.0524,0.0316,,,136045,272026
10041000,2009,0.5033,0.3072,0.3033,0.0823,0.0882,0.1631,,,134564,267379
10041000,2014,0.4604,0.3296,0.3191,0.0828,0.0339,0.1034,0.0558,,122023,265049
10041000,2019,0.5796,0.2809,0.2973,0.152,0.0474,0.0922,0.0842,,150082,258926
10041000,2024,0.5957,0.3218,0.296,0.1081,0.0639,0.074,0,,148294,248961
10042000,1994,0.7942,0.4155,0.4096,0.0569,0.0311,,,,64034,80631
10042000,1999,0.6662,0.4757,0.4227,0.0279,0.0217,0,,,55639,83516
10042000,2004,0.6389,0.5345,0.3702,0.0512,0.0441,0,,,54397,85148
10042000,2009,0.6311,0.4344,0.2955,0.0573,0.0715,0.0962,,,54535,86416
10042000,2014,0.5784,0.4471,0.3255,0.0526,0.0297,0.0591,0.0585,,49932,86330
10042000,2019,0.6568,0.4029,0.2878,0.1109,0.0545,0.0686,0.0753,,56240,85624
10042000,2024,0.6732,0.4093,0.3002,0.0614,0.042,0.0372,0.1498,,57036,84720
10043000,1994,0.7306,0.3324,0.5152,0.063,0.0251,,,,86000,117713
10043000,1999,0.5906,0.4335,0.5016,0.0395,0.0254,0,,,70053,118622
10043000,2004,0.5485,0.4426,0.4301,0.0497,0.0417,0.036,,,64476,117550
10043000,2009,0.5813,0.3363,0.4123,0.05,0.0592,0.1422,,,67270,115716
10043000,2014,0.5011,0.3621,0.4089,0.0442,0.019,0.0743,0.0627,,56739,113236
10043000,2019,0.6251,0.3414,0.3313,0.1075,0.0422,0.0781,0.0995,,68667,109849
10043000,2024,0.6352,0.3072,0.3111,0.0481,0.0227,0.0234,0.1644,,67559,106351
10044000,1994,0.7547,0.374,0.4329,0.0745,0.0324,,,,123190,163236
10044000,1999,0.6081,0.4474,0.4439,0.0415,0.0204,0,,,101752,167317
10044000,2004,0.5784,0.4538,0.371,0.0532,0.0384,0.0237,,,97018,167723
10044000,2009,0.5873,0.3628,0.3093,0.0706,0.0806,0.1297,,,97877,166642
10044000,2014,0.5279,0.3743,0.3627,0.0624,0.0223,0.0658,0.0504,,86884,164588
10044000,2019,0.6498,0.3436,0.3243,0.1232,0.0429,0.0782,0.0878,,104576,160932
10044000,2024,0.6646,0.3186,0.3123,0.0598,0.0306,0.0213,0.1417,,104065,156593
10045000,1994,0.7388,0.3631,0.4217,0.0737,0.0257,,,,90408,122364
10045000,1999,0.5899,0.4445,0.3981,0.0487,0.0242,0,,,73061,123858
10045000,2004,0.5619,0.4504,0.3369,0.0653,0.0422,0,,,69321,123370
10045000,2009,0.584,0.3501,0.3181,0.0625,0.0691,0.1031,,,71243,121995
10045000,2014,0.5612,0.3685,0.3513,0.0619,0.0195,0.057,0.0494,,68008,121180
10045000,2019,0.6724,0.3055,0.2796,0.1398,0.037,0.0583,0.0978,,79231,117828
10045000,2024,0.6791,0.3128,0.2942,0.0728,0.0287,0.039,0.1559,,77718,114437
10046000,1994,0.826,0.4851,0.4203,0.0456,0.0135,,,,62470,75633
10046000,1999,0.7375,0.5572,0.4013,0.0274,0.0142,0,,,56469,76571
10046000,2004,0.6734,0.6103,0.3219,0.0391,0.0287,0,,,51799,76916
10046000,2009,0.6945,0.5157,0.3159,0.0408,0.0387,0.0889,,,52982,76286
10046000,2014,0.651,0.5139,0.3336,0.0334,0.0129,0.0446,0.0431,,48887,75094
10046000,2019,0.7355,0.4829,0.2663,0.0777,0.0237,0.0464,0.0599,,53921,73312
10046000,2024,0.7551,0.4736,0.2712,0.0464,0.0197,0.0192,0.1115,,53513,70867
12051000,2003,0.477,0.3735,0.2263,0.0343,0.0855,0.1494,,,30532,64007
12051000,2008,0.4491,0.3016,0.2703,0.0381,0.055,0.244,,,28468,63392
12051000,2014,0.3634,0.3731,0.2497,0.066,0.0245,0.1747,0.0581,,22471,61837
12051000,2019,0.4808,0.2675,0.1692,0.1385,0.0454,0.13,0.1416,,29159,60651
12051000,2024,0.5796,0.2357,0.1865,0.0893,0.0281,0.0719,0.238,,34857,60140
12052000,2003,0.2841,0.2414,0.1998,0.061,0.0476,0.2676,,,25097,88353
12052000,2008,0.4266,0.1825,0.2863,0.048,0.0567,0.2689,,,36891,86477
12052000,2014,0.3966,0.2775,0.2093,0.0635,0.0308,0.21,0.072,,33840,85331
12052000,2019,0.5631,0.172,0.156,0.0913,0.0407,0.1375,0.2229,,45829,81387
12052000,2024,0.6263,0.1598,0.1965,0.0493,0.0204,0.071,0.2926,,48855,78002
12053000,2003,0.3822,0.2703,0.1503,0.0302,0.061,0.3392,,,20728,54239
12053000,2008,0.4237,0.1769,0.2077,0.0307,0.075,0.3741,,,22188,52366
12053000,2014,0.4047,0.2355,0.1871,0.0616,0.0195,0.3055,0.1165,,20239,50007
12053000,2019,0.4859,0.199,0.1029,0.12,0.0505,0.2275,0.1877,,23428,48215
12053000,2024,0.5821,0.2287,0.1267,0.0609,0.0377,0.1579,0.2866,,27238,46792
12054000,2003,0.4574,0.1921,0.2281,0.0623,0.0229,0.3375,,,53626,117235
12054000,2008,0.5171,0.1177,0.2705,0.0828,0.0456,0.3101,,,64910,125520
12054000,2014,0.489,0.1546,0.2339,0.1194,0.0253,0.2525,0.0452,,65107,133137
12054000,2019,0.6225,0.124,0.1929,0.1884,0.0488,0.1808,0.0948,,88055,141443
12054000,2024,0.7038,0.1474,0.1941,0.1451,0.0446,0.0874,0.1367,,100728,143118
12060000,2003,0.462,0.2426,0.2282,0.0513,0.0505,0.2478,,,65946,142743
12060000,2008,0.4602,0.1612,0.2164,0.0587,0.0718,0.2843,,,69854,151775
12060000,2014,0.4473,0.2143,0.1856,0.0692,0.0324,0.248,0.0122,,68138,152334
12060000,2019,0.5801,0.1622,0.1329,0.1085,0.0405,0.1587,0.1501,,90829,156586
12060000,2024,0.6791,0.1724,0.1094,0.0693,0.0276,0.1087,0.2457,,109240,160866
12061000,2003,0.5077,0.2333,0.2501,0.0419,0.0638,0.2019,,,66588,131157
12061000,2008,0.5376,0.1997,0.2664,0.0431,0.0615,0.2357,,,73968,137579
12061000,2014,0.506,0.2217,0.2694,0.0557,0.0438,0.1826,0.0681,,70154,138647
12061000,2019,0.6186,0.1516,0.2024,0.1106,0.0531,0.1252,0.1707,,88161,142521
12061000,2024,0.6694,0.1654,0.1848,0.0521,0.0253,0.0604,0.2564,,98437,147055
12062000,2003,0.4882,0.3673,0.1982,0.0122,0.0416,0.1653,,,51306,105095
12062000,2008,0.5336,0.2744,0.2081,0.0133,0.0611,0.2078,,,54273,101711
12062000,2014,0.5069,0.3514,0.1661,0.0196,0.0407,0.1663,0.0243,,47316,93338
12062000,2019,0.5977,0.2504,0.1243,0.035,0.034,0.102,0.1726,,52933,88556
12062000,2024,0.6889,0.2222,0.1043,0.0189,0.0203,0.048,0.2755,,58279,84597
12063000,2003,0.4626,0.3293,0.2569,0.0519,0.0781,0.1836,,,57060,123349
12063000,2008,0.4771,0.2227,0.2878,0.0629,0.0948,0.2101,,,61732,129384
12063000,2014,0.4589,0.2628,0.2715,0.0838,0.0476,0.1708,0.0648,,60595,132031
12063000,2019,0.5841,0.2027,0.1821,0.1374,0.0597,0.1186,0.1421,,80109,137139
12063000,2024,0.6268,0.2444,0.1775,0.0819,0.0359,0.0704,0.2465,,88075,140520
12064000,2003,0.4639,0.2645,0.2218,0.0322,0.0533,0.2476,,,72962,157270
12064000,2008,0.4893,0.1677,0.2341,0.0371,0.0729,0.3057,,,80480,164490
12064000,2014,0.4521,0.2138,0.2217,0.0533,0.036,0.2561,0.0565,,73575,162725
12064000,2019,0.5869,0.1554,0.1668,0.1123,0.0542,0.1755,0.1769,,97110,165451
12064000,2024,0.6676,0.1578,0.1473,0.0628,0.0415,0.0944,0.29,,111569,167129
12065000,2003,0.4556,0.2873,0.2739,0.0549,0.0448,0.1938,,,73363,161014
12065000,2008,0.4776,0.1993,0.275,0.0641,0.0616,0.2308,,,81280,170169
12065000,2014,0.4659,0.2653,0.278,0.0725,0.0314,0.1944,0,,81180,174226
12065000,2019,0.6011,0.1894,0.1788,0.128,0.0521,0.1227,0.1477,,107787,179307
12065000,2024,0.6702,0.2065,0.1697,0.0781,0.0427,0.0648,0.2535,,122033,182090
12066000,2003,0.4267,0.3244,0.2577,0.0426,0.0397,0.1911,,,48495,113644
12066000,2008,0.488,0.2312,0.2882,0.0351,0.042,0.2225,,,52408,107398
12066000,2014,0.4608,0.2823,0.2926,0.0399,0.0205,0.1797,0,,46312,100502
12066000,2019,0.5609,0.1951,0.2148,0.0582,0.0363,0.1276,0.1965,,53761,95856
12066000,2024,0.6392,0.1756,0.1707,0.0302,0.0271,0.0753,0.3178,,58332,91252
12067000,2003,0.464,0.2332,0.2734,0.0327,0.065,0.2217,,,73504,158413
12067000,2008,0.5197,0.1505,0.2966,0.0303,0.0812,0.2782,,,82954,159628
12067000,2014,0.4882,0.2032,0.2871,0.0457,0.0413,0.2153,0.0514,,75399,154445
12067000,2019,0.5822,0.1551,0.1872,0.0873,0.0555,0.1572,0.1844,,89145,153127
12067000,2024,0.6655,0.1595,0.1873,0.0445,0.032,0.0712,0.3024,,101133,151961
12068000,2003,0.4587,0.2596,0.2249,0.0629,0.0676,0.1985,,,41529,90540
12068000,2008,0.4616,0.1819,0.2343,0.0675,0.084,0.2328,,,41521,89948
12068000,2014,0.4189,0.2238,0.2447,0.0729,0.043,0.1989,0,,36327,86715
12068000,2019,0.5281,0.2012,0.1792,0.0996,0.036,0.1615,0.1271,,45111,85424
12068000,2024,0.6386,0.2215,0.1454,0.0618,0.0136,0.0851,0.2609,,53852,84328
12069000,2003,0.5143,0.2881,0.2265,0.0627,0.0902,0.1768,,,83620,162599
12069000,2008,0.5435,0.2357,0.2623,0.0728,0.086,0.202,,,92953,171032
12069000,2014,0.5252,0.2829,0.2668,0.0959,0.0419,0.1492,0.0461,,91601,174404
12069000,2019,0.6464,0.207,0.1909,0.1618,0.0577,0.1107,0.1134,,116537,180274
12069000,2024,0.7053,0.2518,0.1883,0.1116,0.0463,0.0691,0.1924,,129942,184247
12070000,2003,0.479,0.2939,0.1919,0.0283,0.0867,0.175,,,36480,76163
12070000,2008,0.4766,0.2137,0.209,0.0291,0.0878,0.1989,,,35032,73508
12070000,2014,0.4224,0.2522,0.2379,0.0486,0.0693,0.1814,0.01,,29152,69012
12070000,2019,0.5475,0.1895,0.1907,0.0745,0.0657,0.1245,0.1326,,36423,66525
12070000,2024,0.6275,0.1922,0.1468,0.0358,0.0228,0.0814,0.2409,,40226,64101
12071000,2003,0.442,0.3585,0.207,0.0172,0.0783,0.2005,,,51801,117203
12071000,2008,0.5389,0.2369,0.2296,0.0183,0.0913,0.218,,,60996,113183
12071000,2014,0.488,0.2947,0.2085,0.0231,0.0683,0.1775,0.0181,,51312,105141
12071000,2019,0.6072,0.2054,0.1501,0.0463,0.0494,0.1229,0.2653,,60552,99716
12071000,2024,0.6758,0.2013,0.1302,0.0214,0.0335,0.0681,0.3816,,64717,95769
12072000,2003,0.467,0.2334,0.2737,0.0205,0.0769,0.2042,,,61576,131844
12072000,2008,0.4851,0.1826,0.2961,0.0268,0.0818,0.2534,,,66731,137557
12072000,2014,0.4382,0.2102,0.2454,0.0488,0.0434,0.213,0.0622,,60814,138774
12072000,2019,0.5832,0.167,0.1841,0.1025,0.0355,0.1529,0.1573,,83155,142596
12072000,2024,0.6373,0.1909,0.1947,0.0529,0.0242,0.0868,0.2359,,93371,146508
12073000,2003,0.4591,0.2769,0.231,0.0395,0.0891,0.1978,,,53742,117057
12073000,2008,0.4767,0.2029,0.239,0.0391,0.0916,0.206,,,53915,113112
12073000,2014,0.4351,0.2703,0.2789,0.0367,0.0592,0.1806,0.0208,,46632,107174
12073000,2019,0.5335,0.2165,0.2116,0.0766,0.0616,0.1318,0.1536,,55624,104272
12073000,2024,0.645,0.1811,0.1723,0.0386,0.0228,0.0722,0.3107,,65227,101127
13003000,1994,0.567,0.1826,0.2728,,0.023,0.3318,,,102273,180369
13003000,1999,0.3852,0.2799,0.2758,,0.025,0.3193,,,65357,169674
13003000,2004,0.3565,0.2422,0.2137,0,0.0487,0.2402,,,59767,167632
13003000,2009,0.4321,0.1741,0.1837,0.1001,0.0837,,,,74042,171343
13003000,2014,0.4048,0.2051,0.1695,0.1142,0.025,0.264,0.0443,,70237,173518
13003000,2019,0.5891,0.1446,0.1441,0.1896,0.0329,0.1991,0.0965,,102304,173650
13003000,2024,0.6164,0.1627,0.1408,0.1115,0.0355,0.144,0.1753,0.0939,105708,171500
13004000,1994,0.6457,0.1537,0.311,0.0744,0.037,0.34,,,58674,90872
13004000,1999,0.4227,0.3073,0.2221,0.0615,0.0194,0.3001,,,35995,85145
13004000,2004,0.3863,0.3106,0.1739,0.0996,0.0683,0.2367,,,31182,80723
13004000,2009,0.4084,0.2205,0.2201,0.0934,0.0637,,,,32513,79615
13004000,2014,0.4476,0.2483,0.1954,0.0776,0.0303,0.2461,0.0587,,35501,79317
13004000,2019,0.5803,0.1718,0.1721,0.1209,0.0397,0.1551,0.1511,,45526,78449
13004000,2024,0.6475,0.197,0.1678,0.0684,0.0365,0.1025,0.2601,,50842,78517
13071000,1994,0.6913,0.344,0.2532,0.0521,0.0528,0.2274,,,166361,240636
13071000,1999,0.5397,0.4248,0.2331,0.0282,0.0407,0.2252,,,138325,256309
13071000,2004,0.4536,0.4005,0.1909,0.0347,0.0657,0.2259,,,114666,252804
13071000,2009,0.4589,0.3395,0.2079,0.0437,0.089,,,,110332,240422
13071000,2011,0.5025,0.287,0.2965,0.0684,0.0447,,,,117780,234394
13071000,2014,0.4566,0.3509,0.2033,0.0536,0.0335,0.213,0.0406,,104197,228202
13071000,2019,0.5421,0.2857,0.1503,0.0905,0.0506,0.1716,0.165,,120084,221511
13071000,2024,0.6363,0.2383,0.1205,0.0397,0.025,0.0652,0.2978,0.1414,138509,217691
13072000,1994,0.6859,0.3195,0.2667,0.0444,0.0497,0.2088,,,107386,156556
13072000,1999,0.5424,0.3892,0.2679,,0.0526,0.1887,,,100202,184727
13072000,2004,0.467,0.3981,0.2185,0.0368,0.0818,0.1781,,,90120,192956
13072000,2009,0.4854,0.3329,0.2046,0.0498,0.1072,,,,91014,187510
13072000,2011,0.5272,0.2889,0.2999,0.0738,0.0469,,,,97084,184135
13072000,2014,0.4782,0.3828,0.1876,0.0538,0.0366,0.1901,0.0364,,86863,181658
13072000,2019,0.5985,0.2945,0.1544,0.0898,0.0552,0.161,0.1322,,108998,182125
13072000,2024,0.6699,0.275,0.1389,0.0406,0.0331,0.089,0.2547,,122695,183146
13073000,1994,0.6548,0.3623,0.1941,0.0347,0.0561,0.2401,,,131693,201116
13073000,1999,0.5055,0.4441,0.1819,0.0089,0.0528,0.2134,,,106793,211269
13073000,2004,0.4598,0.435,0.1256,0.0185,0.0708,0.2064,,,96873,210683
13073000,2009,0.4498,0.4031,0.1189,0.0235,0.0933,,,,91070,202467
13073000,2011,0.4811,0.3507,0.1941,0.0622,0.048,,,,95393,198301
13073000,2014,0.4465,0.4112,0.1344,0.0559,0.036,0.1687,0.0459,,87047,194973
13073000,2019,0.5426,0.2923,0.0967,0.1019,0.0382,0.1635,0.1492,,104468,192533
13073000,2024,0.6161,0.2886,0.0755,0.0498,0.0271,0.0941,0.2568,,118084,191670
13074000,1994,0.635,0.2475,0.3868,0.0378,0.0586,0.1961,,,77087,121400
13074000,1999,0.4973,0.3513,0.3081,0.0178,0.0525,0.1979,,,67037,134802
13074000,2004,0.4464,0.3611,0.235,0.0287,0.065,0.1846,,,61593,137983
13074000,2009,0.4875,0.2919,0.2611,0.0397,0.0923,,,,66473,136364
13074000,2011,0.5152,0.242,0.3633,0.0716,0.039,,,,69081,134092
13074000,2014,0.4844,0.2858,0.2488,0.0534,0.0346,0.1802,0.0481,,64210,132555
13074000,2019,0.5928,0.23,0.2144,0.0976,0.0455,0.1644,0.1242,,78413,132268
13074000,2024,0.6572,0.2254,0.1789,0.0572,0.0283,0.0946,0.2539,,87250,132757
13075000,1994,0.6755,0.3878,0.1753,0.0418,0.0676,0.2437,,,144105,213325
13075000,1999,0.5268,0.4653,0.1952,0.017,0.0371,0.202,,,118230,224415
13075000,2004,0.4658,0.429,0.1494,0.0242,0.0391,0.2091,,,103074,221277
13075000,2009,0.4714,0.3394,0.1274,0.0414,0.0677,,,,101116,214508
13075000,2011,0.5034,0.2833,0.1968,0.0611,0.0309,,,,105782,210138
13075000,2014,0.4771,0.3461,0.1334,0.0403,0.0235,0.1768,0.0486,,97842,205058
13075000,2019,0.5647,0.2919,0.1047,0.0832,0.0332,0.1285,0.1691,,113612,201181
13075000,2024,0.6461,0.2394,0.0784,0.0597,0.0202,0.0605,0.2957,0.1015,128187,198396
13076000,1994,0.6816,0.3037,0.2865,0.06,0.0722,0.202,,,118033,173164
13076000,1999,0.5466,0.3935,0.269,0.0337,0.035,0.1841,,,106118,194133
13076000,2004,0.5039,0.4097,0.2363,0.038,0.052,0.1643,,,100082,198624
13076000,2009,0.5065,0.3385,0.2549,0.044,0.0844,,,,96683,190891
13076000,2011,0.5455,0.2775,0.3232,0.0561,0.0477,,,,101710,186461
13076000,2014,0.5048,0.3197,0.2552,0.0411,0.0393,0.1777,0.029,,92444,183126
13076000,2019,0.5857,0.2594,0.2204,0.0623,0.0471,0.1625,0.1251,,106332,181561
13076000,2024,0.6553,0.2609,0.1558,0.0314,0.0274,0.0771,0.2391,0.0912,116604,177941
14511000,1994,0.7436,0.4395,0.2141,0.0664,0.0651,0.1133,,,11889,15988
14521000,1994,0.768,0.4794,0.1737,0.0627,0.064,0.1196,,,263034,342490
14521000,1999,0.5875,0.5089,0.1606,0.0252,0.0488,0.1443,,,201821,343510
14521000,2004,0.4966,0.482,0.0962,0.0247,0.0669,0.1727,,,166783,335873
14521000,2008,0.4839,0.4339,0.0858,0.021,0.0847,0.1836,,,157704,325898
14521000,2014,0.5169,0.4319,0.0836,0.034,0.0514,0.1569,0.0765,,154801,299471
14521000,2019,0.6402,0.3193,0.0577,0.0509,0.047,0.1099,0.2149,,181691,283825
14521000,2024,0.6905,0.2944,0.0179,0.0449,0.0198,0.0437,0.2927,0.0603,186210,269668
14522000,1994,0.7427,0.4355,0.1908,0.0598,0.0794,0.1263,,,218878,294716
14522000,1999,0.5811,0.4907,0.1754,0.0221,0.0574,0.1564,,,174329,300005
14522000,2004,0.4931,0.4603,0.1233,0.0207,0.07,0.2031,,,145295,294657
14522000,2008,0.4804,0.4133,0.1319,0.026,0.0959,0.1844,,,138570,288456
14522000,2014,0.5145,0.4211,0.1208,0.0424,0.0598,0.1628,0.0424,,137130,266524
14522000,2019,0.6358,0.2785,0.0887,0.0547,0.0508,0.1107,0.2198,,161482,254000
14522000,2024,0.6855,0.3033,0.0222,0.0665,0.0326,0.0549,0.2666,0.028,166924,243522
14523000,1995,0.4604,0.4026,0.1858,0.0519,0.0793,0.1542,,,80063,173893
14523000,1999,0.5362,0.4241,0.2019,0.0141,0.0592,0.1579,,,90517,168816
14523000,2004,0.4568,0.3914,0.1158,0.0308,0.0804,0.2021,,,75151,164499
14523000,2008,0.4252,0.372,0.1417,0.0304,0.0979,0.204,,,92302,217095
14523000,2014,0.478,0.3784,0.1573,0.0397,0.0672,0.1588,0.0623,,95893,200633
14523000,2019,0.6047,0.3046,0.1001,0.0612,0.098,0.1245,0.1913,,115838,191548
14523000,2024,0.6557,0.2832,0.0516,0.072,0.0251,0.0431,0.2735,0.1324,119551,182324
14524000,1994,0.7222,0.4161,0.2066,0.0764,0.0514,0.1101,,,81790,113247
14524000,1999,0.543,0.4566,0.1809,0.0422,0.0682,0.1623,,,123576,227589
14524000,2004,0.4533,0.3893,0.1055,0.0322,0.091,0.2182,,,101320,223539
14524000,2008,0.4074,0.3704,0.102,0.033,0.1064,0.209,,,122828,301481
14524000,2014,0.4593,0.3982,0.1049,0.0467,0.0486,0.1959,0.0509,,128195,279104
14524000,2019,0.5981,0.2968,0.0722,0.0618,0.0609,0.1444,0.1971,,158976,265800
14524000,2024,0.6627,0.2935,0.0321,0.0541,0.0299,0.0412,0.2723,0.1004,167566,252847
14612000,1995,0.455,0.455,0.1517,0.0651,0.0709,0.1902,,,6076,13355
14625000,1994,0.7442,0.4667,0.186,0.0721,0.0781,0.1291,,,178172,239400
14625000,1995,0.481,0.4355,0.1656,0.0545,0.0787,0.1976,,,56410,117279
14625000,1999,0.6037,0.5141,0.1434,0.0254,0.0718,0.1666,,,151325,250666
14625000,2004,0.5005,0.4533,0.116,0.033,0.0918,0.1988,,,125769,251264
14625000,2008,0.4773,0.3925,0.1162,0.0328,0.0749,0.1805,,,134703,282240
14625000,2014,0.5205,0.4435,0.1085,0.0367,0.0514,0.1749,0.013,,135822,260925
14625000,2019,0.6456,0.2905,0.084,0.0509,0.0616,0.1035,0.2943,,161726,250505
14625000,2024,0.6885,0.3478,0.0226,0.0593,0.0277,0.0349,0.273,0.0896,166616,242000
14626000,1994,0.7153,0.415,0.1633,0.0641,0.0829,0.1595,,,151542,211860
14626000,1999,0.5575,0.4805,0.152,0.0314,0.0532,0.1798,,,118176,211969
14626000,2004,0.4768,0.4217,0.1043,0.0433,0.0838,0.229,,,97763,205042
14626000,2008,0.4596,0.351,0.0738,0.0321,0.0654,0.1832,,,112270,244300
14626000,2014,0.4943,0.3741,0.0789,0.0412,0.0401,0.1487,0.0799,,110612,223780
14626000,2019,0.6185,0.2543,0.0501,0.0621,0.0346,0.091,0.291,,132437,214122
14626000,2024,0.6582,0.3613,0.0163,0.0259,0.0308,0.0329,0.2356,0.1038,135027,205148
14627000,1994,0.7092,0.4382,0.2038,0.0565,0.0957,0.1597,,,69504,98003
14627000,1995,0.4298,0.4759,0.1369,0.0764,0.0625,0.1825,,,50631,117793
14627000,1999,0.5626,0.5016,0.1618,0.0344,0.077,0.1796,,,124837,221897
14627000,2004,0.4787,0.4562,0.1146,0.0548,0.0867,0.1947,,,105942,221335
14627000,2008,0.4268,0.4475,0.1006,0.0496,0.0852,0.1813,,,93443,218938
14627000,2014,0.5042,0.4211,0.0924,0.0534,0.0586,0.1535,0.0801,,103878,206031
14627000,2019,0.6355,0.3084,0.0674,0.0795,0.0673,0.1018,0.2602,,127865,201204
14627000,2024,0.6856,0.3202,0.0369,0.0528,0.044,0.0371,0.291,0.1,134689,196446
14628000,1994,0.7413,0.4747,0.1519,0.054,0.0507,0.1421,,,152652,205934
14628000,1995,0.43,0.4762,0.1366,0.0762,0.0626,0.1826,,,1388,3228
14628000,1999,0.6047,0.5135,0.1189,0.0272,0.0404,0.1818,,,132781,219577
14628000,2004,0.5255,0.4544,0.0777,0.0419,0.0678,0.1957,,,115305,219433
14628000,2008,0.4926,0.4392,0.0744,0.0356,0.079,0.1832,,,107138,217487
14628000,2014,0.5388,0.4032,0.0747,0.0469,0.0534,0.1511,0.0978,,111716,207324
14628000,2019,0.6627,0.2908,0.0539,0.0745,0.0517,0.1005,0.279,,134471,202929
14628000,2024,0.698,0.3137,0.0201,0.0388,0.0355,0.0374,0.2509,0.1141,139006,199135
14713000,1994,0.7119,0.3561,0.2722,0.0689,0.0488,0.1382,,,24522,34447
14713000,1999,0.5406,0.2957,0.2907,0.0351,0.2043,0.1604,,,832,1539
14729000,1994,0.7163,0.3655,0.2722,0.0689,0.0732,0.1388,,,152254,212553
14729000,1999,0.5564,0.4219,0.2757,0.0319,0.0456,0.1736,,,129720,233123
14729000,2004,0.4674,0.39,0.1822,0.0318,0.0515,0.2056,,,109726,234735
14729000,2008,0.4821,0.334,0.1719,0.0306,0.07,0.1859,,,112397,233146
14729000,2014,0.4803,0.3507,0.1617,0.0305,0.0481,0.1919,0.0272,,105183,219012
14729000,2019,0.6124,0.233,0.1343,0.0668,0.0548,0.133,0.2143,,131503,214727
14729000,2024,0.6836,0.2721,0.0232,0.1162,0.0411,0.0597,0.2504,0.0719,145462,212788
14730000,1994,0.7255,0.369,0.246,0.0657,0.0823,0.1478,,,127974,176397
14730000,1999,0.5273,0.4309,0.2107,0.0294,0.0801,0.1659,,,97458,184829
14730000,2004,0.4509,0.4363,0.1545,0.0355,0.0691,0.1758,,,82677,183374
14730000,2008,0.429,0.3845,0.1899,0.027,0.0697,0.1763,,,77504,180661
14730000,2014,0.4509,0.4027,0.2091,0.0336,0.0471,0.1568,,,75764,168040
14730000,2019,0.5745,0.2891,0.1588,0.0537,0.056,0.0981,0.1941,,94491,164478
14730000,2024,0.649,0.3152,0.0347,0.1308,0.0299,0.0496,0.2809,,105451,162479
15001000,1994,0.6301,0.2733,0.2925,0.0845,0.082,0.2057,,,54892,87116
15001000,1999,0.4524,0.3161,0.2754,0.0318,0.0688,0.1964,,,39244,86752
15001000,2004,0.4069,0.3074,0.1583,0.0354,0.0624,0.2276,,,33494,82315
15001000,2007,0.4619,0.2657,0.1605,0.0416,0.0755,0.1879,,,37150,80425
15001000,2014,0.4688,0.283,0.1408,0.0653,0.0455,0.2132,0.0594,,34114,72769
15001000,2019,0.5381,0.2281,0.0913,0.1012,0.0467,0.1458,0.1676,,36938,68645
15001000,2024,0.6087,0.2203,0.0934,0.0548,0.0287,0.0798,0.2547,,39401,64726
15002000,1994,0.605,0.2332,0.247,0.0632,0.0903,0.2597,,,137172,226724
15002000,1999,0.4473,0.2902,0.2262,0.0298,0.044,0.2439,,,95386,213248
15002000,2004,0.3872,0.2432,0.1787,0.0593,0.0568,0.2503,,,78081,201643
15002000,2009,0.375,0.2467,0.1923,0.0868,0.0879,0.2429,,,73602,196250
15002000,2014,0.4045,0.2512,0.1914,0.1005,0.0423,0.2508,0.0458,,78552,194214
15002000,2019,0.5661,0.1742,0.1127,0.1628,0.0537,0.1777,0.1399,,108148,191030
15002000,2024,0.6088,0.2058,0.1186,0.1139,0.036,0.1239,0.2119,,113268,186061
15003000,1994,0.6204,0.2146,0.3235,0.1054,0.0389,0.2709,,,131840,212524
15003000,1999,0.4088,0.3093,0.3025,0.0435,0.0276,0.2386,,,81787,200057
15003000,2004,0.3485,0.2504,0.2308,0.0692,0.0705,0.2981,,,67812,194596
15003000,2009,0.3514,0.2306,0.2395,0.1018,0.0849,0.2339,,,69622,198106
15003000,2014,0.3831,0.2524,0.2542,0.1063,0.0329,0.2219,0.0482,,75482,197052
15003000,2019,0.5342,0.1863,0.1691,0.1536,0.0538,0.1529,0.1438,,103541,193826
15003000,2024,0.5849,0.2381,0.15,0.0944,0.0412,0.102,0.2276,,109729,187588
15081000,1994,0.7023,0.3328,0.294,0.0623,0.0745,0.1724,,,54662,77834
15081000,1999,0.5383,0.4105,0.301,0.0207,0.0357,0.1733,,,44679,82993
15081000,2004,0.4546,0.4397,0.2231,0.0151,0.0892,0.1884,,,37856,83272
15081000,2009,0.4101,0.3919,0.2266,0.0224,0.114,0.1874,,,32522,79300
15081000,2014,0.4539,0.3895,0.2016,0.0543,0.0447,0.2214,,,33904,74690
15081000,2019,0.5421,0.2676,0.155,0.0759,0.0575,0.1793,0.1476,,38803,71575
15081000,2024,0.6294,0.2526,0.1764,0.0342,0.0271,0.0907,0.2707,,43295,68788
15082000,1994,0.6529,0.332,0.3106,0.0776,0.0829,0.1639,,,111670,171026
15082000,1999,0.5144,0.3839,0.2987,0.0249,0.0559,0.1749,,,90675,176278
15082000,2004,0.4353,0.3721,0.2056,0.0254,0.0765,0.2169,,,73336,168454
15082000,2007,0.3494,0.302,0.1923,0.0347,0.0786,0.1983,,,57447,164420
15082000,2014,0.425,0.3288,0.1531,0.0282,0.0402,0.216,0.0575,,62331,146677
15082000,2019,0.4903,0.2593,0.1151,0.0488,0.0595,0.1385,0.1867,,68286,139273
15082000,2024,0.602,0.2591,0.0884,0.0291,0.0425,0.0967,0.3276,,80435,133609
15083000,1994,0.7113,0.3487,0.3273,0.0556,0.0725,0.1228,,,102815,144552
15083000,1999,0.5195,0.4083,0.3106,0.024,0.059,0.1358,,,84661,162966
15083000,2004,0.4393,0.4253,0.2113,0.0334,0.0919,0.1729,,,72805,165747
15083000,2007,0.3634,0.395,0.2538,0.0334,0.0888,0.1665,,,59469,163668
15083000,2014,0.4167,0.3912,0.2197,0.0405,0.0778,0.1758,0.0052,,62556,150116
15083000,2019,0.4472,0.2858,0.1556,0.0629,0.0657,0.1229,0.1727,,65599,146672
15083000,2024,0.6196,0.3086,0.129,0.0276,0.0295,0.0637,0.281,,88857,143417
15084000,1994,0.6627,0.3626,0.2585,0.0484,0.0791,0.1591,,,122218,184424
15084000,1999,0.5276,0.4036,0.2812,0.022,0.0437,0.1817,,,100136,189806
15084000,2004,0.5512,0.3329,0.2461,0.0285,0.0854,0.2333,,,101187,183589
15084000,2007,0.3472,0.3901,0.1834,0.0383,0.0881,0.1849,,,62645,180432
15084000,2014,0.4526,0.4129,0.15,0.0596,0.031,0.1605,0.0375,,73719,162874
15084000,2019,0.5354,0.2821,0.1251,0.0552,0.0498,0.1167,0.1732,,83632,156192
15084000,2024,0.6027,0.3022,0.0957,0.0218,0.022,0.0583,0.2923,,89379,148302
15085000,1994,0.6873,0.3293,0.3254,0.0752,0.0772,0.1576,,,146686,213428
15085000,1999,0.5152,0.3819,0.2834,0.037,0.0598,0.169,,,113920,221121
15085000,2004,0.4181,0.3816,0.1892,0.0463,0.0646,0.2232,,,91260,218285
15085000,2007,0.3852,0.3488,0.1901,0.0429,0.07,0.1992,,,82601,214413
15085000,2014,0.4078,0.391,0.1892,0.0646,0.0294,0.2116,0.0068,,79548,195047
15085000,2019,0.5296,0.3058,0.146,0.1005,0.041,0.1711,0.1411,,99055,187048
15085000,2024,0.6119,0.3051,0.1304,0.0444,0.0251,0.081,0.2591,,109190,178458
15086000,1994,0.6765,0.2951,0.3566,0.0612,0.0714,0.1578,,,54732,80910
15086000,1999,0.4963,0.386,0.2765,0.0237,0.076,0.1592,,,44776,90211
15086000,2004,0.4303,0.3749,0.2256,0.0314,0.0793,0.1857,,,38607,89721
15086000,2007,0.3632,0.298,0.2549,0.0293,0.065,0.1583,,,32032,88199
15086000,2014,0.4808,0.3407,0.2118,0.0553,0.0459,0.175,,,38819,80740
15086000,2019,0.5417,0.2425,0.1832,0.0697,0.0632,0.1415,0.1463,,42162,77836
15086000,2024,0.6365,0.2771,0.1421,0.0332,0.0459,0.0653,0.2879,,48446,76116
15087000,1994,0.6835,0.3639,0.2645,0.0413,0.0766,0.1515,,,101848,149018
15087000,1999,0.5356,0.3709,0.2646,0.0182,0.0588,0.186,,,81597,152358
15087000,2004,0.4385,0.3596,0.1903,0.0098,0.1055,0.2227,,,64226,146467
15087000,2007,0.3473,0.3074,0.2126,0.0157,0.0981,0.22,,,49533,142633
15087000,2014,0.456,0.2825,0.1658,0.029,0.0604,0.2706,,,57563,126228
15087000,2019,0.5331,0.1901,0.1445,0.0327,0.0511,0.1588,0.1929,,63242,118620
15087000,2024,0.5904,0.2139,0.1228,0.0122,0.0205,0.0771,0.3139,,66317,112335
15088000,1994,0.6715,0.3227,0.2895,0.0324,0.1312,0.1575,,,106866,159142
15088000,1999,0.5305,0.3924,0.2779,0.0144,0.0862,0.1602,,,95507,180021
15088000,2004,0.4507,0.3828,0.1785,0.0216,0.1101,0.1805,,,81916,181737
15088000,2007,0.3173,0.3352,0.1927,0.0239,0.0948,0.1867,,,57123,180055
15088000,2014,0.4488,0.3809,0.144,0.0383,0.0718,0.2128,0.0187,,73737,164300
15088000,2019,0.5643,0.2718,0.1204,0.0669,0.0896,0.151,0.2113,,89600,158778
15088000,2024,0.6408,0.3162,0.097,0.0302,0.0374,0.0767,0.3407,,99427,155155
15089000,1994,0.658,0.3228,0.2889,0.0535,0.0923,0.1854,,,135026,205197
15089000,1999,0.4716,0.3987,0.2605,0.0229,0.0699,0.1811,,,98839,209580
15089000,2004,0.3761,0.3813,0.1863,0.024,0.0896,0.2191,,,75513,200758
15089000,2007,0.3463,0.3077,0.2045,0.024,0.1098,0.1944,,,67640,195298
15089000,2014,0.4068,0.3627,0.1851,0.0386,0.0542,0.224,,,70963,174445
15089000,2019,0.4962,0.264,0.1455,0.0575,0.0994,0.1513,0.1696,,81766,164798
15089000,2024,0.5745,0.2686,0.1109,0.026,0.0656,0.0814,0.3023,,89848,156394
15090000,1994,0.6752,0.3445,0.332,0.0519,0.0539,0.171,,,76099,112704
15090000,1999,0.4505,0.4272,0.3108,0.0186,0.0379,0.1774,,,52046,115530
15090000,2004,0.4443,0.4086,0.2043,0.0258,0.0599,0.2778,,,50460,113579
15090000,2009,0.4059,0.3722,0.1868,0.032,0.0755,0.2392,,,43502,107182
15090000,2014,0.4333,0.4178,0.1773,0.0355,0.0359,0.2376,,,43291,99905
15090000,2019,0.5393,0.2438,0.1015,0.0546,0.0566,0.1651,0.1625,,51536,95553
15090000,2024,0.6342,0.2473,0.1011,0.0268,0.0264,0.0657,0.3155,,57909,91304
15091000,1994,0.6847,0.3344,0.2938,0.0626,0.0719,0.1566,,,88431,129154
15091000,1999,0.5538,0.4245,0.2518,0.0192,0.0565,0.1853,,,74571,134647
15091000,2004,0.4717,0.3865,0.1961,0.0255,0.0747,0.2416,,,61322,130013
15091000,2007,0.3575,0.3623,0.1932,0.0276,0.0476,0.2101,,,45425,127057
15091000,2014,0.4697,0.3323,0.1695,0.0264,0.0164,0.2152,0.0256,,53887,114717
15091000,2019,0.5671,0.2573,0.1382,0.0455,0.0254,0.1285,0.1643,,62266,109789
15091000,2024,0.6293,0.2995,0.1156,0.0227,0.0195,0.0729,0.2815,,66218,105217
16051000,1994,0.6418,0.3219,0.2661,0.1067,0.0368,0.232,,,107002,166732
16051000,1999,0.4951,0.4624,0.2228,0.041,0.0176,0.2428,,,79971,161518
16051000,2004,0.4152,0.3925,0.1618,0.0867,0.0346,0.3244,,,68404,164760
16051000,2009,0.4819,0.2269,0.3295,0.0872,0.0524,0.1963,,,80985,168053
16051000,2014,0.4726,0.247,0.2871,0.0966,0.0249,0.2197,0.0446,,79836,168923
16051000,2019,0.5843,0.1959,0.1712,0.1184,0.0535,0.1647,0.1486,,100724,172389
16051000,2024,0.5917,0.2475,0.162,0.0751,0.0252,0.1478,0.2038,,100530,169887
16052000,1994,0.6487,0.2889,0.2043,0.0593,0.0283,0.2603,,,64010,98668
16052000,1999,0.4632,0.3255,0.1981,0.027,0.0187,0.3006,,,43124,93103
16052000,2004,0.3957,0.2867,0.1106,0.0389,0.0386,0.3673,,,35043,88552
16052000,2009,0.4629,0.2942,0.1252,0.0541,0.0615,0.31,,,39652,85655
16052000,2014,0.4359,0.2459,0.0935,0.0449,0.0238,0.3151,,,35661,81803
16052000,2019,0.5631,0.1288,0.064,0.0671,0.0272,0.1832,0.2875,,44228,78537
16052000,2024,0.5861,0.1639,0.0593,0.0332,0.0129,0.123,0.3507,,44012,75091
16053000,1994,0.6724,0.2141,0.2523,0.0986,0.1373,0.1975,,,53391,79402
16053000,1999,0.5304,0.2466,0.2305,0.0789,0.134,0.214,,,41259,77789
16053000,2004,0.4382,0.2294,0.1901,0.1216,0.0912,0.2422,,,36880,84153
16053000,2009,0.5426,0.1896,0.2518,0.1013,0.1105,0.2024,,,46476,85661
16053000,2014,0.5147,0.222,0.2084,0.1132,0.0476,0.2399,,,43781,85068
16053000,2019,0.6314,0.126,0.1261,0.1936,0.1283,0.2035,0.1002,,53661,84990
16053000,2024,0.6302,0.169,0.1302,0.1524,0.0902,0.1682,0.1337,,52054,82605
16054000,1994,0.7035,0.266,0.2158,0.0471,0.0282,0.2865,,,31066,44161
16054000,1999,0.546,0.435,0.2322,0.0009,0.001,0.3055,,,22982,42094
16054000,2004,0.4856,0.2664,0.1098,0.0016,0.0321,0.3131,,,18992,39108
16054000,2009,0.4773,0.2374,0.1696,0.0022,0.068,0.3084,,,17398,36453
16054000,2014,0.4501,0.2621,0.1511,0.0019,0.0329,0.3253,,,15099,33548
16054000,2019,0.5466,0.2949,0.1186,0.0569,0.0327,0.183,0.1207,,17446,31916
16054000,2024,0.5736,0.3725,0.0605,0.0364,0.0233,0.1075,0.2376,,17339,30226
16055000,1994,0.7002,0.2836,0.2798,0.1226,0.078,0.1429,,,33629,48029
16055000,1999,0.515,0.3597,0.2739,0.087,0.0302,0.1768,,,25267,49064
16055000,2004,0.4264,0.2908,0.1232,0.1242,,0.2072,,,22088,51804
16055000,2009,0.5404,0.232,0.1365,0.1537,0.064,0.1988,,,28098,51996
16055000,2014,0.4959,0.2361,0.181,0.1552,0.0324,0.1943,,,25456,51330
16055000,2019,0.6155,0.1752,0.1321,0.1846,0.0364,0.1625,0.1105,,31841,51736
16055000,2024,0.6038,0.1989,0.1417,0.1536,0.0273,0.1384,0.1369,,30776,50968
16061000,1994,0.7885,0.5794,0.1852,0.0303,0.0466,0.0815,,,66901,84845
16061000,1999,0.6727,0.6485,0.1732,0.0187,0.0457,0.0967,,,58857,87489
16061000,2004,0.5718,0.6714,0.0952,0.0279,0.0466,0.1322,,,50873,88972
16061000,2009,0.5969,0.5415,0.1072,0.0297,0.0649,0.1021,,,52589,88104
16061000,2014,0.5732,0.5769,0.0903,0.0406,0.0292,0.1034,,,48246,84176
16061000,2019,0.643,0.4859,0.0506,0.056,0.0379,0.069,0.1351,,54047,84049
16061000,2024,0.6622,0.45,0.032,0.0262,0.0304,0.0322,0.2057,,57346,86605
16062000,1994,0.7219,0.3354,0.3127,0.0438,0.056,0.188,,,57496,79643
16062000,1999,0.5806,0.3952,0.3231,0.0272,0.0402,0.2143,,,46189,79551
16062000,2004,0.4816,0.369,0.2269,0.0503,0.0611,0.2926,,,37821,78535
16062000,2009,0.5222,0.2852,0.2781,0.0613,0.0946,0.2488,,,40194,76969
16062000,2014,0.4838,0.3388,0.2135,0.0501,0.0554,0.2574,,,35327,73023
16062000,2019,0.5828,0.2511,0.1576,0.0715,0.0689,0.1837,0.1869,,41414,71062
16062000,2024,0.5858,0.2342,0.1277,0.0366,0.0407,0.1101,0.3331,,39434,67318
16063000,1994,0.7224,0.4123,0.2834,0.071,0.0411,0.1523,,,108220,149798
16063000,1999,0.5957,0.4673,0.2825,0.0333,0.035,0.1663,,,89077,149533
16063000,2004,0.5237,0.4059,0.1445,0.0372,0.0345,0.2163,,,78569,150030
16063000,2009,0.5409,0.3585,0.1918,0.0388,0.0439,0.1911,,,79352,146701
16063000,2014,0.5338,0.3735,0.1611,0.0438,0.0202,0.2154,,,74360,139309
16063000,2019,0.6049,0.3218,0.0954,0.0641,0.036,0.1559,0.1532,,82500,136387
16063000,2021,0.4497,0.3468,0.1142,0.0461,0.0439,0.1356,0.1512,,60371,134249
16063000,2024,0.6167,0.3132,0.1006,0.0308,0.0158,0.0594,0.2665,0.1041,80629,130746
16064000,1994,0.7453,0.3609,0.3254,0.0597,0.0723,0.1107,,,70093,94046
16064000,1999,0.5812,0.399,0.3137,,0.0727,0.1314,,,55358,95241
16064000,2004,0.5063,0.4055,0.239,0.0166,0.0719,0.1861,,,47908,94624
16064000,2009,0.5202,0.3461,0.2505,0.0251,0.103,0.1711,,,48177,92617
16064000,2014,0.4942,0.3564,0.2532,0.041,0.0488,0.1802,,,43643,88318
16064000,2019,0.5872,0.2593,0.1882,0.0671,0.0545,0.1174,0.1734,,50906,86696
16064000,2024,0.6267,0.2182,0.2203,0.0272,0.0212,0.064,0.2362,,49988,79768
16065000,1994,0.7591,0.3584,0.2655,0.0486,0.0493,0.1745,,,58585,77173
16065000,1999,0.5903,0.4024,0.2772,0.0145,0.0522,0.1936,,,45578,77216
16065000,2004,0.516,0.4365,0.1565,,0.0643,0.2863,,,38938,75459
16065000,2009,0.5265,0.3531,0.2096,0.0299,0.0759,0.2519,,,37895,71973
16065000,2014,0.5185,0.327,0.2966,0.0256,0.0241,0.2527,,,34695,66909
16065000,2019,0.6087,0.2455,0.2393,0.033,0.0307,0.168,0.1766,,39240,64460
16065000,2024,0.6165,0.2376,0.2426,0.0119,0.011,0.0993,0.3124,,37836,61369
16066000,1994,0.7425,0.4192,0.2212,0.0619,0.0518,0.1439,,,88112,118666
16066000,1999,0.6227,0.456,0.1887,0.0318,0.0376,0.1605,,,74962,120374
16066000,2004,0.5621,0.3844,0.0955,0.038,0.0495,0.275,,,67541,120164
16066000,2009,0.5328,0.3656,0.1594,0.0567,0.0825,0.2079,,,62468,117253
16066000,2014,0.5192,0.3532,0.2371,0.0573,0.0483,0.1898,,,57563,110870
16066000,2019,0.6001,0.2613,0.2393,0.0733,0.0573,0.1054,0.1827,,64540,107542
16066000,2024,0.6337,0.2452,0.2393,0.0264,0.0322,0.0599,0.2769,,65242,102947
16067000,1994,0.7377,0.3666,0.2967,0.0727,0.0565,0.1229,,,85382,115740
16067000,1999,0.6102,0.4163,0.2357,0.0211,0.0358,0.1523,,,73727,120827
16067000,2004,0.5284,0.4383,0.1684,0.0343,0.0455,0.2191,,,63674,120510
16067000,2009,0.5477,0.3386,0.3038,0.0326,0.0423,0.1439,,,65064,118785
16067000,2014,0.5135,0.3794,0.2524,0.0417,0.0203,0.1501,,,58534,113992
16067000,2019,0.5737,0.2528,0.2652,0.0663,0.0323,0.1035,0.1803,,65425,114037
16067000,2024,0.6172,0.2303,0.23,0.0277,0.0164,0.0402,0.272,0.1238,68477,110947
16068000,1994,0.7484,0.4393,0.2452,0.0779,0.084,0.1324,,,47153,63005
16068000,1999,0.603,0.4712,0.2379,0.0373,0.0675,0.1863,,,39480,65469
16068000,2004,0.5618,0.4892,0.1097,0.0319,0.0539,0.3153,,,36536,65037
16068000,2009,0.5502,0.4288,0.1104,0.0292,0.0746,0.2637,,,34813,63277
16068000,2014,0.5367,0.4405,0.1083,0.0334,0.0392,0.2356,,,32173,59943
16068000,2019,0.6045,0.3707,0.0797,0.0577,0.0489,0.1693,0.1841,,35804,59228
16068000,2024,0.6474,0.3432,0.0544,0.0203,0.016,0.1383,0.3227,,37289,57600
16069000,1994,0.7779,0.3527,0.2349,0.0322,0.1327,0.1369,,,45078,57945
16069000,1999,0.6297,0.3744,0.2355,0.0141,,0.1914,,,37408,59403
16069000,2004,0.5432,0.413,0.1393,0.0176,,0.2623,,,32648,60107
16069000,2009,0.5548,0.349,0.1448,0.0207,,0.2472,,,32684,58913
16069000,2014,0.5263,0.3681,0.1229,0.0251,,0.2368,,,29167,55415
16069000,2019,0.6375,0.2838,0.095,0.0402,,,0.1232,,34484,54089
16069000,2024,0.6738,0.2333,0.0479,,,0.0673,0.1805,,34567,51304
16070000,1994,0.7449,0.3902,0.2667,0.0754,0.0481,0.1552,,,70039,94021
16070000,1999,0.6183,0.4628,0.1951,0.0199,0.0201,0.1767,,,59549,96306
16070000,2004,0.5383,0.4192,0.1249,0.0377,0.04,0.2742,,,51922,96456
16070000,2009,0.5509,0.3488,0.1429,0.0417,0.0559,0.2532,,,51904,94214
16070000,2014,0.5265,0.3068,0.133,0.0462,0.0236,0.3234,,,47324,89889
16070000,2019,0.6175,0.2407,0.0947,0.0827,0.0398,0.1681,0.2044,,54706,88590
16070000,2024,0.6553,0.2387,0.0851,0.0549,0.0248,0.115,0.3089,,56097,85607
16071000,1994,0.7407,0.354,0.2175,0.0538,0.0943,0.1302,,,49449,66763
16071000,1999,0.628,0.3862,0.269,0.0201,0.0496,0.1314,,,45283,72101
16071000,2004,0.5616,0.4182,0.1308,0.031,,0.1973,,,40962,72944
16071000,2009,0.5636,0.3422,0.1809,0.047,0.0843,0.1638,,,40365,71624
16071000,2014,0.5625,0.3581,0.1387,0.0454,0.0351,0.1604,0.046,,38624,68668
16071000,2019,0.6468,0.3356,0.0662,0.067,0.0409,0.1069,0.1759,,44473,68754
16071000,2024,0.6531,0.3388,0.0723,0.0368,0.0305,0.0744,0.2636,,44219,67702
16072000,1994,0.7532,0.3264,0.341,0.0364,0.0904,0.1606,,,44751,59417
16072000,1999,0.5922,0.3707,0.2399,0.0007,0.0782,0.2047,,,34955,59021
16072000,2004,0.4873,0.4359,0.1884,0.0238,0.0587,0.2803,,,28281,58036
16072000,2009,0.5066,0.3981,0.1521,0.0236,0.0846,0.2899,,,28063,55398
16072000,2014,0.4726,0.4219,0.1264,0.0289,0.0433,0.2785,,,24485,51811
16072000,2019,0.5608,0.3727,0.0866,0.041,0.0461,0.1991,0.2401,,28224,50324
16072000,2024,0.6044,0.2401,0.0384,0.012,0.0149,0.0852,0.3474,0.0758,28872,47768
16073000,1994,0.721,0.3665,0.2698,0.0618,0.0605,0.1433,,,77404,107352
16073000,1999,0.5972,0.3756,0.2515,0.0276,0.0338,0.1626,,,63649,106574
16073000,2004,0.5184,0.4005,0.2132,,0.0561,0.205,,,53953,104077
16073000,2009,0.5323,0.3105,0.2349,0.0268,0.0841,0.1909,,,53412,100351
16073000,2014,0.5066,0.3292,0.1636,0.0461,0.0443,0.1955,,,47518,93792
16073000,2019,0.6019,0.2296,0.1583,0.0539,0.0619,0.1093,0.2224,,54340,90284
16073000,2024,0.6179,0.2654,0.1425,0.0238,0.0318,0.073,0.189,,52737,85355
16074000,1994,0.7433,0.3905,0.2095,0.054,0.1068,0.1126,,,52431,70536
16074000,1999,0.6116,0.4278,0.2004,0.0315,0.0781,0.1404,,,46197,75540
16074000,2004,0.5633,0.4159,0.1276,0.0302,0.0972,0.1891,,,42838,76042
16074000,2009,0.5886,0.3574,0.1335,0.0371,0.1074,0.2233,,,44083,74900
16074000,2014,0.5827,0.3678,0.1056,0.0439,0.0498,0.2414,,,41307,70883
16074000,2019,0.6505,0.2979,0.0714,0.0646,0.0567,0.1489,0.1632,,45873,70515
16074000,2024,0.6894,0.2704,,0.0329,0.0243,0.1114,0.2695,,47578,69010
16075000,1994,0.7548,0.3735,0.2553,0.045,0.0733,0.1387,,,59923,79390
16075000,1999,0.6176,0.4225,0.272,,0.0449,0.1658,,,49403,79993
16075000,2004,0.5396,0.3589,0.1912,,0.07,0.2196,,,42582,78915
16075000,2009,0.5544,0.3176,0.2257,,0.1132,0.2056,,,42278,76255
16075000,2014,0.5406,0.4129,0.1727,,0.0491,0.2201,,,38616,71430
16075000,2019,0.6249,0.3191,0.0856,0.0399,0.0573,0.1337,0.2062,,43198,69133
16075000,2024,0.636,0.3624,,0.0191,0.0362,0.0827,0.335,,41939,65939
16076000,1994,0.7345,0.3976,0.2826,0.0568,0.0417,0.1202,,,73391,99919
16076000,1999,0.6005,0.4226,0.2812,0.0178,0.0306,0.1637,,,61128,101792
16076000,2004,0.5241,0.4411,0.1613,0.0255,,0.2101,,,52421,100024
16076000,2009,0.5459,0.3718,0.1728,0.0294,0.079,0.1756,,,52073,95385
16076000,2014,0.5522,0.4245,0.1284,0.0303,0.029,0.1881,,,48748,88275
16076000,2019,0.6324,0.3669,0.0893,0.0424,0.0342,0.1197,0.2044,,53769,85021
16076000,2024,0.6742,0.3631,0.0556,0.0196,0.014,0.0459,0.2682,0.111,54597,80976
16077000,1994,0.6916,0.4129,0.2711,0.0535,0.0366,0.1417,,,68084,98440
16077000,1999,0.5448,0.4201,0.2669,0.0193,0.0493,0.1746,,,52079,95593
16077000,2004,0.4617,0.437,0.2019,,0.0744,0.2867,,,42405,91845
16077000,2009,0.4813,0.3192,0.2425,0.0292,0.105,0.2126,,,42188,87649
16077000,2014,0.4827,0.3191,0.228,0.0318,0.0471,0.2635,,,39193,81187
16077000,2019,0.5569,0.2813,0.1521,0.0389,0.0451,0.1457,0.2263,,43361,77866
16077000,2024,0.587,0.2732,0.1159,0.0195,0.0203,0.1054,0.313,,43371,73887
