ags,election_year,turnout,cdu_csu,spd,gruene,fdp,linke_pds,afd,bsw,number_voters,eligible_voters
001,2002,0.7895,0.3642,0.4402,0.0913,0.0745,0.0129,,,171856,217678
002,2002,0.7957,0.3998,0.4241,0.0653,0.082,0.0111,,,144507,181614
003,2002,0.7983,0.3855,0.4122,0.0768,0.0883,0.0128,,,140495,175990
004,2002,0.8167,0.3732,0.4262,0.09,0.0803,0.0117,,,159411,195179
005,2002,0.7886,0.2794,0.4428,0.1505,0.0828,0.0215,,,152938,193933
006,2002,0.8038,0.3581,0.4455,0.0849,0.0767,0.0122,,,139038,172971
007,2002,0.8371,0.355,0.4155,0.1023,0.083,0.0119,,,187495,223977
008,2002,0.822,0.3667,0.4118,0.0934,0.0869,0.0127,,,187998,228709
009,2002,0.8078,0.3825,0.4399,0.0713,0.0783,0.0095,,,141399,175045
010,2002,0.833,0.3772,0.3999,0.0977,0.0817,0.0115,,,190571,228765
011,2002,0.7687,0.3176,0.4765,0.0989,0.0665,0.0161,,,137518,178895
012,2002,0.7085,0.2839,0.456,0.0355,0.0552,0.1424,,,154794,218477
013,2002,0.7257,0.2542,0.4688,0.0419,0.052,0.155,,,133843,184442
014,2002,0.714,0.2153,0.4853,0.0503,0.0463,0.1821,,,115637,161960
015,2002,0.6789,0.3631,0.3615,0.0296,0.0526,0.163,,,138269,203657
016,2002,0.6863,0.3723,0.3486,0.0295,0.0568,0.1613,,,143224,208696
017,2002,0.7173,0.3021,0.4219,0.0347,0.0583,0.1567,,,172265,240166
018,2002,0.7119,0.3146,0.3826,0.0272,0.0562,0.1888,,,138548,194621
019,2002,0.7522,0.2304,0.4589,0.1693,0.0593,0.0275,,,182934,243210
020,2002,0.8145,0.2787,0.3797,0.2024,0.0701,0.0293,,,137534,168860
021,2002,0.8283,0.2589,0.4046,0.2011,0.0721,0.0233,,,149594,180612
022,2002,0.845,0.3081,0.3845,0.1758,0.0819,0.0162,,,170042,201238
023,2002,0.7862,0.2997,0.4382,0.1214,0.0687,0.015,,,167884,213526
024,2002,0.7672,0.3097,0.4434,0.1109,0.0573,0.0159,,,164430,214337
025,2002,0.7966,0.2401,0.6171,0.0556,0.0596,0.0096,,,146852,184346
026,2002,0.7969,0.4168,0.4474,0.0419,0.0682,0.0076,,,178243,223672
027,2002,0.784,0.3067,0.5203,0.0573,0.0817,0.0103,,,148578,189511
028,2002,0.8001,0.2811,0.4835,0.1132,0.088,0.0159,,,164427,205499
029,2002,0.7947,0.2999,0.5139,0.0706,0.0843,0.0102,,,176606,222218
030,2002,0.8114,0.3131,0.4955,0.0806,0.0743,0.0095,,,169037,208331
031,2002,0.803,0.3541,0.4632,0.0734,0.0721,0.0099,,,149562,186254
032,2002,0.8222,0.4866,0.3798,0.0457,0.0699,0.0057,,,180640,219713
033,2002,0.8042,0.5928,0.2813,0.0339,0.0736,0.005,,,161152,200389
034,2002,0.805,0.3306,0.478,0.0703,0.0902,0.0094,,,153072,190154
035,2002,0.81,0.3544,0.4584,0.0784,0.0759,0.01,,,182294,225057
036,2002,0.8315,0.3616,0.4295,0.0845,0.0799,0.0098,,,206287,248079
037,2002,0.8083,0.3371,0.4355,0.1077,0.0766,0.0158,,,172351,213233
038,2002,0.8168,0.4273,0.4103,0.0616,0.0786,0.0071,,,156405,191489
039,2002,0.8153,0.3673,0.4343,0.0958,0.0806,0.0094,,,155747,191030
040,2002,0.806,0.336,0.5132,0.057,0.0604,0.0088,,,160102,198646
041,2002,0.7987,0.2801,0.509,0.1109,0.0629,0.0138,,,143510,179678
042,2002,0.8029,0.2617,0.4987,0.1382,0.061,0.0208,,,151400,188563
043,2002,0.8287,0.3284,0.4979,0.0671,0.0732,0.0083,,,189610,228792
044,2002,0.8025,0.3819,0.4433,0.0655,0.0709,0.0098,,,173848,216639
045,2002,0.8225,0.336,0.5146,0.0579,0.0614,0.0081,,,174874,212606
046,2002,0.8118,0.3294,0.5146,0.0534,0.0673,0.0093,,,165253,203553
047,2002,0.8379,0.3086,0.52,0.0721,0.0661,0.0087,,,198162,236507
048,2002,0.8305,0.3299,0.5148,0.0657,0.0547,0.0087,,,186886,225028
049,2002,0.8042,0.3241,0.5305,0.0529,0.06,0.0092,,,177103,220223
050,2002,0.7975,0.2979,0.4974,0.1001,0.0688,0.0162,,,150095,188217
051,2002,0.8032,0.3388,0.5251,0.0505,0.0548,0.0085,,,150834,187801
052,2002,0.8028,0.3367,0.5093,0.0542,0.07,0.0108,,,179177,223193
053,2002,0.8124,0.3255,0.4624,0.1092,0.0669,0.0172,,,184220,226749
054,2002,0.8096,0.2554,0.4492,0.1759,0.0716,0.0245,,,201901,249388
055,2002,0.7661,0.2347,0.5265,0.1208,0.0619,0.0199,,,180108,235105
056,2002,0.7171,0.227,0.4947,0.0341,0.0573,0.1559,,,126723,176708
057,2002,0.7057,0.2068,0.4857,0.0331,0.0512,0.1862,,,126778,179647
058,2002,0.7499,0.2339,0.4509,0.0603,0.0644,0.1427,,,172416,229920
059,2002,0.7416,0.2105,0.4334,0.0451,0.0556,0.2071,,,173166,233502
060,2002,0.7094,0.2231,0.4799,0.0407,0.0591,0.1636,,,144473,203652
061,2002,0.7851,0.1994,0.4492,0.0791,0.0602,0.1825,,,189560,241453
062,2002,0.7545,0.2259,0.4636,0.0435,0.0593,0.17,,,158885,210588
063,2002,0.7276,0.2186,0.4549,0.0422,0.054,0.1892,,,155120,213200
064,2002,0.7273,0.2252,0.4866,0.0309,0.0561,0.1656,,,150774,207295
065,2002,0.7318,0.2606,0.4577,0.0266,0.0615,0.157,,,150062,205060
066,2002,0.6892,0.2796,0.4561,0.0312,0.0715,0.1388,,,131259,190453
067,2002,0.6846,0.3017,0.4352,0.0308,0.0798,0.1308,,,164081,239673
068,2002,0.6969,0.2903,0.4485,0.0348,0.0762,0.1278,,,144588,207469
069,2002,0.6892,0.2376,0.4634,0.0513,0.0715,0.154,,,130746,189697
070,2002,0.6571,0.3041,0.4462,0.0262,0.0673,0.1341,,,138022,210062
071,2002,0.6979,0.2975,0.4289,0.0321,0.0724,0.1447,,,160188,229541
072,2002,0.6947,0.3146,0.403,0.0291,0.0856,0.1417,,,146804,211316
073,2002,0.7018,0.2448,0.4204,0.0595,0.0798,0.1719,,,137668,196174
074,2002,0.6844,0.3141,0.4076,0.0253,0.0758,0.1487,,,151325,221118
075,2002,0.686,0.3088,0.4176,0.0225,0.0755,0.1511,,,146412,213438
076,2002,0.7477,0.2321,0.3694,0.1902,0.0625,0.0989,,,150464,201240
077,2002,0.7718,0.1593,0.378,0.1618,0.0491,0.202,,,169910,220153
078,2002,0.8028,0.3813,0.3509,0.1097,0.0851,0.0197,,,150276,187183
079,2002,0.7758,0.3497,0.3777,0.1112,0.0787,0.0234,,,143214,184596
080,2002,0.8444,0.3532,0.3157,0.1825,0.0968,0.0188,,,183251,217030
081,2002,0.8218,0.3026,0.3281,0.2249,0.0907,0.0229,,,164302,199931
082,2002,0.8059,0.3199,0.3496,0.1875,0.0778,0.0235,,,191769,237943
083,2002,0.7515,0.338,0.3631,0.1363,0.0705,0.0315,,,148765,197948
084,2002,0.7552,0.1285,0.392,0.2312,0.0378,0.1719,,,158449,209818
085,2002,0.7805,0.1746,0.4121,0.0763,0.0477,0.2341,,,147762,189307
086,2002,0.7171,0.1767,0.3876,0.047,0.0461,0.2728,,,142239,198349
087,2002,0.7321,0.1615,0.3872,0.0534,0.0421,0.2931,,,145915,199297
088,2002,0.8052,0.3398,0.361,0.1665,0.0971,0.0163,,,133045,165242
089,2002,0.8048,0.3521,0.4481,0.0692,0.0942,0.0091,,,181166,225120
090,2002,0.7997,0.4546,0.3594,0.0572,0.0952,0.0089,,,145496,181929
091,2002,0.8043,0.3982,0.4098,0.0671,0.0901,0.009,,,158285,196789
092,2002,0.8161,0.3423,0.4379,0.0815,0.1058,0.0092,,,193667,237310
093,2002,0.8042,0.4086,0.3703,0.0806,0.1099,0.0097,,,192372,239202
094,2002,0.7575,0.2908,0.4289,0.1517,0.0863,0.0191,,,137261,181207
095,2002,0.8124,0.307,0.3631,0.1908,0.1074,0.0178,,,167745,206490
096,2002,0.7481,0.2727,0.4457,0.1608,0.0778,0.02,,,140566,187895
097,2002,0.8308,0.3657,0.3262,0.1562,0.1157,0.0159,,,176518,212477
098,2002,0.8161,0.3865,0.377,0.0932,0.1105,0.0099,,,180320,220944
099,2002,0.8422,0.4278,0.3218,0.0993,0.1242,0.0087,,,171712,203878
100,2002,0.8101,0.4175,0.384,0.071,0.0932,0.0098,,,170173,210055
101,2002,0.8432,0.3798,0.363,0.1063,0.1186,0.0108,,,177441,210429
102,2002,0.7702,0.3106,0.4537,0.109,0.0885,0.0149,,,163626,212452
103,2002,0.7714,0.3006,0.4276,0.1145,0.1055,0.0204,,,172608,223764
104,2002,0.7883,0.343,0.4142,0.0863,0.1143,0.0142,,,184236,233722
105,2002,0.8256,0.3742,0.3933,0.0855,0.1126,0.0106,,,168789,204445
106,2002,0.8169,0.3583,0.4141,0.0805,0.1095,0.0124,,,139814,171143
107,2002,0.8077,0.3558,0.3667,0.1233,0.1178,0.0146,,,174292,215782
108,2002,0.7827,0.3215,0.4198,0.1175,0.0976,0.0172,,,150811,192689
109,2002,0.8019,0.4042,0.3861,0.0702,0.1031,0.0096,,,169036,210801
110,2002,0.7438,0.408,0.3799,0.0774,0.0991,0.0115,,,145540,195672
111,2002,0.8127,0.3928,0.3712,0.0851,0.116,0.0099,,,163524,201213
112,2002,0.8063,0.4071,0.3726,0.0779,0.1103,0.009,,,179695,222874
113,2002,0.8023,0.4428,0.3713,0.0631,0.0949,0.0077,,,175835,219163
114,2002,0.8135,0.3318,0.4608,0.0785,0.0944,0.0093,,,164371,202061
115,2002,0.7975,0.3134,0.4667,0.0904,0.0925,0.0122,,,145484,182423
116,2002,0.7953,0.2499,0.5354,0.0932,0.0714,0.0192,,,152022,191150
117,2002,0.7293,0.2285,0.59,0.0644,0.0614,0.0173,,,121513,166610
118,2002,0.7846,0.2403,0.5695,0.078,0.0699,0.0142,,,169093,215525
119,2002,0.8059,0.2758,0.5157,0.0848,0.0865,0.0128,,,161248,200084
120,2002,0.7333,0.2449,0.5452,0.0864,0.0708,0.0167,,,129959,177226
121,2002,0.8181,0.3089,0.4407,0.1202,0.0927,0.0149,,,166922,204032
122,2002,0.7886,0.2802,0.5315,0.0745,0.0734,0.0116,,,139939,177456
123,2002,0.8086,0.2842,0.5302,0.0689,0.0758,0.0107,,,158511,196035
124,2002,0.7497,0.2396,0.5649,0.0708,0.069,0.0142,,,149110,198882
125,2002,0.8136,0.4378,0.377,0.0639,0.0987,0.007,,,156869,192811
126,2002,0.8001,0.2876,0.5311,0.0655,0.0734,0.0125,,,167885,209817
127,2002,0.8323,0.4791,0.335,0.0623,0.1008,0.0068,,,156098,187554
128,2002,0.8467,0.4462,0.3411,0.0799,0.1089,0.0074,,,152997,180688
129,2002,0.8298,0.3646,0.4403,0.0743,0.0977,0.008,,,153902,185462
130,2002,0.8453,0.3426,0.3622,0.1556,0.1127,0.014,,,169832,200908
131,2002,0.8362,0.4167,0.3853,0.0655,0.1058,0.0083,,,172866,206718
132,2002,0.8184,0.4191,0.3714,0.0803,0.0966,0.0085,,,199887,244231
133,2002,0.8188,0.3194,0.4155,0.1403,0.0792,0.0181,,,200004,244261
134,2002,0.8105,0.3538,0.4507,0.0727,0.0855,0.0101,,,188924,233093
135,2002,0.8088,0.3487,0.449,0.0702,0.0931,0.0091,,,168560,208412
136,2002,0.8306,0.3362,0.4585,0.0727,0.09,0.0097,,,146064,175855
137,2002,0.8268,0.4418,0.3691,0.0674,0.0864,0.008,,,180012,217726
138,2002,0.8109,0.5224,0.2913,0.0658,0.0851,0.0082,,,172727,213014
139,2002,0.7748,0.3094,0.4897,0.0737,0.0884,0.0114,,,175182,226103
140,2002,0.8126,0.2686,0.5155,0.0959,0.0842,0.0128,,,151817,186820
141,2002,0.8108,0.2547,0.5201,0.1079,0.0723,0.0182,,,176154,217254
142,2002,0.7791,0.2325,0.5779,0.0751,0.062,0.0162,,,151966,195046
143,2002,0.7936,0.2513,0.5175,0.1143,0.0748,0.0183,,,170755,215162
144,2002,0.7816,0.2486,0.5449,0.092,0.0726,0.0162,,,165911,212281
145,2002,0.821,0.2684,0.5332,0.0796,0.0826,0.0109,,,167457,203956
146,2002,0.7879,0.3258,0.505,0.0599,0.0771,0.0098,,,189927,241069
147,2002,0.8062,0.4018,0.3862,0.0722,0.1038,0.01,,,184172,228436
148,2002,0.8199,0.4853,0.3442,0.0523,0.0903,0.0073,,,173157,211185
149,2002,0.8095,0.3812,0.4179,0.07,0.0888,0.0101,,,177268,218988
150,2002,0.7965,0.4415,0.3705,0.0605,0.0927,0.0086,,,170604,214200
151,2002,0.7887,0.3701,0.4312,0.06,0.0935,0.009,,,168669,213870
152,2002,0.713,0.3325,0.3596,0.032,0.0706,0.1645,,,164458,230648
153,2002,0.7302,0.252,0.3982,0.065,0.07,0.1756,,,140645,192613
154,2002,0.7466,0.2271,0.4058,0.0909,0.0651,0.1782,,,147721,197871
155,2002,0.7365,0.3206,0.3767,0.0369,0.0723,0.153,,,173187,235164
156,2002,0.7378,0.3435,0.3218,0.0317,0.0764,0.1732,,,159223,215805
157,2002,0.7215,0.3788,0.2839,0.0366,0.075,0.1629,,,149767,207575
158,2002,0.7407,0.3869,0.2799,0.0314,0.0774,0.1587,,,129655,175038
159,2002,0.7343,0.4159,0.2745,0.038,0.0731,0.1431,,,161890,220461
160,2002,0.7594,0.305,0.3287,0.0786,0.0703,0.1774,,,164923,217183
161,2002,0.7459,0.3301,0.3007,0.088,0.0814,0.1563,,,180284,241686
162,2002,0.7475,0.3834,0.2941,0.0329,0.0758,0.1508,,,148731,198974
163,2002,0.7279,0.3615,0.3196,0.0347,0.0759,0.156,,,166616,228884
164,2002,0.7454,0.2648,0.3552,0.0506,0.0703,0.197,,,157325,211051
165,2002,0.7435,0.3456,0.344,0.0324,0.0709,0.1496,,,143025,192377
166,2002,0.7398,0.3934,0.3121,0.0258,0.0637,0.1409,,,137624,186037
167,2002,0.7269,0.3355,0.3463,0.0359,0.0665,0.1659,,,142036,195393
168,2002,0.7334,0.3369,0.3572,0.0349,0.0762,0.146,,,165187,225235
169,2002,0.8067,0.3322,0.4836,0.0746,0.0757,0.0103,,,156682,194230
170,2002,0.7917,0.2913,0.4785,0.1199,0.0671,0.0177,,,173626,219314
171,2002,0.8047,0.3278,0.4969,0.0661,0.0701,0.0115,,,153878,191217
172,2002,0.8039,0.3255,0.4932,0.0694,0.0755,0.0105,,,158483,197153
173,2002,0.7964,0.3524,0.4226,0.1048,0.0706,0.0186,,,144891,181936
174,2002,0.7729,0.3853,0.4184,0.0734,0.0761,0.0101,,,163741,211863
175,2002,0.7951,0.3645,0.4068,0.0958,0.0905,0.0145,,,177347,223041
176,2002,0.8119,0.4916,0.3198,0.0668,0.0777,0.0092,,,191467,235821
177,2002,0.8221,0.4173,0.3408,0.1068,0.0992,0.0112,,,149323,181643
178,2002,0.8019,0.3802,0.3904,0.099,0.0881,0.0106,,,192786,240425
179,2002,0.8098,0.4304,0.3545,0.0951,0.085,0.0094,,,176590,218072
180,2002,0.7696,0.3612,0.3681,0.1387,0.0865,0.0145,,,143782,186838
181,2002,0.8033,0.3815,0.3967,0.0937,0.0826,0.0127,,,191145,237956
182,2002,0.8445,0.43,0.3132,0.1152,0.1079,0.0103,,,163517,193631
183,2002,0.7572,0.3355,0.3482,0.1754,0.0815,0.0257,,,138514,182930
184,2002,0.782,0.3273,0.3394,0.1936,0.0866,0.0239,,,157015,200796
185,2002,0.8103,0.3228,0.4366,0.1142,0.0779,0.0139,,,136988,169053
186,2002,0.7939,0.3915,0.3545,0.1199,0.0884,0.0148,,,176190,221942
187,2002,0.8113,0.3201,0.401,0.1581,0.08,0.0159,,,185863,229095
188,2002,0.8196,0.3874,0.3966,0.0964,0.0799,0.0113,,,189584,231299
189,2002,0.8083,0.3916,0.3969,0.0923,0.0792,0.0092,,,158915,196599
190,2002,0.7598,0.3801,0.3682,0.0338,0.0579,0.1287,,,127837,168250
191,2002,0.7448,0.3011,0.417,0.0382,0.0565,0.1518,,,138303,185691
192,2002,0.7326,0.2958,0.4101,0.0334,0.0573,0.1684,,,150325,205199
193,2002,0.7542,0.2991,0.4047,0.0386,0.058,0.162,,,166006,220101
194,2002,0.7503,0.2436,0.4099,0.0683,0.054,0.1903,,,121524,161977
195,2002,0.7648,0.2579,0.3957,0.079,0.0653,0.1654,,,156448,204557
196,2002,0.7528,0.2636,0.3947,0.0373,0.0606,0.2011,,,125039,166101
197,2002,0.7395,0.3048,0.3919,0.0335,0.0663,0.1624,,,143780,194424
198,2002,0.7468,0.2977,0.4006,0.0325,0.0548,0.1768,,,181757,243395
199,2002,0.7387,0.2954,0.3966,0.0352,0.0551,0.1882,,,159322,215683
200,2002,0.7994,0.4176,0.3854,0.0701,0.0906,0.0095,,,192672,241016
201,2002,0.7974,0.4611,0.337,0.074,0.0985,0.0079,,,152366,191068
202,2002,0.7917,0.4096,0.3894,0.0804,0.0895,0.0097,,,155023,195810
203,2002,0.8086,0.465,0.3324,0.0616,0.1087,0.0085,,,145190,179555
204,2002,0.7785,0.3643,0.4231,0.0715,0.1015,0.0104,,,149008,191397
205,2002,0.7965,0.4839,0.3248,0.0651,0.0962,0.0068,,,134022,168254
206,2002,0.7914,0.3856,0.4,0.0981,0.0837,0.0101,,,145225,183493
207,2002,0.8071,0.4217,0.3825,0.0658,0.0925,0.0093,,,168795,209140
208,2002,0.8219,0.3611,0.3737,0.1237,0.0995,0.0133,,,192698,234462
209,2002,0.8063,0.359,0.413,0.0822,0.0982,0.0108,,,157318,195114
210,2002,0.7994,0.3745,0.4133,0.0767,0.0817,0.0113,,,172136,215320
211,2002,0.8194,0.4032,0.3608,0.0927,0.0931,0.0103,,,177855,217054
212,2002,0.7731,0.3338,0.4473,0.0768,0.0861,0.0113,,,181694,235024
213,2002,0.7906,0.4208,0.3727,0.0573,0.0858,0.0105,,,149155,188666
214,2002,0.8182,0.4091,0.3624,0.0818,0.0937,0.0094,,,168303,205703
215,2002,0.8244,0.6532,0.2052,0.0688,0.0428,0.0061,,,204334,247852
216,2002,0.8272,0.6334,0.2171,0.0742,0.0451,0.0069,,,203047,245476
217,2002,0.8458,0.5807,0.2386,0.1016,0.0507,0.0066,,,201675,238437
218,2002,0.8057,0.6267,0.2549,0.0558,0.0357,0.006,,,193458,240121
219,2002,0.7846,0.4342,0.3069,0.1631,0.0616,0.013,,,159323,203053
220,2002,0.8097,0.4591,0.2893,0.1528,0.0671,0.0116,,,175917,217262
221,2002,0.8077,0.4557,0.2995,0.1499,0.0595,0.0128,,,162031,200604
222,2002,0.8101,0.4359,0.2923,0.1779,0.058,0.0136,,,175739,216927
223,2002,0.86,0.5572,0.2421,0.1071,0.0669,0.0071,,,213830,248648
224,2002,0.8175,0.6468,0.1965,0.0764,0.045,0.0057,,,177041,216569
225,2002,0.8528,0.6291,0.1945,0.0958,0.0569,0.0057,,,211399,247902
226,2002,0.8179,0.6728,0.1893,0.0695,0.0363,0.0052,,,166863,204009
227,2002,0.8363,0.6426,0.2037,0.0779,0.046,0.0058,,,199441,238479
228,2002,0.7706,0.7094,0.1941,0.034,0.0311,0.0035,,,117641,152670
229,2002,0.8122,0.6717,0.2078,0.0562,0.0362,0.0053,,,192222,236680
230,2002,0.7757,0.6748,0.2169,0.0422,0.0384,0.0043,,,141905,182945
231,2002,0.7924,0.7282,0.1785,0.0351,0.0304,0.0038,,,126217,159275
232,2002,0.7901,0.7234,0.1896,0.0294,0.0275,0.0034,,,134641,170415
233,2002,0.8246,0.635,0.2572,0.0471,0.0348,0.005,,,173471,210365
234,2002,0.8089,0.6004,0.2507,0.0826,0.0362,0.007,,,187335,231583
235,2002,0.8027,0.6739,0.2427,0.0334,0.0249,0.0038,,,171904,214154
236,2002,0.8275,0.6127,0.2979,0.0357,0.03,0.0042,,,143152,172997
237,2002,0.8094,0.6092,0.2386,0.0755,0.0426,0.0065,,,138017,170527
238,2002,0.8125,0.5833,0.285,0.0588,0.0444,0.0057,,,133853,164745
239,2002,0.8167,0.5235,0.3599,0.0467,0.0423,0.0071,,,134420,164597
240,2002,0.7982,0.5322,0.3492,0.0443,0.039,0.0073,,,151948,190359
241,2002,0.8272,0.6115,0.2763,0.0444,0.0366,0.0058,,,142871,172724
242,2002,0.8018,0.5634,0.2961,0.0668,0.0403,0.0055,,,192319,239860
243,2002,0.8384,0.4792,0.3324,0.1067,0.0537,0.0079,,,142615,170096
244,2002,0.8096,0.506,0.3391,0.0744,0.0473,0.0075,,,195623,241620
245,2002,0.7849,0.427,0.3705,0.1149,0.0495,0.0137,,,142410,181437
246,2002,0.7813,0.4784,0.3763,0.0685,0.0408,0.0092,,,143956,184263
247,2002,0.8462,0.5256,0.3235,0.0745,0.0462,0.0064,,,186912,220891
248,2002,0.8166,0.5348,0.2956,0.0747,0.0575,0.0078,,,146803,179783
249,2002,0.8266,0.6383,0.2341,0.0514,0.0442,0.0055,,,181391,219433
250,2002,0.8326,0.5722,0.2922,0.0592,0.0455,0.0051,,,163345,196187
251,2002,0.8186,0.5644,0.2829,0.0632,0.0494,0.0062,,,161232,196958
252,2002,0.8301,0.4997,0.2997,0.1084,0.0538,0.0069,,,181696,218885
253,2002,0.7738,0.5278,0.3078,0.0889,0.0422,0.0085,,,153010,197729
254,2002,0.835,0.6238,0.2338,0.0699,0.044,0.0048,,,198040,237187
255,2002,0.8164,0.6547,0.233,0.0469,0.0362,0.004,,,146402,179327
256,2002,0.7996,0.6052,0.2552,0.0584,0.0471,0.0059,,,183557,229564
257,2002,0.8098,0.6078,0.2283,0.0758,0.0535,0.006,,,172437,212926
258,2002,0.8085,0.6551,0.2026,0.061,0.0477,0.0058,,,190790,235972
259,2002,0.8267,0.3393,0.3381,0.189,0.0933,0.0143,,,147130,177965
260,2002,0.7941,0.3628,0.3761,0.1334,0.0774,0.0143,,,142379,179288
261,2002,0.8345,0.4205,0.331,0.1143,0.089,0.0082,,,205778,246593
262,2002,0.8364,0.4078,0.3546,0.1168,0.0775,0.0084,,,134788,161161
263,2002,0.8385,0.4239,0.331,0.1164,0.0821,0.0072,,,157359,187657
264,2002,0.8123,0.4215,0.3561,0.1021,0.0752,0.0074,,,145541,179165
265,2002,0.8279,0.4159,0.3308,0.1204,0.0868,0.0083,,,177967,214962
266,2002,0.8345,0.3947,0.3513,0.1237,0.0839,0.0101,,,166670,199714
267,2002,0.8428,0.4099,0.3455,0.1114,0.0854,0.008,,,173202,205511
268,2002,0.8016,0.4333,0.3572,0.0823,0.0777,0.0084,,,193512,241418
269,2002,0.7821,0.4342,0.3185,0.1021,0.0933,0.0089,,,170643,218189
270,2002,0.8018,0.4423,0.3374,0.1025,0.071,0.0079,,,138607,172868
271,2002,0.8128,0.4632,0.3558,0.079,0.0592,0.0064,,,181426,223224
272,2002,0.7907,0.3541,0.3718,0.1442,0.0841,0.0156,,,155007,196039
273,2002,0.8277,0.433,0.3534,0.0898,0.0816,0.0076,,,167158,201960
274,2002,0.7961,0.463,0.3377,0.0861,0.0743,0.0079,,,162560,204208
275,2002,0.837,0.3567,0.3472,0.1762,0.083,0.0135,,,174246,208183
276,2002,0.76,0.3442,0.4129,0.1195,0.0711,0.0163,,,150891,198538
277,2002,0.8091,0.5162,0.2993,0.0745,0.0657,0.0069,,,172872,213656
278,2002,0.8299,0.4318,0.3451,0.1042,0.0779,0.0094,,,157808,190149
279,2002,0.818,0.4474,0.351,0.0803,0.075,0.008,,,153528,187678
280,2002,0.803,0.4355,0.345,0.0898,0.0814,0.0084,,,173746,216370
281,2002,0.8004,0.4837,0.2932,0.0892,0.0789,0.0081,,,156563,195598
282,2002,0.8186,0.3045,0.3344,0.2503,0.07,0.0171,,,163962,200287
283,2002,0.7902,0.3609,0.3872,0.1351,0.0728,0.0115,,,171731,217334
284,2002,0.8008,0.4087,0.362,0.1184,0.0679,0.0086,,,163914,204699
285,2002,0.7885,0.4593,0.3251,0.0944,0.0721,0.0079,,,155776,197554
286,2002,0.8012,0.5064,0.2928,0.074,0.0784,0.0074,,,157654,196766
287,2002,0.7992,0.4654,0.3209,0.0875,0.0813,0.0081,,,132493,165776
288,2002,0.7973,0.3992,0.3379,0.1275,0.0955,0.011,,,151117,189541
289,2002,0.7963,0.4314,0.3331,0.1174,0.0766,0.0088,,,138929,174477
290,2002,0.818,0.4385,0.3302,0.1084,0.0839,0.0086,,,157712,192797
291,2002,0.8314,0.3935,0.3276,0.1608,0.0715,0.0144,,,148044,178068
292,2002,0.8248,0.465,0.314,0.1099,0.0683,0.0089,,,173826,210762
293,2002,0.8143,0.5417,0.2428,0.0989,0.0658,0.0062,,,186136,228590
294,2002,0.816,0.468,0.2949,0.1211,0.0759,0.008,,,192494,235888
295,2002,0.7977,0.5281,0.2771,0.0743,0.0726,0.0067,,,164439,206148
296,2002,0.7724,0.3131,0.4595,0.1027,0.0671,0.0194,,,164069,212426
297,2002,0.8057,0.3646,0.4552,0.0694,0.0665,0.012,,,173871,215792
298,2002,0.8284,0.3833,0.4582,0.0567,0.0559,0.0112,,,154672,186710
299,2002,0.7976,0.3392,0.4658,0.0727,0.0656,0.0133,,,164546,206290
001,2005,0.7776,0.3636,0.3906,0.0803,0.0969,0.048,,,171827,220967
002,2005,0.7789,0.4166,0.362,0.0625,0.1007,0.0386,,,143778,184580
003,2005,0.7845,0.3896,0.3631,0.0656,0.1074,0.0459,,,139014,177200
004,2005,0.8048,0.3811,0.3763,0.0805,0.0989,0.0416,,,158841,197355
005,2005,0.7776,0.2882,0.4146,0.1275,0.0885,0.0597,,,151040,194234
006,2005,0.7869,0.3626,0.3948,0.0767,0.096,0.0446,,,136982,174075
007,2005,0.817,0.3684,0.374,0.0906,0.1025,0.0439,,,185609,227185
008,2005,0.8078,0.3675,0.3657,0.0864,0.1135,0.0438,,,188632,233522
009,2005,0.7927,0.3778,0.3878,0.0672,0.1038,0.0416,,,140965,177834
010,2005,0.818,0.372,0.3577,0.0922,0.112,0.0437,,,190357,232711
011,2005,0.7373,0.3119,0.4337,0.0919,0.0837,0.0558,,,132068,179114
012,2005,0.7123,0.2809,0.3518,0.0419,0.0625,0.2205,,,156558,219787
013,2005,0.728,0.2573,0.3725,0.0461,0.0588,0.2189,,,134742,185092
014,2005,0.7199,0.2284,0.3891,0.0544,0.054,0.2388,,,139568,193869
015,2005,0.694,0.3458,0.2567,0.0319,0.0749,0.2409,,,141356,203689
016,2005,0.6981,0.3566,0.2483,0.0331,0.0666,0.2374,,,145628,208610
017,2005,0.7187,0.305,0.3164,0.0395,0.0624,0.2307,,,154726,215271
018,2005,0.7186,0.2933,0.2879,0.0313,0.0584,0.2718,,,138309,192472
019,2005,0.7331,0.2388,0.4204,0.1562,0.0778,0.0787,,,179752,245210
020,2005,0.7977,0.2839,0.3525,0.188,0.0902,0.066,,,136372,170950
021,2005,0.8097,0.2743,0.3732,0.1796,0.0948,0.0615,,,147354,181988
022,2005,0.8291,0.3222,0.3509,0.1566,0.1083,0.0476,,,168352,203063
023,2005,0.7626,0.3056,0.4035,0.1148,0.0903,0.0609,,,163239,214063
024,2005,0.7384,0.3101,0.4162,0.1071,0.0773,0.0627,,,159084,215443
025,2005,0.7726,0.2487,0.5586,0.0624,0.0619,0.0447,,,144499,187031
026,2005,0.7812,0.4055,0.4114,0.0413,0.0777,0.0407,,,177726,227506
027,2005,0.7675,0.3049,0.4663,0.0584,0.0892,0.0484,,,146571,190965
028,2005,0.7912,0.283,0.44,0.1106,0.0931,0.0522,,,166206,210068
029,2005,0.7801,0.2875,0.462,0.072,0.1035,0.0487,,,175320,224736
030,2005,0.7949,0.3085,0.4428,0.0793,0.0893,0.0515,,,166947,210025
031,2005,0.7894,0.3549,0.4187,0.0683,0.0912,0.0395,,,149433,189309
032,2005,0.8067,0.4866,0.3398,0.0462,0.0846,0.0275,,,179716,222778
033,2005,0.7769,0.5717,0.2532,0.033,0.1015,0.0228,,,160307,206345
034,2005,0.7903,0.3341,0.4169,0.0735,0.1069,0.0437,,,152034,192368
035,2005,0.7948,0.3521,0.4054,0.078,0.0941,0.0408,,,181702,228603
036,2005,0.8155,0.3554,0.392,0.0799,0.1058,0.0388,,,203505,249536
037,2005,0.7954,0.3257,0.3863,0.1093,0.0968,0.0548,,,175719,220920
038,2005,0.7946,0.4059,0.3739,0.0663,0.1005,0.0329,,,154657,194638
039,2005,0.8028,0.3574,0.4001,0.0967,0.092,0.0369,,,153955,191774
040,2005,0.7906,0.3253,0.4696,0.0607,0.0806,0.0361,,,157540,199276
041,2005,0.7825,0.2616,0.4645,0.1106,0.089,0.048,,,140366,179372
042,2005,0.7849,0.2536,0.4511,0.1385,0.0799,0.0545,,,147965,188507
043,2005,0.8124,0.3247,0.4458,0.0706,0.098,0.0353,,,187725,231063
044,2005,0.7902,0.3637,0.4055,0.0647,0.0951,0.0416,,,172223,217953
045,2005,0.8082,0.3236,0.4637,0.0609,0.0813,0.0417,,,174673,216115
046,2005,0.7885,0.2936,0.4739,0.0624,0.097,0.0451,,,158761,201339
047,2005,0.8208,0.3038,0.4683,0.0776,0.0857,0.037,,,195863,238612
048,2005,0.8146,0.3243,0.47,0.0706,0.0719,0.0377,,,182239,223707
049,2005,0.7948,0.3133,0.4771,0.0547,0.0738,0.0505,,,173204,217909
050,2005,0.7845,0.2892,0.4448,0.0992,0.0849,0.0557,,,147350,187823
051,2005,0.7853,0.3187,0.4671,0.0571,0.0782,0.0452,,,148023,188485
052,2005,0.7912,0.313,0.4592,0.0572,0.0944,0.0491,,,173976,219886
053,2005,0.7982,0.305,0.4209,0.1068,0.0895,0.0519,,,180697,226392
054,2005,0.7773,0.2382,0.3969,0.1659,0.0886,0.0815,,,196547,252856
055,2005,0.7308,0.2155,0.4667,0.1156,0.0723,0.0879,,,170735,233619
056,2005,0.7164,0.2195,0.366,0.0444,0.064,0.2658,,,126283,176284
057,2005,0.712,0.2059,0.3624,0.0374,0.0538,0.2922,,,124502,174854
058,2005,0.7672,0.2203,0.3613,0.0653,0.0795,0.2203,,,184656,240691
059,2005,0.763,0.1871,0.3466,0.0484,0.0656,0.2978,,,189602,248485
060,2005,0.723,0.2019,0.3757,0.0447,0.0659,0.265,,,147006,203338
061,2005,0.7964,0.1908,0.3715,0.0869,0.0785,0.2359,,,202354,254100
062,2005,0.7594,0.2133,0.3694,0.0462,0.0673,0.2557,,,163014,214652
063,2005,0.7498,0.1896,0.3533,0.0453,0.0635,0.291,,,159026,212095
064,2005,0.7336,0.1992,0.3591,0.0429,0.0695,0.2754,,,149081,203223
065,2005,0.7449,0.2385,0.3169,0.0323,0.0716,0.2734,,,149459,200630
066,2005,0.7167,0.2644,0.3304,0.0345,0.0631,0.2751,,,135206,188647
067,2005,0.7136,0.2682,0.3331,0.0367,0.0744,0.2512,,,169124,237003
068,2005,0.7125,0.254,0.3407,0.0394,0.0725,0.2575,,,146466,205558
069,2005,0.7115,0.2073,0.3733,0.0607,0.0637,0.267,,,136937,192472
070,2005,0.6872,0.2505,0.3325,0.0295,0.0762,0.2729,,,141709,206199
071,2005,0.7208,0.2522,0.3163,0.0411,0.0883,0.2603,,,163447,226744
072,2005,0.7174,0.2531,0.3141,0.0337,0.1005,0.2563,,,147489,205591
073,2005,0.7124,0.2037,0.336,0.0721,0.0898,0.2676,,,139806,196249
074,2005,0.702,0.2605,0.2958,0.0332,0.0898,0.2663,,,155110,220967
075,2005,0.7014,0.2441,0.3076,0.0296,0.0866,0.2868,,,146377,208678
076,2005,0.7393,0.1935,0.3473,0.1811,0.0753,0.1502,,,142190,192321
077,2005,0.7783,0.1435,0.3457,0.1576,0.0571,0.2439,,,174821,224621
078,2005,0.7912,0.3271,0.3344,0.1025,0.1076,0.0617,,,147047,185854
079,2005,0.7629,0.2936,0.3623,0.1054,0.0989,0.0726,,,140504,184180
080,2005,0.8361,0.3201,0.3038,0.1594,0.1294,0.052,,,180247,215568
081,2005,0.8068,0.2726,0.32,0.1944,0.1234,0.0584,,,158865,196910
082,2005,0.7926,0.2733,0.3446,0.1684,0.1001,0.068,,,185593,234161
083,2005,0.7404,0.2842,0.3464,0.1307,0.0853,0.0869,,,144224,194781
084,2005,0.7655,0.1104,0.3726,0.2184,0.0456,0.2079,,,164838,215324
085,2005,0.7877,0.1519,0.3662,0.0831,0.0563,0.2845,,,152302,193339
086,2005,0.7349,0.141,0.3411,0.0522,0.0498,0.3442,,,147668,200926
087,2005,0.7421,0.1262,0.3441,0.0636,0.047,0.3554,,,149098,200917
088,2005,0.7879,0.3282,0.3325,0.1436,0.1149,0.0599,,,137879,174998
089,2005,0.7776,0.3432,0.4096,0.0593,0.0935,0.0633,,,176643,227154
090,2005,0.7732,0.432,0.3254,0.0516,0.1072,0.0512,,,143248,185273
091,2005,0.7758,0.3853,0.3767,0.0572,0.0942,0.0548,,,154115,198643
092,2005,0.7955,0.3355,0.4095,0.0679,0.1121,0.0468,,,191575,240830
093,2005,0.7831,0.3745,0.3491,0.0692,0.1321,0.0467,,,190431,243187
094,2005,0.7454,0.2715,0.396,0.1326,0.1104,0.061,,,137164,184010
095,2005,0.8086,0.2937,0.3316,0.1659,0.1437,0.0481,,,173952,215119
096,2005,0.7419,0.2512,0.4082,0.1542,0.0966,0.0621,,,142475,192045
097,2005,0.8129,0.3469,0.3193,0.1334,0.1372,0.0444,,,172806,212584
098,2005,0.7934,0.3768,0.3467,0.0821,0.1221,0.0431,,,179685,226476
099,2005,0.8184,0.4105,0.3052,0.0815,0.147,0.0346,,,171115,209093
100,2005,0.7762,0.3985,0.3418,0.067,0.116,0.0445,,,165042,212632
101,2005,0.8288,0.3695,0.3359,0.088,0.1409,0.041,,,177035,213615
102,2005,0.7567,0.297,0.4176,0.0992,0.1002,0.0554,,,161257,213112
103,2005,0.7541,0.288,0.4037,0.0928,0.1065,0.0709,,,166375,220640
104,2005,0.7714,0.3289,0.3839,0.0719,0.1261,0.0576,,,179124,232219
105,2005,0.8034,0.3768,0.3579,0.0697,0.1232,0.0439,,,165177,205589
106,2005,0.7945,0.3534,0.3861,0.0657,0.1184,0.0498,,,135236,170221
107,2005,0.7883,0.354,0.3364,0.0963,0.1423,0.0486,,,170004,215651
108,2005,0.7589,0.3218,0.3874,0.0958,0.1047,0.059,,,146767,193401
109,2005,0.7732,0.4034,0.353,0.0602,0.1129,0.0398,,,164493,212741
110,2005,0.7254,0.3902,0.3453,0.0625,0.1206,0.0526,,,141494,195069
111,2005,0.7939,0.3856,0.335,0.0718,0.1368,0.0432,,,161147,202982
112,2005,0.7852,0.3968,0.3369,0.0666,0.1284,0.0436,,,177272,225763
113,2005,0.7786,0.4444,0.3308,0.0557,0.1069,0.0381,,,173899,223341
114,2005,0.8028,0.3313,0.4447,0.0628,0.0894,0.0474,,,164457,204858
115,2005,0.7813,0.3056,0.4384,0.0774,0.1005,0.0512,,,142804,182775
116,2005,0.7744,0.2439,0.4994,0.0832,0.0671,0.0729,,,145909,188411
117,2005,0.7114,0.2113,0.5529,0.0603,0.0546,0.0788,,,116258,163423
118,2005,0.7787,0.2327,0.5391,0.0691,0.0631,0.066,,,166618,213983
119,2005,0.7956,0.2749,0.4764,0.0751,0.081,0.063,,,157290,197688
120,2005,0.7264,0.2385,0.5154,0.0705,0.0629,0.0741,,,126509,174161
121,2005,0.816,0.3089,0.4198,0.097,0.0941,0.0561,,,163555,200447
122,2005,0.772,0.2841,0.5073,0.0566,0.0615,0.0625,,,136212,176449
123,2005,0.7863,0.2868,0.514,0.0543,0.0627,0.0554,,,154197,196107
124,2005,0.7362,0.232,0.5375,0.0571,0.0547,0.0789,,,142477,193519
125,2005,0.7891,0.4443,0.3474,0.0552,0.0969,0.0358,,,155261,196748
126,2005,0.7923,0.2811,0.5043,0.056,0.0652,0.0637,,,166096,209649
127,2005,0.8185,0.4974,0.3018,0.0514,0.0997,0.0313,,,157139,191988
128,2005,0.8305,0.449,0.3147,0.0712,0.1098,0.0353,,,154087,185527
129,2005,0.8121,0.3666,0.4132,0.0647,0.0967,0.038,,,153522,189035
130,2005,0.8301,0.3557,0.3529,0.1339,0.103,0.04,,,169999,204797
131,2005,0.8098,0.4229,0.351,0.0604,0.1058,0.0388,,,169657,209515
132,2005,0.7948,0.4193,0.3454,0.0663,0.1022,0.0405,,,181941,228920
133,2005,0.7998,0.3178,0.3918,0.1196,0.0852,0.0596,,,198212,247826
134,2005,0.7829,0.3521,0.4074,0.0664,0.0948,0.0501,,,183164,233966
135,2005,0.7817,0.3484,0.4105,0.0624,0.0959,0.0489,,,163935,209727
136,2005,0.8028,0.331,0.4305,0.0649,0.0961,0.0445,,,141032,175671
137,2005,0.7964,0.4202,0.3387,0.0597,0.1081,0.0409,,,173748,218164
138,2005,0.7875,0.4989,0.276,0.057,0.101,0.037,,,187143,237651
139,2005,0.7661,0.2988,0.4582,0.0643,0.0856,0.0577,,,170222,222204
140,2005,0.8021,0.2637,0.4719,0.0853,0.0914,0.0588,,,148698,185393
141,2005,0.7942,0.2518,0.4919,0.0926,0.0662,0.0695,,,172973,217794
142,2005,0.7633,0.2247,0.5397,0.0648,0.0543,0.078,,,147020,192599
143,2005,0.7603,0.2498,0.4824,0.1025,0.0775,0.0633,,,163470,214994
144,2005,0.746,0.248,0.5078,0.0823,0.0713,0.0653,,,158010,211796
145,2005,0.8021,0.2661,0.5028,0.0715,0.0778,0.0543,,,163816,204227
146,2005,0.7679,0.3097,0.479,0.0544,0.0753,0.0539,,,185247,241232
147,2005,0.7834,0.3909,0.3748,0.0584,0.1055,0.0445,,,180932,230957
148,2005,0.794,0.4661,0.3365,0.0408,0.0965,0.036,,,167361,210773
149,2005,0.7811,0.366,0.3904,0.0576,0.0945,0.0522,,,171326,219343
150,2005,0.7739,0.4263,0.343,0.049,0.1075,0.0439,,,166389,215002
151,2005,0.7647,0.3678,0.3982,0.052,0.0951,0.0519,,,163134,213340
152,2005,0.7426,0.304,0.2529,0.0349,0.0898,0.2455,,,169965,228874
153,2005,0.7374,0.258,0.3198,0.0658,0.0809,0.2252,,,145292,197046
154,2005,0.754,0.2325,0.3254,0.0996,0.0763,0.2251,,,152886,202762
155,2005,0.7596,0.3086,0.2651,0.0405,0.092,0.2268,,,178722,235291
156,2005,0.7691,0.3019,0.2265,0.034,0.1,0.2429,,,164009,213261
157,2005,0.7429,0.328,0.2038,0.0385,0.0933,0.2396,,,150950,203180
158,2005,0.759,0.3362,0.2017,0.0326,0.099,0.2371,,,131532,173300
159,2005,0.7757,0.3513,0.201,0.0415,0.1087,0.1977,,,170475,219769
160,2005,0.7225,0.244,0.2793,0.071,0.1663,0.1974,,,158437,219283
161,2005,0.7786,0.2969,0.2416,0.0898,0.1106,0.1944,,,194765,250162
162,2005,0.7754,0.338,0.2019,0.0321,0.1214,0.2127,,,152692,196926
163,2005,0.759,0.3252,0.2223,0.0344,0.103,0.2314,,,171671,226193
164,2005,0.7605,0.2432,0.2668,0.055,0.0981,0.2637,,,158095,207889
165,2005,0.7666,0.3134,0.2437,0.035,0.0957,0.2314,,,145663,190023
166,2005,0.7645,0.3329,0.2086,0.0262,0.0944,0.2329,,,139486,182448
167,2005,0.7483,0.2934,0.2561,0.0341,0.0929,0.2554,,,144589,193220
168,2005,0.75,0.3003,0.2514,0.0381,0.1027,0.23,,,166303,221730
169,2005,0.7946,0.3021,0.4414,0.0748,0.0977,0.054,,,154436,194361
170,2005,0.7846,0.265,0.4388,0.1189,0.0822,0.0676,,,173306,220889
171,2005,0.7913,0.2985,0.4525,0.0673,0.0876,0.0592,,,149474,188904
172,2005,0.7979,0.2859,0.4501,0.0721,0.0987,0.0575,,,156803,196524
173,2005,0.7826,0.3189,0.3888,0.1007,0.0937,0.062,,,143978,183984
174,2005,0.7566,0.3449,0.3729,0.0751,0.1073,0.0574,,,160766,212485
175,2005,0.7728,0.3199,0.3642,0.0999,0.1236,0.058,,,174567,225883
176,2005,0.7915,0.4347,0.3053,0.0608,0.1056,0.0485,,,188829,238580
177,2005,0.8169,0.3738,0.2959,0.0984,0.1557,0.0456,,,148635,181959
178,2005,0.7868,0.3461,0.3468,0.0914,0.1244,0.0497,,,191145,242940
179,2005,0.7967,0.398,0.3185,0.0877,0.1251,0.0407,,,175769,220619
180,2005,0.7555,0.3214,0.3263,0.1332,0.1332,0.0515,,,140838,186409
181,2005,0.7884,0.351,0.344,0.0912,0.1165,0.0546,,,188752,239412
182,2005,0.833,0.4009,0.273,0.0997,0.1639,0.0361,,,161332,193679
183,2005,0.7417,0.2953,0.3105,0.1555,0.129,0.0702,,,135863,183183
184,2005,0.7729,0.2915,0.2988,0.1751,0.1384,0.0648,,,157455,203726
185,2005,0.8001,0.3015,0.3925,0.1074,0.1068,0.0514,,,135836,169776
186,2005,0.7718,0.3603,0.3202,0.1087,0.1255,0.0514,,,170268,220625
187,2005,0.7984,0.3038,0.3654,0.1415,0.1081,0.0526,,,183416,229735
188,2005,0.8021,0.3554,0.3461,0.095,0.1172,0.0481,,,187764,234100
189,2005,0.7936,0.3654,0.3533,0.0864,0.1116,0.0426,,,158094,199215
190,2005,0.7595,0.3237,0.2831,0.0393,0.084,0.2237,,,158345,208484
191,2005,0.7511,0.2639,0.3131,0.0429,0.0755,0.2474,,,155366,206854
192,2005,0.7475,0.2657,0.2854,0.0398,0.0798,0.268,,,155082,207463
193,2005,0.7578,0.2645,0.3079,0.0441,0.0763,0.247,,,165851,218863
194,2005,0.758,0.2267,0.3085,0.0819,0.0759,0.2585,,,169272,223315
195,2005,0.7664,0.2145,0.3092,0.0661,0.0819,0.2767,,,190472,248530
196,2005,0.7566,0.2677,0.2763,0.0383,0.0889,0.2659,,,144322,190763
197,2005,0.7547,0.2492,0.2937,0.0366,0.0747,0.2778,,,181086,239958
198,2005,0.7401,0.2473,0.3028,0.0396,0.0778,0.2776,,,158033,213525
199,2005,0.7842,0.3864,0.3576,0.0615,0.1117,0.0509,,,190310,242693
200,2005,0.7867,0.4311,0.3178,0.0598,0.1219,0.0453,,,152517,193865
201,2005,0.7755,0.3814,0.3511,0.0745,0.1197,0.0482,,,152025,196029
202,2005,0.7955,0.424,0.3053,0.0566,0.1371,0.0486,,,143887,180870
203,2005,0.77,0.3363,0.3854,0.0652,0.1183,0.0599,,,147733,191864
204,2005,0.784,0.4392,0.3004,0.0574,0.1284,0.0461,,,132623,169169
205,2005,0.7759,0.3608,0.3616,0.0886,0.1048,0.0578,,,143881,185437
206,2005,0.7894,0.3855,0.3383,0.0667,0.1244,0.0505,,,167673,212396
207,2005,0.8116,0.3398,0.334,0.1198,0.129,0.0459,,,198652,244758
208,2005,0.7936,0.3341,0.3794,0.0725,0.115,0.053,,,157641,198651
209,2005,0.7853,0.3373,0.3736,0.0697,0.1041,0.0579,,,169870,216306
210,2005,0.8079,0.3753,0.3309,0.0817,0.1165,0.0486,,,177506,219704
211,2005,0.7648,0.2956,0.3888,0.0705,0.104,0.0878,,,179680,234939
212,2005,0.7796,0.3695,0.3238,0.0509,0.1063,0.086,,,146241,187595
213,2005,0.7992,0.3716,0.3257,0.0795,0.121,0.0484,,,167742,209895
214,2005,0.7513,0.583,0.2009,0.0559,0.0845,0.027,,,124868,166212
215,2005,0.8155,0.526,0.2137,0.0886,0.1052,0.0272,,,146284,179381
216,2005,0.795,0.5202,0.2231,0.0817,0.1018,0.0314,,,157045,197541
217,2005,0.8197,0.4973,0.2328,0.1012,0.1088,0.0275,,,199138,242940
218,2005,0.7618,0.5265,0.2629,0.0575,0.0767,0.0316,,,187323,245899
219,2005,0.7508,0.3623,0.2991,0.1481,0.121,0.0403,,,152262,202793
220,2005,0.7765,0.3848,0.2854,0.1361,0.1306,0.0364,,,170380,219413
221,2005,0.77,0.3849,0.292,0.1351,0.1199,0.0389,,,154386,200500
222,2005,0.7767,0.3659,0.2846,0.1628,0.1188,0.0393,,,168905,217460
223,2005,0.835,0.4541,0.2396,0.1065,0.146,0.0257,,,189295,226705
224,2005,0.7796,0.5473,0.207,0.0784,0.0936,0.0252,,,173077,222020
225,2005,0.8155,0.5225,0.1917,0.0979,0.134,0.0228,,,202092,247824
226,2005,0.7768,0.5753,0.1977,0.071,0.0824,0.0278,,,157644,202947
227,2005,0.8005,0.537,0.2019,0.0848,0.1069,0.0284,,,195607,244362
228,2005,0.7084,0.5766,0.2048,0.0374,0.079,0.0375,,,109196,154154
229,2005,0.7686,0.5545,0.2162,0.06,0.0925,0.0303,,,186087,242102
230,2005,0.7168,0.5487,0.229,0.0497,0.0923,0.0349,,,132420,184728
231,2005,0.7403,0.6048,0.1986,0.0412,0.0739,0.0252,,,119605,161553
232,2005,0.7373,0.5951,0.2063,0.0333,0.0738,0.0341,,,127264,172616
233,2005,0.7808,0.5253,0.2606,0.0531,0.0743,0.035,,,166438,213156
234,2005,0.7639,0.4838,0.2605,0.0852,0.0896,0.0362,,,180592,236419
235,2005,0.7449,0.534,0.2629,0.0383,0.0698,0.0376,,,160516,215477
236,2005,0.7791,0.5071,0.3009,0.039,0.064,0.036,,,134636,172807
237,2005,0.7835,0.5053,0.238,0.0772,0.0906,0.035,,,135999,173588
238,2005,0.7761,0.481,0.2844,0.0614,0.091,0.0343,,,128398,165436
239,2005,0.7784,0.4545,0.3297,0.0511,0.0818,0.0374,,,128079,164542
240,2005,0.7585,0.441,0.3295,0.0502,0.0827,0.0438,,,141563,186643
241,2005,0.7931,0.5175,0.2668,0.047,0.0765,0.0359,,,137658,173566
242,2005,0.7725,0.4703,0.2905,0.072,0.078,0.0353,,,187535,242756
243,2005,0.8102,0.4145,0.3182,0.1064,0.0953,0.0331,,,139877,172655
244,2005,0.776,0.4227,0.3213,0.0804,0.0866,0.0418,,,190859,245961
245,2005,0.7605,0.3591,0.3361,0.1246,0.0903,0.0519,,,139713,183712
246,2005,0.7496,0.4008,0.3533,0.0748,0.0758,0.0486,,,137634,183616
247,2005,0.8206,0.4528,0.3205,0.074,0.0789,0.0351,,,183237,223294
248,2005,0.7918,0.4698,0.2666,0.078,0.105,0.0349,,,144283,182224
249,2005,0.7947,0.5311,0.2182,0.0559,0.0921,0.0488,,,175290,220582
250,2005,0.8013,0.5016,0.2684,0.0663,0.0853,0.0315,,,158422,197707
251,2005,0.7891,0.4805,0.259,0.0666,0.0865,0.0531,,,156430,198245
252,2005,0.8033,0.4279,0.2793,0.1118,0.0961,0.0387,,,178409,222087
253,2005,0.7357,0.4437,0.2797,0.1051,0.0913,0.0411,,,149458,203162
254,2005,0.8097,0.5296,0.2202,0.0743,0.1012,0.0292,,,191577,236590
255,2005,0.7847,0.5694,0.2205,0.0513,0.0832,0.0272,,,147222,187610
256,2005,0.7693,0.5164,0.2345,0.0643,0.1014,0.0321,,,179115,232818
257,2005,0.7812,0.5292,0.2094,0.0817,0.108,0.03,,,169643,217158
258,2005,0.7779,0.5648,0.1885,0.0665,0.1025,0.0282,,,186381,239599
259,2005,0.8104,0.3247,0.3017,0.1725,0.1369,0.039,,,145294,179288
260,2005,0.7715,0.3296,0.339,0.1262,0.1189,0.0484,,,138583,179622
261,2005,0.8159,0.3894,0.2934,0.1043,0.1402,0.0305,,,196769,241166
262,2005,0.8185,0.3795,0.3172,0.115,0.1181,0.0316,,,133889,163579
263,2005,0.8196,0.3886,0.2915,0.1114,0.1335,0.0289,,,164944,201242
264,2005,0.7878,0.3801,0.3147,0.0955,0.1228,0.0401,,,142455,180833
265,2005,0.8112,0.3844,0.2928,0.1116,0.1368,0.0321,,,176569,217671
266,2005,0.8126,0.3639,0.3195,0.1102,0.1292,0.0358,,,165170,203269
267,2005,0.8193,0.3795,0.3192,0.0939,0.1287,0.0327,,,179071,218571
268,2005,0.7714,0.3953,0.3237,0.0752,0.1164,0.0384,,,183367,237705
269,2005,0.7518,0.3985,0.3002,0.0923,0.1161,0.0366,,,165515,220164
270,2005,0.7794,0.4109,0.3054,0.0924,0.1083,0.0351,,,136784,175509
271,2005,0.7788,0.4202,0.3202,0.076,0.0986,0.0395,,,174933,224632
272,2005,0.7608,0.3285,0.3207,0.1473,0.1204,0.0496,,,150150,197356
273,2005,0.8088,0.4073,0.3067,0.0917,0.1206,0.0346,,,165906,205134
274,2005,0.7642,0.4155,0.315,0.0844,0.1101,0.0382,,,158399,207276
275,2005,0.8184,0.3352,0.3166,0.1523,0.1252,0.0433,,,170915,208852
276,2005,0.7369,0.3109,0.3712,0.1085,0.0995,0.0662,,,146286,198518
277,2005,0.7794,0.4675,0.275,0.0677,0.1064,0.0355,,,168380,216051
278,2005,0.8063,0.3971,0.3077,0.0951,0.1196,0.0411,,,155883,193332
279,2005,0.7991,0.4079,0.3095,0.0756,0.1181,0.0407,,,152375,190693
280,2005,0.7739,0.3916,0.3108,0.0843,0.1264,0.0401,,,169442,218955
281,2005,0.7752,0.4318,0.266,0.0804,0.1287,0.0326,,,153953,198594
282,2005,0.8042,0.2963,0.31,0.2277,0.0912,0.0492,,,165010,205189
283,2005,0.768,0.3471,0.3513,0.1259,0.1,0.0382,,,169552,220779
284,2005,0.7697,0.3784,0.3251,0.1165,0.1025,0.0395,,,160982,209138
285,2005,0.7542,0.4119,0.2924,0.0975,0.1135,0.0431,,,151908,201410
286,2005,0.7696,0.4484,0.2637,0.0702,0.1289,0.0313,,,153257,199140
287,2005,0.7718,0.4202,0.2773,0.0878,0.1289,0.0357,,,129388,167645
288,2005,0.7786,0.3731,0.2978,0.1212,0.1368,0.0382,,,150629,193465
289,2005,0.7722,0.4139,0.2977,0.109,0.1085,0.0322,,,136437,176676
290,2005,0.7987,0.384,0.296,0.1065,0.1372,0.0353,,,156407,195834
291,2005,0.8092,0.3529,0.2906,0.1621,0.1125,0.0426,,,148011,182904
292,2005,0.8,0.4204,0.2862,0.1056,0.113,0.0326,,,171930,214908
293,2005,0.7903,0.4982,0.2233,0.0889,0.1123,0.0272,,,185041,234130
294,2005,0.7901,0.4195,0.273,0.1158,0.1219,0.0328,,,190892,241595
295,2005,0.7652,0.4756,0.2467,0.0711,0.1189,0.0319,,,159441,208368
296,2005,0.7692,0.2647,0.3241,0.0792,0.0791,0.2089,,,161396,209832
297,2005,0.7991,0.3192,0.3314,0.0535,0.0759,0.1789,,,173032,216527
298,2005,0.8234,0.3349,0.3352,0.0464,0.0678,0.1694,,,153996,187024
299,2005,0.7882,0.2883,0.343,0.0573,0.0747,0.1817,,,161665,205095
001,2009,0.7252,0.3209,0.2626,0.138,0.152,0.0847,,,163329,225216
002,2009,0.72,0.3647,0.2453,0.1136,0.172,0.0672,,,134671,187047
003,2009,0.7225,0.347,0.2497,0.103,0.1754,0.0783,,,128320,177604
004,2009,0.7542,0.3387,0.267,0.1276,0.1595,0.0668,,,150018,198910
005,2009,0.7262,0.2541,0.2958,0.1722,0.1338,0.0938,,,145483,200347
006,2009,0.7307,0.321,0.2846,0.1257,0.1583,0.0715,,,127971,175132
007,2009,0.7565,0.3307,0.2632,0.1213,0.1656,0.0775,,,176188,232899
008,2009,0.7512,0.329,0.2511,0.12,0.1774,0.0807,,,180295,240010
009,2009,0.7329,0.3275,0.282,0.106,0.1762,0.0725,,,131917,179987
010,2009,0.7656,0.3313,0.2544,0.1247,0.1723,0.0777,,,181568,237144
011,2009,0.6907,0.2717,0.3015,0.1382,0.1415,0.0989,,,124624,180424
012,2009,0.6316,0.3289,0.1858,0.053,0.0954,0.2853,,,136923,216789
013,2009,0.6567,0.3091,0.2063,0.0576,0.0962,0.2752,,,120292,183166
014,2009,0.6581,0.27,0.1804,0.0837,0.095,0.311,,,130659,198527
015,2009,0.5983,0.3728,0.1285,0.0457,0.1118,0.2863,,,119369,199517
016,2009,0.6042,0.3677,0.123,0.0514,0.1044,0.2815,,,123824,204944
017,2009,0.6285,0.342,0.1745,0.0518,0.0999,0.2789,,,132878,211429
018,2009,0.6359,0.334,0.1561,0.0409,0.0852,0.3127,,,118231,185926
019,2009,0.661,0.2343,0.2811,0.1687,0.1157,0.1375,,,167220,252967
020,2009,0.7509,0.2622,0.2523,0.1891,0.1317,0.1212,,,130630,173956
021,2009,0.7621,0.2679,0.2681,0.1835,0.134,0.1047,,,142023,186357
022,2009,0.7874,0.3104,0.2531,0.1627,0.1563,0.0831,,,163012,207016
023,2009,0.691,0.3018,0.2878,0.1181,0.136,0.1092,,,150049,217147
024,2009,0.6529,0.2935,0.3015,0.1168,0.1184,0.1159,,,143119,219191
025,2009,0.7001,0.2459,0.3876,0.1043,0.1041,0.1145,,,132885,189804
026,2009,0.7125,0.391,0.2764,0.0752,0.1276,0.0875,,,164653,231076
027,2009,0.6966,0.2961,0.3105,0.0918,0.1468,0.1038,,,132735,190546
028,2009,0.7345,0.2811,0.2713,0.1541,0.1461,0.0972,,,158347,215591
029,2009,0.7136,0.3118,0.2873,0.1047,0.1446,0.0996,,,161584,226440
030,2009,0.7184,0.3479,0.3027,0.0885,0.1277,0.0888,,,135824,189058
031,2009,0.7365,0.3647,0.2686,0.1013,0.1426,0.0749,,,142114,192956
032,2009,0.7449,0.4719,0.2333,0.0678,0.1418,0.0547,,,169078,226979
033,2009,0.701,0.5447,0.1651,0.0531,0.1559,0.051,,,148935,212449
034,2009,0.7334,0.3385,0.2772,0.0996,0.157,0.0833,,,141838,193411
035,2009,0.7533,0.3198,0.2924,0.1188,0.1246,0.0963,,,144883,192320
036,2009,0.7234,0.3509,0.2759,0.1008,0.1404,0.0809,,,121941,168573
037,2009,0.779,0.34,0.2452,0.1222,0.1694,0.0735,,,148918,191159
038,2009,0.7423,0.2866,0.2484,0.181,0.1255,0.1012,,,131466,177098
039,2009,0.7336,0.3881,0.2648,0.0923,0.1474,0.0713,,,144630,197143
040,2009,0.7467,0.34,0.267,0.1297,0.1401,0.0834,,,143711,192473
041,2009,0.7229,0.3221,0.3295,0.0973,0.1246,0.0764,,,143398,198376
042,2009,0.7295,0.265,0.3115,0.1463,0.1283,0.0932,,,131369,180088
043,2009,0.7375,0.2433,0.298,0.1775,0.1157,0.1062,,,140587,190623
044,2009,0.7569,0.3346,0.306,0.0977,0.1408,0.0724,,,175757,232214
045,2009,0.7231,0.3564,0.2728,0.095,0.1434,0.0757,,,157137,217316
046,2009,0.7422,0.3335,0.3285,0.0893,0.1123,0.0836,,,161017,216957
047,2009,0.7254,0.2915,0.3336,0.0943,0.1397,0.0914,,,143185,197394
048,2009,0.7656,0.3152,0.3281,0.1044,0.1214,0.0767,,,183314,239450
049,2009,0.7519,0.3183,0.3288,0.1048,0.1132,0.081,,,167520,222804
050,2009,0.7391,0.3071,0.342,0.0884,0.106,0.1002,,,157578,213208
051,2009,0.7367,0.29,0.2874,0.1433,0.1145,0.0994,,,139948,189975
052,2009,0.7201,0.3395,0.3176,0.0884,0.1057,0.0847,,,135261,187831
053,2009,0.7289,0.3,0.3302,0.0842,0.1393,0.0972,,,156221,214330
054,2009,0.7418,0.2876,0.2964,0.144,0.1342,0.0889,,,166515,224468
055,2009,0.7347,0.2487,0.2815,0.1749,0.113,0.1337,,,188189,256131
056,2009,0.6678,0.2274,0.328,0.1293,0.098,0.154,,,154838,231847
057,2009,0.6291,0.2373,0.2804,0.0437,0.0864,0.291,,,108017,171705
058,2009,0.6251,0.2386,0.2603,0.0463,0.0769,0.3096,,,105814,169284
059,2009,0.6861,0.2485,0.2567,0.0775,0.1145,0.2329,,,171514,249983
060,2009,0.6808,0.2161,0.2159,0.0603,0.0904,0.3363,,,173707,255165
061,2009,0.6443,0.2395,0.2766,0.0485,0.0802,0.2861,,,128273,199083
062,2009,0.7283,0.2145,0.2605,0.1071,0.1054,0.254,,,174226,239221
063,2009,0.6901,0.2363,0.2589,0.0599,0.0973,0.2715,,,170204,246651
064,2009,0.6677,0.2249,0.2415,0.055,0.0886,0.3139,,,139228,208525
065,2009,0.6527,0.2436,0.2407,0.0489,0.0901,0.2933,,,128179,196389
066,2009,0.6546,0.274,0.2294,0.0347,0.0889,0.28,,,126140,192709
067,2009,0.6185,0.3023,0.177,0.0473,0.0882,0.3359,,,112980,182677
068,2009,0.6108,0.315,0.179,0.0425,0.1074,0.3061,,,146265,239481
069,2009,0.6092,0.3135,0.1717,0.0504,0.0937,0.3225,,,144340,236946
070,2009,0.6015,0.2803,0.1877,0.0684,0.0918,0.3214,,,152948,254287
071,2009,0.6231,0.3166,0.1634,0.0507,0.1044,0.3121,,,122932,197289
072,2009,0.5761,0.3053,0.1661,0.0373,0.1056,0.3334,,,143128,248457
073,2009,0.6261,0.2689,0.1576,0.0868,0.1161,0.317,,,139785,223268
074,2009,0.5956,0.3181,0.1561,0.0379,0.1132,0.3189,,,127503,214081
075,2009,0.5896,0.2956,0.1568,0.0371,0.1087,0.349,,,136840,232086
076,2009,0.6761,0.1897,0.212,0.2204,0.1037,0.1925,,,133355,197252
077,2009,0.7152,0.172,0.1823,0.1979,0.0832,0.2754,,,166099,232250
078,2009,0.7238,0.3293,0.2144,0.1353,0.1585,0.0929,,,132532,183112
079,2009,0.6875,0.2998,0.2348,0.1327,0.1474,0.1098,,,126799,184436
080,2009,0.7951,0.3112,0.2021,0.1935,0.1693,0.0719,,,172795,217335
081,2009,0.7677,0.2651,0.2138,0.2205,0.1639,0.0867,,,150356,195857
082,2009,0.7429,0.267,0.2139,0.2156,0.1377,0.1,,,172928,232759
083,2009,0.6716,0.2589,0.2138,0.1756,0.1275,0.1392,,,132613,197444
084,2009,0.7225,0.1186,0.2021,0.2736,0.0612,0.2502,,,160861,222647
085,2009,0.7128,0.1844,0.1973,0.11,0.08,0.337,,,142838,200391
086,2009,0.6337,0.1806,0.165,0.0698,0.0769,0.4078,,,128897,203416
087,2009,0.6484,0.1633,0.173,0.0879,0.0663,0.4116,,,132766,204766
088,2009,0.7361,0.3189,0.2243,0.1609,0.1509,0.0846,,,130211,176885
089,2009,0.7036,0.3347,0.2901,0.0788,0.1484,0.0942,,,160816,228546
090,2009,0.7023,0.415,0.2147,0.0717,0.1642,0.0819,,,131761,187605
091,2009,0.7206,0.3772,0.2549,0.0781,0.1505,0.0839,,,144058,199907
092,2009,0.7336,0.342,0.276,0.0908,0.1659,0.0743,,,180037,245417
093,2009,0.7175,0.3669,0.2346,0.0872,0.1845,0.0757,,,176069,245382
094,2009,0.6799,0.2717,0.2684,0.1591,0.1508,0.0961,,,127011,186798
095,2009,0.7689,0.283,0.2195,0.1984,0.1904,0.0708,,,172562,224430
096,2009,0.6814,0.251,0.2784,0.1865,0.1296,0.1018,,,134252,197023
097,2009,0.7644,0.3113,0.2253,0.1602,0.1897,0.0701,,,167574,219218
098,2009,0.7218,0.3543,0.23,0.1051,0.1906,0.0705,,,167034,231404
099,2009,0.7635,0.3717,0.2077,0.1056,0.2178,0.055,,,161746,211859
100,2009,0.7105,0.3827,0.2399,0.0864,0.1685,0.0746,,,150609,211963
101,2009,0.7731,0.3547,0.2326,0.1125,0.1906,0.0656,,,166669,215582
102,2009,0.6866,0.2981,0.2829,0.1247,0.1427,0.0947,,,146460,213303
103,2009,0.6698,0.2862,0.2741,0.1277,0.1359,0.1169,,,145089,216614
104,2009,0.7054,0.3195,0.2673,0.102,0.1626,0.0939,,,162192,229927
105,2009,0.7372,0.3491,0.2466,0.1033,0.1816,0.0698,,,150715,204450
106,2009,0.7286,0.3376,0.2696,0.0935,0.1694,0.081,,,122690,168402
107,2009,0.7314,0.333,0.2249,0.1261,0.1997,0.0755,,,159600,218215
108,2009,0.6882,0.3064,0.2612,0.1266,0.1545,0.0992,,,134823,195910
109,2009,0.7008,0.3738,0.2483,0.0818,0.175,0.0658,,,149942,213950
110,2009,0.6392,0.3505,0.2446,0.0886,0.1804,0.0834,,,124190,194294
111,2009,0.7329,0.3592,0.2398,0.0935,0.1931,0.0676,,,149731,204291
112,2009,0.7215,0.3793,0.2258,0.0887,0.1848,0.0734,,,164366,227805
113,2009,0.701,0.4221,0.2348,0.0788,0.1611,0.061,,,158453,226029
114,2009,0.7291,0.3311,0.3216,0.0859,0.1299,0.0847,,,151261,207451
115,2009,0.7087,0.3028,0.3198,0.0993,0.1417,0.0892,,,129601,182878
116,2009,0.6907,0.2655,0.3627,0.0956,0.1003,0.1159,,,128326,185802
117,2009,0.5989,0.2318,0.4071,0.07,0.0837,0.1375,,,95554,159541
118,2009,0.6977,0.2441,0.3943,0.0913,0.1029,0.1115,,,148108,212283
119,2009,0.7227,0.2712,0.3555,0.0952,0.1323,0.095,,,140658,194638
120,2009,0.6299,0.235,0.3903,0.089,0.1026,0.1165,,,107997,171457
121,2009,0.755,0.3002,0.3099,0.1203,0.1407,0.0826,,,149281,197729
122,2009,0.7097,0.2832,0.3552,0.0814,0.1098,0.1158,,,124037,174767
123,2009,0.7198,0.2909,0.3679,0.0741,0.1095,0.1052,,,140361,194999
124,2009,0.649,0.2324,0.4196,0.0693,0.0902,0.1206,,,121673,187486
125,2009,0.7173,0.4163,0.2453,0.0773,0.1566,0.0646,,,143677,200304
126,2009,0.7118,0.2869,0.3712,0.0699,0.1101,0.1063,,,148523,208655
127,2009,0.7512,0.4577,0.2208,0.0737,0.1654,0.0493,,,147728,196659
128,2009,0.773,0.4261,0.2188,0.0937,0.1655,0.0585,,,146369,189353
129,2009,0.7451,0.3586,0.3056,0.0939,0.1404,0.065,,,143782,192966
130,2009,0.7771,0.3374,0.2372,0.172,0.1472,0.0674,,,163921,210934
131,2009,0.7394,0.4061,0.2436,0.0946,0.1533,0.0636,,,156217,211287
132,2009,0.7223,0.3897,0.2556,0.0964,0.1485,0.0653,,,168245,232944
133,2009,0.7303,0.3043,0.3004,0.1405,0.1115,0.096,,,180441,247085
134,2009,0.7063,0.3252,0.3291,0.0866,0.135,0.079,,,165115,233781
135,2009,0.7046,0.3562,0.3248,0.0788,0.1243,0.0714,,,147381,209155
136,2009,0.7324,0.321,0.3454,0.0813,0.1317,0.0717,,,127817,174517
137,2009,0.7299,0.3771,0.2897,0.0751,0.1483,0.0658,,,158321,216917
138,2009,0.7088,0.4304,0.2049,0.0858,0.169,0.0609,,,172558,243442
139,2009,0.6921,0.3034,0.3291,0.0909,0.1224,0.0969,,,150712,217768
140,2009,0.7406,0.2673,0.3485,0.1134,0.1248,0.0937,,,135860,183435
141,2009,0.7175,0.2481,0.3628,0.1189,0.1077,0.108,,,153800,214358
142,2009,0.6808,0.2266,0.4023,0.0875,0.0916,0.1285,,,128511,188777
143,2009,0.6971,0.2447,0.3301,0.136,0.1203,0.1099,,,149331,214213
144,2009,0.676,0.2433,0.3564,0.1113,0.1144,0.1152,,,141167,208840
145,2009,0.7338,0.2623,0.3762,0.0934,0.1206,0.0939,,,148909,202933
146,2009,0.6979,0.318,0.3339,0.0773,0.1208,0.0962,,,167422,239907
147,2009,0.7101,0.3661,0.2542,0.0862,0.1694,0.0763,,,165293,232781
148,2009,0.7269,0.4194,0.2441,0.0628,0.1629,0.0669,,,152242,209440
149,2009,0.7183,0.3479,0.2888,0.0862,0.1486,0.0797,,,156878,218411
150,2009,0.7056,0.3973,0.2441,0.0695,0.1675,0.0723,,,151127,214196
151,2009,0.6966,0.3543,0.2873,0.0729,0.1419,0.0857,,,146986,210993
152,2009,0.6143,0.3561,0.1568,0.0443,0.1273,0.2572,,,109628,178447
153,2009,0.6413,0.2998,0.1798,0.0894,0.1284,0.2553,,,129834,202455
154,2009,0.6794,0.2612,0.183,0.147,0.1189,0.2551,,,144581,212804
155,2009,0.6421,0.3673,0.1596,0.0515,0.1315,0.238,,,148389,231084
156,2009,0.6468,0.3751,0.1305,0.0579,0.1455,0.227,,,140109,216629
157,2009,0.6517,0.3878,0.1241,0.0422,0.1376,0.2437,,,154966,237786
158,2009,0.6266,0.3739,0.1262,0.0476,0.1306,0.2462,,,149737,238958
159,2009,0.6548,0.403,0.1204,0.0529,0.1433,0.2085,,,141214,215674
160,2009,0.6816,0.3425,0.1568,0.1091,0.1324,0.2198,,,157220,230676
161,2009,0.6686,0.3383,0.141,0.1309,0.1427,0.2023,,,154609,231247
162,2009,0.6439,0.3852,0.1319,0.0439,0.1393,0.2446,,,143690,223149
163,2009,0.6618,0.3054,0.1709,0.0708,0.1275,0.2859,,,136100,205652
164,2009,0.6574,0.3751,0.1456,0.0453,0.1292,0.255,,,133277,202743
165,2009,0.6447,0.3853,0.1202,0.0377,0.1406,0.2522,,,159655,247624
166,2009,0.6344,0.3589,0.1488,0.0448,0.1214,0.2766,,,145614,229535
167,2009,0.6425,0.3667,0.1498,0.0502,0.125,0.2609,,,137330,213732
168,2009,0.732,0.2994,0.3303,0.0983,0.1472,0.0849,,,140808,192360
169,2009,0.7233,0.2554,0.3126,0.1484,0.1261,0.1124,,,161033,222636
170,2009,0.7363,0.3026,0.3437,0.0808,0.1327,0.0979,,,135727,184337
171,2009,0.742,0.2895,0.3394,0.0923,0.1416,0.0924,,,144490,194732
172,2009,0.731,0.3107,0.2865,0.1269,0.1308,0.099,,,135293,185071
173,2009,0.6959,0.347,0.2788,0.0921,0.1455,0.0835,,,147952,212611
174,2009,0.7253,0.3102,0.2728,0.1163,0.1585,0.0901,,,165668,228413
175,2009,0.7383,0.408,0.2006,0.0849,0.1765,0.0772,,,177038,239786
176,2009,0.7741,0.3594,0.2143,0.1143,0.2015,0.0665,,,141075,182246
177,2009,0.7451,0.3339,0.2507,0.107,0.1758,0.0761,,,183820,246697
178,2009,0.7524,0.3721,0.2222,0.1052,0.1866,0.0663,,,166456,221226
179,2009,0.7117,0.3112,0.2355,0.1415,0.1768,0.0864,,,133425,187479
180,2009,0.7383,0.3256,0.2415,0.1107,0.174,0.0867,,,178604,241923
181,2009,0.7966,0.3714,0.1924,0.119,0.2166,0.0567,,,155748,195505
182,2009,0.6968,0.2764,0.2233,0.1584,0.1746,0.1116,,,132429,190058
183,2009,0.7379,0.2791,0.2153,0.1828,0.1751,0.0997,,,156548,212140
184,2009,0.7437,0.2994,0.2797,0.1251,0.1486,0.0886,,,128119,172278
185,2009,0.7182,0.3186,0.2223,0.1284,0.1837,0.0893,,,158857,221180
186,2009,0.7552,0.2879,0.2515,0.1715,0.1531,0.0858,,,176435,233622
187,2009,0.7527,0.3298,0.2488,0.1128,0.1728,0.078,,,176808,234911
188,2009,0.7426,0.3453,0.2455,0.1077,0.1732,0.0748,,,148308,199708
189,2009,0.6663,0.3846,0.1657,0.0483,0.1066,0.2402,,,136404,204717
190,2009,0.6497,0.3257,0.1847,0.05,0.0923,0.2827,,,131047,201700
191,2009,0.6368,0.3148,0.172,0.0481,0.1004,0.3008,,,127925,200901
192,2009,0.6523,0.3079,0.1964,0.0552,0.0898,0.2773,,,139919,214510
193,2009,0.6701,0.2793,0.1798,0.1045,0.0898,0.2794,,,151236,225708
194,2009,0.672,0.2759,0.1721,0.0813,0.1033,0.2991,,,164803,245228
195,2009,0.6416,0.3283,0.1649,0.0427,0.109,0.2865,,,116989,182336
196,2009,0.6435,0.3044,0.17,0.0452,0.0975,0.3089,,,148939,231447
197,2009,0.6304,0.2974,0.176,0.0525,0.094,0.3167,,,130502,207012
198,2009,0.7124,0.3605,0.2486,0.0824,0.1691,0.0903,,,172799,242568
199,2009,0.7122,0.3991,0.2112,0.0847,0.1891,0.0742,,,139346,195658
200,2009,0.7061,0.3601,0.2379,0.1008,0.1738,0.0825,,,138790,196560
201,2009,0.7258,0.3944,0.2073,0.0805,0.1901,0.0828,,,130191,179373
202,2009,0.6989,0.3312,0.2676,0.0846,0.1621,0.1086,,,133191,190569
203,2009,0.7128,0.4104,0.1906,0.0844,0.1913,0.082,,,120001,168357
204,2009,0.7217,0.3692,0.2231,0.121,0.1497,0.0961,,,138338,191691
205,2009,0.7239,0.35,0.2382,0.086,0.1853,0.087,,,154343,213225
206,2009,0.7588,0.3278,0.2298,0.1578,0.1541,0.0739,,,191097,251837
207,2009,0.729,0.3239,0.2706,0.101,0.1573,0.0837,,,147381,202156
208,2009,0.7057,0.3237,0.2676,0.0857,0.1486,0.1026,,,153455,217445
209,2009,0.7424,0.3596,0.2241,0.1023,0.1675,0.0837,,,164052,220974
210,2009,0.695,0.2823,0.2769,0.087,0.1432,0.1415,,,163350,235030
211,2009,0.7115,0.3452,0.2267,0.0667,0.1533,0.1328,,,131065,184220
212,2009,0.7289,0.343,0.2272,0.1021,0.1711,0.0858,,,156149,214215
213,2009,0.6746,0.5186,0.1333,0.0802,0.1257,0.0507,,,112507,166775
214,2009,0.7548,0.4388,0.1373,0.1254,0.1587,0.045,,,140360,185961
215,2009,0.7284,0.4466,0.1341,0.1239,0.1471,0.0547,,,149717,205531
216,2009,0.7638,0.4266,0.1575,0.125,0.1606,0.0475,,,190298,249131
217,2009,0.698,0.4962,0.1538,0.0818,0.1234,0.0613,,,176318,252615
218,2009,0.7158,0.3098,0.198,0.1746,0.1796,0.0682,,,158045,220785
219,2009,0.7373,0.3299,0.1897,0.1622,0.1862,0.0649,,,170334,231017
220,2009,0.7356,0.3302,0.1966,0.1695,0.1655,0.0686,,,155666,211617
221,2009,0.7473,0.3128,0.1878,0.1938,0.1706,0.0673,,,173138,231682
222,2009,0.7913,0.3982,0.1673,0.1273,0.1968,0.0452,,,185115,233952
223,2009,0.7149,0.4668,0.1271,0.1139,0.1448,0.0441,,,161912,226483
224,2009,0.7572,0.443,0.1281,0.1225,0.1911,0.0409,,,190092,251039
225,2009,0.6951,0.4879,0.1257,0.1157,0.1292,0.0504,,,142584,205115
226,2009,0.7378,0.456,0.1291,0.1146,0.1587,0.0489,,,183832,249153
227,2009,0.6133,0.4648,0.145,0.0659,0.1437,0.0803,,,94922,154767
228,2009,0.693,0.4866,0.1394,0.0885,0.1418,0.0564,,,171065,246833
229,2009,0.6355,0.448,0.1517,0.0773,0.1554,0.0785,,,118249,186068
230,2009,0.6445,0.5007,0.137,0.0657,0.1391,0.0556,,,104487,162109
231,2009,0.6512,0.5015,0.142,0.0532,0.1368,0.0652,,,112708,173068
232,2009,0.716,0.4513,0.1685,0.0843,0.1278,0.0699,,,153659,214616
233,2009,0.7035,0.4254,0.1733,0.1082,0.1356,0.0676,,,171002,243083
234,2009,0.6662,0.4715,0.1749,0.0604,0.1166,0.0797,,,143939,216044
235,2009,0.721,0.4436,0.201,0.0662,0.1172,0.0747,,,124026,172011
236,2009,0.7283,0.4491,0.1529,0.1057,0.137,0.065,,,129049,177197
237,2009,0.7137,0.4395,0.1893,0.094,0.1381,0.059,,,117290,164344
238,2009,0.7115,0.4298,0.2345,0.076,0.1169,0.0708,,,115851,162834
239,2009,0.6977,0.4154,0.2353,0.0698,0.1129,0.0848,,,126096,180735
240,2009,0.7408,0.4947,0.172,0.0687,0.1142,0.0632,,,128501,173473
241,2009,0.705,0.4011,0.1934,0.1018,0.1367,0.0717,,,171989,243953
242,2009,0.7664,0.3603,0.2096,0.1339,0.1488,0.0655,,,135845,177261
243,2009,0.7206,0.3563,0.2126,0.1142,0.1404,0.0824,,,179941,249703
244,2009,0.7123,0.2993,0.2221,0.1563,0.1383,0.0937,,,135154,189738
245,2009,0.6757,0.3455,0.2493,0.0989,0.1182,0.0948,,,124786,184672
246,2009,0.7605,0.3823,0.2145,0.1152,0.1368,0.0665,,,171076,224946
247,2009,0.7342,0.4009,0.1751,0.1136,0.1572,0.0665,,,135005,183872
248,2009,0.7379,0.4727,0.1481,0.0779,0.1385,0.0856,,,162052,219607
249,2009,0.7408,0.4374,0.1782,0.0984,0.1402,0.0644,,,147482,199081
250,2009,0.7298,0.4318,0.1716,0.0914,0.13,0.0924,,,146050,200116
251,2009,0.753,0.3876,0.1866,0.1445,0.1377,0.0628,,,170031,225807
252,2009,0.6594,0.3854,0.1861,0.1259,0.1315,0.0786,,,135957,206196
253,2009,0.7355,0.4583,0.1447,0.0937,0.157,0.0538,,,177024,240672
254,2009,0.7066,0.4893,0.1384,0.0767,0.1462,0.0576,,,133619,189097
255,2009,0.6985,0.4424,0.147,0.0879,0.162,0.0635,,,164678,235775
256,2009,0.7165,0.4487,0.1297,0.1129,0.1655,0.0556,,,158857,221708
257,2009,0.7024,0.4637,0.1223,0.0932,0.1688,0.0558,,,170224,242341
258,2009,0.7726,0.2793,0.1885,0.2198,0.1949,0.0668,,,142504,184454
259,2009,0.7138,0.2909,0.2089,0.1794,0.1727,0.0895,,,129259,181088
260,2009,0.7561,0.339,0.1911,0.1389,0.2087,0.0609,,,185176,244919
261,2009,0.76,0.3358,0.2079,0.1563,0.1843,0.0619,,,125558,165210
262,2009,0.7592,0.3344,0.1892,0.1497,0.2071,0.0566,,,154949,204091
263,2009,0.7199,0.331,0.2075,0.1331,0.1909,0.0729,,,129901,180442
264,2009,0.7471,0.3317,0.1936,0.1406,0.2071,0.0647,,,164521,220220
265,2009,0.7546,0.3261,0.2016,0.1498,0.1958,0.0673,,,156053,206805
266,2009,0.7616,0.3303,0.2002,0.1353,0.2057,0.0645,,,170674,224090
267,2009,0.7008,0.3482,0.2125,0.1018,0.1921,0.0737,,,168927,241035
268,2009,0.6914,0.3475,0.1839,0.1306,0.189,0.0761,,,154351,223234
269,2009,0.7178,0.3542,0.1952,0.1254,0.1854,0.0711,,,126601,176381
270,2009,0.7127,0.3685,0.205,0.1129,0.1689,0.0786,,,159936,224418
271,2009,0.7111,0.2863,0.2063,0.1839,0.174,0.0833,,,143521,201833
272,2009,0.7454,0.3609,0.2034,0.1179,0.1912,0.0649,,,155522,208654
273,2009,0.7005,0.3889,0.1908,0.116,0.1781,0.0703,,,146160,208664
274,2009,0.7692,0.3062,0.2195,0.1761,0.1765,0.0734,,,162920,211807
275,2009,0.676,0.2904,0.2465,0.1364,0.1503,0.1128,,,134143,198437
276,2009,0.71,0.4201,0.1846,0.0916,0.1694,0.0689,,,153296,215910
277,2009,0.7359,0.3517,0.2068,0.1178,0.1845,0.078,,,144215,195971
278,2009,0.7277,0.3605,0.2013,0.1015,0.1918,0.0773,,,141401,194304
279,2009,0.7059,0.3447,0.2002,0.1147,0.1972,0.0737,,,155907,220877
280,2009,0.7179,0.3804,0.1743,0.1031,0.2015,0.068,,,142812,198923
281,2009,0.7486,0.2712,0.21,0.2283,0.1406,0.0886,,,157681,210636
282,2009,0.6942,0.3225,0.2203,0.1551,0.1715,0.0701,,,156692,225703
283,2009,0.7018,0.3465,0.2037,0.1461,0.1653,0.0762,,,149482,213013
284,2009,0.6932,0.3756,0.1778,0.1316,0.1795,0.0775,,,141835,204619
285,2009,0.7044,0.387,0.163,0.0934,0.2186,0.0633,,,141391,200726
286,2009,0.7008,0.3634,0.1776,0.1163,0.2075,0.0683,,,117355,167458
287,2009,0.7091,0.3184,0.1892,0.1488,0.2133,0.0679,,,140167,197671
288,2009,0.7055,0.3664,0.1869,0.1376,0.1864,0.0629,,,125418,177784
289,2009,0.7348,0.3378,0.1799,0.1493,0.2006,0.0702,,,145837,198466
290,2009,0.7591,0.307,0.1888,0.1897,0.1706,0.0787,,,143896,189559
291,2009,0.7387,0.3592,0.1787,0.1439,0.1804,0.0669,,,161673,218867
292,2009,0.7217,0.4321,0.1369,0.1089,0.1884,0.0577,,,117289,162508
293,2009,0.731,0.3657,0.1661,0.1403,0.2025,0.0643,,,122655,167789
294,2009,0.7175,0.3757,0.1558,0.1436,0.1872,0.0658,,,130128,181362
295,2009,0.7017,0.3894,0.1565,0.0984,0.2148,0.0686,,,130436,185890
296,2009,0.7078,0.265,0.2388,0.0877,0.1221,0.2398,,,146713,207292
297,2009,0.7428,0.3237,0.2417,0.0653,0.1258,0.1988,,,159639,214924
298,2009,0.7723,0.3462,0.2541,0.0537,0.108,0.1916,,,142795,184896
299,2009,0.73,0.2911,0.2541,0.0635,0.118,0.2174,,,147047,201442
001,2013,0.7171,0.3819,0.3262,0.0979,0.0502,0.0566,0.0409,,162749,226944
002,2013,0.7065,0.4336,0.2967,0.0811,0.064,0.0441,0.0384,,131527,186177
003,2013,0.7153,0.4194,0.3001,0.0759,0.0615,0.0503,0.044,,126409,176731
004,2013,0.752,0.4079,0.3153,0.0926,0.0549,0.0436,0.0439,,149583,198903
005,2013,0.7136,0.3028,0.3467,0.1407,0.0532,0.0691,0.0371,,146452,205243
006,2013,0.7273,0.3877,0.3273,0.0922,0.0535,0.0477,0.047,,127093,174746
007,2013,0.76,0.406,0.3122,0.0862,0.0556,0.0502,0.0478,,179055,235610
008,2013,0.7503,0.4084,0.3012,0.0864,0.0575,0.0502,0.0497,,183250,244240
009,2013,0.7329,0.4116,0.3152,0.0804,0.0616,0.0434,0.0496,,131939,180022
010,2013,0.7585,0.4057,0.2973,0.0914,0.06,0.0494,0.0563,,182982,241257
011,2013,0.6855,0.3425,0.3414,0.1106,0.0475,0.0647,0.0432,,124711,181923
012,2013,0.675,0.4033,0.2155,0.0446,0.0225,0.2039,0.0528,,148614,220166
013,2013,0.6564,0.4211,0.1971,0.0403,0.0222,0.2131,0.0528,,137171,208976
014,2013,0.6826,0.3793,0.1924,0.0655,0.0193,0.2374,0.0544,,152820,223885
015,2013,0.6428,0.4496,0.146,0.0476,0.0262,0.206,0.0656,,157402,244880
016,2013,0.6359,0.4494,0.1476,0.0274,0.0199,0.2163,0.0605,,148874,234110
017,2013,0.6257,0.4509,0.1715,0.0334,0.0207,0.2151,0.0508,,136837,218688
018,2013,0.6559,0.2704,0.3352,0.1362,0.0389,0.109,0.0432,,168465,256862
019,2013,0.7433,0.2944,0.2975,0.1649,0.0547,0.108,0.0321,,135857,182776
020,2013,0.754,0.3106,0.3141,0.1558,0.0516,0.0857,0.0367,,143084,189772
021,2013,0.774,0.3647,0.3019,0.1253,0.0631,0.0653,0.0414,,163950,211824
022,2013,0.6726,0.3484,0.3463,0.0871,0.0451,0.0762,0.0488,,147153,218797
023,2013,0.6431,0.3377,0.3504,0.0918,0.0352,0.084,0.0471,,142704,221887
024,2013,0.703,0.3246,0.4382,0.0832,0.0326,0.0497,0.0312,,134256,190987
025,2013,0.7172,0.4877,0.309,0.0575,0.0395,0.041,0.0295,,166959,232784
026,2013,0.706,0.3836,0.3626,0.0735,0.0428,0.0515,0.0414,,134162,190034
027,2013,0.742,0.352,0.326,0.1244,0.0506,0.0649,0.0421,,163543,220409
028,2013,0.7145,0.3895,0.3411,0.0812,0.05,0.0548,0.0395,,162698,227719
029,2013,0.7309,0.4391,0.3349,0.0705,0.0362,0.0459,0.035,,137151,187640
030,2013,0.7444,0.4472,0.3093,0.0777,0.0418,0.0418,0.0453,,145131,194958
031,2013,0.7474,0.5609,0.2604,0.0541,0.0416,0.0302,0.0256,,170444,228051
032,2013,0.7109,0.6319,0.1977,0.0425,0.0464,0.0279,0.0234,,153769,216300
033,2013,0.7372,0.4351,0.3148,0.0819,0.0491,0.0451,0.0343,,142350,193097
034,2013,0.7484,0.3997,0.3311,0.0957,0.0366,0.0559,0.0383,,144923,193643
035,2013,0.7317,0.4364,0.3121,0.0848,0.0405,0.0457,0.0376,,122823,167867
036,2013,0.7843,0.4281,0.2831,0.0929,0.0487,0.0438,0.0598,,152819,194856
037,2013,0.7459,0.3682,0.2901,0.1427,0.0399,0.0695,0.0442,,133574,179069
038,2013,0.7333,0.4799,0.2937,0.0769,0.0459,0.0402,0.0282,,144853,197532
039,2013,0.7354,0.4303,0.3052,0.109,0.0416,0.0509,0.0267,,142840,194231
040,2013,0.7235,0.4002,0.363,0.0809,0.0355,0.0427,0.0392,,141773,195948
041,2013,0.717,0.3352,0.355,0.1228,0.0472,0.0624,0.0364,,129867,181122
042,2013,0.7311,0.2993,0.3467,0.1548,0.043,0.0799,0.0341,,141215,193157
043,2013,0.7584,0.4127,0.3307,0.0817,0.0498,0.0453,0.0402,,176671,232941
044,2013,0.7295,0.4404,0.3014,0.0775,0.0416,0.0455,0.0496,,157058,215285
045,2013,0.7454,0.4016,0.3607,0.0739,0.0352,0.0472,0.0361,,161941,217256
046,2013,0.718,0.3748,0.3636,0.0841,0.044,0.053,0.0408,,137839,191980
047,2013,0.761,0.3842,0.3595,0.0894,0.0399,0.0478,0.0384,,182963,240409
048,2013,0.7505,0.3868,0.3639,0.0895,0.0343,0.0498,0.0344,,164796,219571
049,2013,0.7302,0.3573,0.3926,0.0734,0.0343,0.0564,0.0396,,152599,208990
050,2013,0.7418,0.3403,0.3355,0.1238,0.0437,0.067,0.0358,,143752,193799
051,2013,0.7111,0.4112,0.3478,0.0683,0.0364,0.0489,0.0371,,133269,187425
052,2013,0.7173,0.3787,0.3802,0.0689,0.0414,0.0508,0.0389,,149429,208311
053,2013,0.7466,0.3591,0.3312,0.1222,0.0406,0.0635,0.0373,,165814,222102
054,2013,0.7192,0.3024,0.3312,0.1393,0.0392,0.1013,0.0343,,184512,256547
055,2013,0.6534,0.2808,0.3865,0.0993,0.0275,0.1008,0.0412,,148510,227276
056,2013,0.6389,0.3649,0.2508,0.0346,0.0225,0.2255,0.0466,,103904,162624
057,2013,0.628,0.3677,0.2272,0.0362,0.0209,0.2383,0.0483,,100634,160234
058,2013,0.7075,0.3621,0.2384,0.0565,0.0293,0.1835,0.0671,,177378,250706
059,2013,0.696,0.323,0.2179,0.0421,0.0223,0.2626,0.0641,,175093,251583
060,2013,0.6501,0.3402,0.2624,0.0375,0.0228,0.2289,0.0486,,124176,191014
061,2013,0.7444,0.3138,0.2486,0.0903,0.0328,0.2073,0.0572,,182227,244812
062,2013,0.7039,0.3477,0.227,0.0446,0.0272,0.2181,0.0637,,169480,240784
063,2013,0.6787,0.3335,0.2231,0.0396,0.022,0.2474,0.0645,,135293,199341
064,2013,0.6728,0.3575,0.2171,0.0354,0.0241,0.226,0.0692,,125920,187157
065,2013,0.6679,0.3952,0.1986,0.0266,0.0253,0.2173,0.0593,,118680,177689
066,2013,0.6259,0.4204,0.1901,0.0333,0.0214,0.2465,0.036,,107895,172378
067,2013,0.6216,0.4321,0.1958,0.0307,0.0287,0.217,0.0386,,141814,228139
068,2013,0.5893,0.4349,0.1875,0.0362,0.0227,0.2295,0.0378,,132539,224917
069,2013,0.6321,0.3748,0.2089,0.0558,0.0243,0.2399,0.0418,,154404,244267
070,2013,0.6496,0.4253,0.171,0.0395,0.0243,0.2279,0.0508,,120805,185954
071,2013,0.5942,0.4151,0.1681,0.0259,0.0257,0.2564,0.048,,140667,236732
072,2013,0.6525,0.377,0.1788,0.0721,0.0313,0.2438,0.0416,,143332,219667
073,2013,0.6158,0.4284,0.1629,0.0306,0.0277,0.2375,0.043,,123809,201043
074,2013,0.6106,0.4122,0.1714,0.0278,0.0294,0.2572,0.0411,,132983,217783
075,2013,0.6937,0.2263,0.2611,0.1674,0.0368,0.187,0.039,,141574,204085
076,2013,0.7439,0.235,0.2201,0.1406,0.0253,0.2515,0.0484,,175061,235344
077,2013,0.7297,0.4009,0.2638,0.0872,0.0436,0.0793,0.0603,,133484,182934
078,2013,0.6964,0.3657,0.2889,0.0825,0.038,0.095,0.0583,,130485,187363
079,2013,0.7979,0.3719,0.2558,0.1354,0.0638,0.0716,0.0534,,175539,220007
080,2013,0.7756,0.325,0.2707,0.1538,0.0682,0.0887,0.048,,153420,197797
081,2013,0.7532,0.3169,0.2742,0.1544,0.0409,0.1028,0.0458,,177205,235259
082,2013,0.6848,0.2902,0.2625,0.1389,0.0299,0.1426,0.0423,,140825,205635
083,2013,0.7428,0.1537,0.2401,0.2077,0.0216,0.2513,0.0279,,168048,226240
084,2013,0.736,0.2541,0.2133,0.0737,0.0199,0.2948,0.0554,,148406,201629
085,2013,0.6512,0.2597,0.192,0.0388,0.0174,0.3291,0.0636,,132817,203968
086,2013,0.6744,0.2309,0.2044,0.0583,0.0155,0.3457,0.0548,,138551,205457
087,2013,0.7472,0.3657,0.2734,0.1312,0.0631,0.0766,0.0311,,134447,179933
088,2013,0.7206,0.4088,0.326,0.063,0.049,0.0649,0.0329,,164576,228375
089,2013,0.7145,0.4932,0.2631,0.0553,0.0493,0.0521,0.0351,,134521,188266
090,2013,0.7293,0.4428,0.2966,0.0608,0.0495,0.0566,0.04,,145541,199550
091,2013,0.7386,0.4225,0.3082,0.0686,0.0573,0.0518,0.0373,,182970,247721
092,2013,0.7266,0.4505,0.2677,0.0715,0.0662,0.0517,0.0409,,178218,245268
093,2013,0.6945,0.3333,0.3097,0.122,0.055,0.0814,0.0408,,132837,191277
094,2013,0.79,0.3547,0.2633,0.1565,0.0813,0.0693,0.0325,,184162,233118
095,2013,0.7018,0.3057,0.3152,0.149,0.0452,0.0923,0.0322,,141714,201922
096,2013,0.7727,0.3628,0.2592,0.1367,0.0832,0.0634,0.0427,,175014,226487
097,2013,0.7366,0.4345,0.2698,0.082,0.0632,0.0556,0.044,,172653,234377
098,2013,0.7701,0.4534,0.2429,0.0867,0.0827,0.0456,0.0452,,164635,213791
099,2013,0.7206,0.4528,0.2698,0.0695,0.0567,0.0541,0.0503,,150899,209414
100,2013,0.7815,0.4369,0.2607,0.0901,0.0696,0.0505,0.0474,,169131,216414
101,2013,0.7008,0.3563,0.3268,0.0962,0.0486,0.0715,0.0391,,150030,214098
102,2013,0.6847,0.3298,0.324,0.0995,0.057,0.0868,0.0416,,145925,213132
103,2013,0.7117,0.3901,0.3026,0.0797,0.0607,0.0675,0.0431,,160929,226117
104,2013,0.7515,0.4297,0.2824,0.0765,0.0632,0.0511,0.0508,,154473,205564
105,2013,0.7435,0.4131,0.3089,0.0691,0.061,0.0546,0.0471,,123036,165493
106,2013,0.7539,0.4031,0.2644,0.0944,0.0916,0.0642,0.0421,,165028,218889
107,2013,0.7103,0.3698,0.3024,0.0971,0.0578,0.0775,0.0423,,139390,196250
108,2013,0.7196,0.4547,0.2788,0.0613,0.0616,0.0498,0.0411,,154444,214614
109,2013,0.662,0.4369,0.2815,0.0619,0.0589,0.0642,0.0417,,127559,192676
110,2013,0.7468,0.4471,0.2742,0.069,0.073,0.052,0.0385,,150999,202204
111,2013,0.7358,0.4629,0.266,0.067,0.0633,0.0537,0.0411,,167490,227631
112,2013,0.7168,0.486,0.2701,0.0615,0.0568,0.0457,0.0393,,161873,225823
113,2013,0.7421,0.3933,0.3492,0.0641,0.0474,0.0596,0.0372,,153981,207485
114,2013,0.7185,0.3686,0.3459,0.0731,0.0558,0.0659,0.0392,,131185,182593
115,2013,0.7114,0.3001,0.392,0.0693,0.0336,0.0788,0.0516,,121815,171223
116,2013,0.6362,0.2657,0.4295,0.0516,0.0278,0.088,0.0514,,105682,166103
117,2013,0.7066,0.301,0.4131,0.0659,0.0329,0.0805,0.0422,,147679,208991
118,2013,0.7362,0.3387,0.382,0.0705,0.0458,0.0643,0.0459,,140961,191475
119,2013,0.6466,0.2847,0.4165,0.071,0.0338,0.0812,0.0425,,108599,167962
120,2013,0.7718,0.3626,0.3313,0.0971,0.0573,0.0658,0.0388,,151040,195692
121,2013,0.7106,0.3382,0.3975,0.0638,0.0339,0.0682,0.0452,,122346,172167
122,2013,0.7176,0.3469,0.4007,0.0579,0.0355,0.0626,0.0405,,137426,191504
123,2013,0.6527,0.2769,0.4405,0.0548,0.0297,0.0759,0.0475,,118452,181476
124,2013,0.7332,0.4979,0.2809,0.0611,0.0508,0.0439,0.0282,,147449,201091
125,2013,0.7191,0.3483,0.4014,0.0546,0.0348,0.0625,0.0412,,148181,206061
126,2013,0.7621,0.5347,0.2555,0.0608,0.0527,0.0362,0.0269,,151387,198648
127,2013,0.7853,0.501,0.2564,0.0814,0.0561,0.0415,0.0284,,149678,190611
128,2013,0.7532,0.4333,0.3338,0.0759,0.0471,0.0467,0.0278,,146050,193909
129,2013,0.7907,0.3782,0.2717,0.1517,0.0678,0.0629,0.0293,,180093,227762
130,2013,0.7515,0.4712,0.2914,0.0722,0.0542,0.0438,0.0292,,158085,210355
131,2013,0.7234,0.4628,0.287,0.0787,0.0493,0.0498,0.0316,,168983,233596
132,2013,0.7267,0.3531,0.3263,0.1167,0.0397,0.0837,0.0342,,179625,247179
133,2013,0.7092,0.3936,0.3492,0.0759,0.042,0.0581,0.036,,163815,230975
134,2013,0.7052,0.4106,0.3439,0.0731,0.0461,0.0494,0.0359,,145637,206505
135,2013,0.7295,0.3927,0.3509,0.0735,0.0459,0.0513,0.0383,,125708,172330
136,2013,0.7307,0.4579,0.2968,0.0667,0.0482,0.0513,0.036,,155994,213488
137,2013,0.7128,0.5133,0.2333,0.0715,0.0504,0.0521,0.0362,,176149,247138
138,2013,0.6913,0.3529,0.367,0.0674,0.0454,0.0675,0.0438,,147183,212903
139,2013,0.7438,0.3307,0.3826,0.0907,0.0449,0.0638,0.0389,,134749,181174
140,2013,0.7303,0.3052,0.3862,0.0964,0.0385,0.079,0.0382,,154030,210904
141,2013,0.6898,0.2809,0.4385,0.0661,0.0282,0.0812,0.0395,,126927,184009
142,2013,0.6966,0.2896,0.3809,0.1073,0.0414,0.079,0.0411,,149031,213946
143,2013,0.6652,0.2912,0.4094,0.0833,0.0378,0.0777,0.041,,137503,206701
144,2013,0.7403,0.3192,0.4094,0.0789,0.0399,0.0623,0.0377,,148119,200068
145,2013,0.7028,0.3687,0.3848,0.0604,0.0372,0.0629,0.0334,,167338,238091
146,2013,0.7228,0.4477,0.3036,0.0696,0.0495,0.0525,0.0344,,167911,232311
147,2013,0.7367,0.4967,0.2803,0.0477,0.0508,0.047,0.0343,,151727,205948
148,2013,0.7257,0.4152,0.32,0.0642,0.0473,0.0576,0.0494,,156569,215751
149,2013,0.7137,0.4797,0.2821,0.0519,0.0517,0.0478,0.0413,,150469,210836
150,2013,0.7042,0.4147,0.3226,0.0555,0.0448,0.059,0.0496,,145197,206189
151,2013,0.6643,0.4491,0.154,0.0285,0.0264,0.206,0.0614,,112071,168695
152,2013,0.6577,0.369,0.1848,0.0692,0.0294,0.2129,0.0614,,138427,210456
153,2013,0.7001,0.3256,0.1891,0.1122,0.0301,0.2254,0.0506,,153935,219865
154,2013,0.6876,0.4581,0.152,0.0328,0.0288,0.1992,0.0641,,151537,220400
155,2013,0.7029,0.4513,0.1259,0.04,0.0367,0.1867,0.0712,,145679,207261
156,2013,0.694,0.4561,0.1217,0.028,0.0311,0.1993,0.0711,,155255,223726
157,2013,0.684,0.4408,0.1256,0.0336,0.0279,0.1959,0.0822,,152944,223614
158,2013,0.7096,0.4599,0.1094,0.0356,0.0321,0.1714,0.0788,,147427,207752
159,2013,0.742,0.3985,0.1545,0.079,0.0306,0.1899,0.069,,173167,233382
160,2013,0.7361,0.3861,0.1399,0.0952,0.0316,0.1814,0.0697,,173489,235691
161,2013,0.691,0.4532,0.133,0.0328,0.0344,0.2059,0.0628,,145578,210677
162,2013,0.6752,0.3894,0.1751,0.0533,0.0287,0.2305,0.0605,,135876,201249
163,2013,0.7025,0.4526,0.1448,0.0323,0.0271,0.1996,0.0728,,134560,191550
164,2013,0.6956,0.4605,0.1267,0.025,0.0367,0.1936,0.0763,,161718,232499
165,2013,0.6813,0.4442,0.1485,0.0319,0.0269,0.2127,0.0608,,148305,217679
166,2013,0.6873,0.4423,0.1601,0.0334,0.0281,0.202,0.0665,,138790,201934
167,2013,0.7307,0.365,0.3602,0.0809,0.048,0.0547,0.0504,,138632,189728
168,2013,0.7156,0.3091,0.3402,0.1271,0.04,0.0874,0.051,,160695,224555
169,2013,0.7294,0.3605,0.3687,0.0697,0.0394,0.0596,0.0558,,131446,180203
170,2013,0.7403,0.3559,0.3654,0.0766,0.0464,0.0543,0.054,,141665,191354
171,2013,0.709,0.3674,0.3342,0.1051,0.04,0.0682,0.0458,,130945,184686
172,2013,0.6969,0.4176,0.3033,0.0741,0.0442,0.0519,0.0581,,146943,210867
173,2013,0.7278,0.3867,0.2966,0.0966,0.0495,0.065,0.0487,,156652,215246
174,2013,0.7336,0.5111,0.2211,0.067,0.0487,0.0459,0.058,,154025,209960
175,2013,0.7259,0.4118,0.278,0.0765,0.0513,0.0546,0.0638,,131010,180491
176,2013,0.7685,0.4297,0.2473,0.0927,0.0755,0.0464,0.069,,139886,182026
177,2013,0.7509,0.409,0.2726,0.0936,0.0592,0.0516,0.0594,,131480,175085
178,2013,0.7513,0.4545,0.2515,0.0862,0.0626,0.045,0.0585,,165788,220668
179,2013,0.6976,0.387,0.2779,0.1167,0.0679,0.0591,0.0505,,132335,189698
180,2013,0.7231,0.3922,0.2864,0.0898,0.0531,0.0613,0.0591,,128280,177413
181,2013,0.7891,0.4384,0.2248,0.0991,0.0862,0.0422,0.0689,,155145,196605
182,2013,0.6828,0.3353,0.2682,0.1329,0.0704,0.0893,0.0534,,133575,195615
183,2013,0.729,0.3388,0.2634,0.1539,0.0699,0.0814,0.0488,,159914,219357
184,2013,0.7321,0.367,0.3055,0.1061,0.0466,0.0622,0.0561,,127383,174002
185,2013,0.7139,0.3884,0.2606,0.107,0.0638,0.0662,0.0583,,158240,221650
186,2013,0.7532,0.349,0.2853,0.1423,0.0506,0.0672,0.0519,,180790,240017
187,2013,0.7564,0.4086,0.2808,0.0906,0.0522,0.055,0.0574,,177273,234360
188,2013,0.7431,0.4243,0.2756,0.0866,0.0552,0.0486,0.0563,,148381,199685
189,2013,0.6816,0.4482,0.1527,0.0401,0.0277,0.1992,0.0529,,134013,196621
190,2013,0.6743,0.4022,0.1699,0.04,0.0244,0.225,0.0493,,129904,192663
191,2013,0.6688,0.3908,0.1542,0.0377,0.0292,0.2453,0.0573,,127906,191261
192,2013,0.6872,0.3825,0.1712,0.0461,0.0236,0.2211,0.0741,,141461,205859
193,2013,0.6977,0.3447,0.1762,0.0852,0.0261,0.2298,0.0605,,156367,224121
194,2013,0.7053,0.3484,0.1587,0.0691,0.0281,0.2559,0.0664,,168091,238320
195,2013,0.6793,0.4178,0.1424,0.0337,0.0266,0.2298,0.0748,,115990,170746
196,2013,0.6727,0.3792,0.159,0.0376,0.0246,0.2476,0.0678,,147040,218597
197,2013,0.6662,0.3968,0.1629,0.0397,0.0242,0.2498,0.051,,130631,196071
198,2013,0.7221,0.4558,0.2855,0.0623,0.0469,0.0524,0.0512,,173536,240333
199,2013,0.731,0.4883,0.2464,0.066,0.0561,0.0467,0.0521,,142594,195077
200,2013,0.7212,0.4503,0.2713,0.077,0.0539,0.0522,0.047,,142888,198113
201,2013,0.7368,0.4939,0.2458,0.0572,0.0626,0.0484,0.0419,,129262,175441
202,2013,0.7057,0.4109,0.3136,0.0633,0.0557,0.0577,0.0476,,132299,187473
203,2013,0.7173,0.5218,0.2233,0.0611,0.0609,0.0438,0.0364,,119298,166313
204,2013,0.7282,0.4397,0.2628,0.095,0.0494,0.0627,0.0414,,141134,193803
205,2013,0.735,0.4523,0.2781,0.0631,0.0523,0.0505,0.0512,,155100,211010
206,2013,0.765,0.3843,0.2667,0.1309,0.0656,0.055,0.0455,,196076,256317
207,2013,0.7375,0.3937,0.2984,0.0838,0.0591,0.0505,0.0559,,148928,201931
208,2013,0.7139,0.3899,0.2952,0.0724,0.0522,0.056,0.0605,,155005,217129
209,2013,0.7498,0.4366,0.2579,0.0855,0.0574,0.0483,0.0491,,165435,220643
210,2013,0.7021,0.3589,0.3268,0.0715,0.0458,0.0757,0.0444,,163010,232164
211,2013,0.7132,0.4369,0.2795,0.0475,0.0505,0.0651,0.0435,,128753,180540
212,2013,0.7341,0.4269,0.2601,0.0845,0.0621,0.0484,0.0487,,158661,216137
213,2013,0.6691,0.5863,0.1515,0.0577,0.0394,0.0292,0.0406,,111846,167160
214,2013,0.7466,0.5105,0.1659,0.0882,0.0513,0.0293,0.0518,,143626,192385
215,2013,0.7193,0.5099,0.1631,0.093,0.0468,0.0325,0.048,,155881,216717
216,2013,0.7502,0.5044,0.1851,0.0886,0.0505,0.0305,0.0524,,188417,251146
217,2013,0.686,0.5589,0.1725,0.0621,0.0428,0.0356,0.0352,,174710,254661
218,2013,0.6914,0.3678,0.247,0.1364,0.0823,0.0457,0.0458,,155942,225557
219,2013,0.7137,0.3948,0.2332,0.1292,0.082,0.0424,0.0465,,168795,236523
220,2013,0.7157,0.3787,0.2404,0.1398,0.0699,0.0479,0.0462,,154146,215368
221,2013,0.7273,0.3701,0.2369,0.156,0.074,0.0479,0.0418,,174322,239700
222,2013,0.775,0.469,0.1965,0.0993,0.0854,0.0282,0.0487,,192033,247787
223,2013,0.7052,0.5412,0.1481,0.0842,0.0497,0.029,0.0482,,162958,231069
224,2013,0.7429,0.5147,0.151,0.0907,0.0737,0.0265,0.0561,,182283,245379
225,2013,0.6838,0.5726,0.1488,0.0879,0.0437,0.0299,0.0328,,141456,206868
226,2013,0.7287,0.5246,0.1551,0.0876,0.0518,0.0308,0.0529,,184167,252724
227,2013,0.6058,0.5631,0.1656,0.0436,0.0382,0.0333,0.0406,,93941,155082
228,2013,0.6831,0.5402,0.1594,0.067,0.0469,0.0303,0.0359,,171644,251273
229,2013,0.6298,0.539,0.1856,0.0592,0.0446,0.0378,0.0388,,117391,186392
230,2013,0.6361,0.5875,0.1517,0.0485,0.0407,0.0267,0.0362,,103874,163308
231,2013,0.6419,0.5779,0.1609,0.0391,0.0421,0.0298,0.0396,,111537,173773
232,2013,0.7019,0.5348,0.1939,0.0601,0.0376,0.0337,0.0352,,151021,215146
233,2013,0.6911,0.4838,0.1928,0.0924,0.0459,0.0388,0.041,,171954,248820
234,2013,0.6533,0.5469,0.1936,0.0424,0.0336,0.0322,0.0327,,141364,216389
235,2013,0.6978,0.5278,0.225,0.0431,0.0336,0.0338,0.036,,118903,170403
236,2013,0.7051,0.4887,0.1979,0.0895,0.0482,0.0408,0.0414,,126869,179923
237,2013,0.7017,0.4952,0.2324,0.068,0.0482,0.033,0.0386,,115659,164828
238,2013,0.6957,0.4672,0.2782,0.0572,0.0405,0.04,0.0429,,111378,160103
239,2013,0.6808,0.4694,0.267,0.0537,0.0376,0.0478,0.0434,,118838,174569
240,2013,0.7092,0.5234,0.2149,0.0528,0.0373,0.0363,0.0396,,122307,172449
241,2013,0.6836,0.4763,0.2222,0.0834,0.0461,0.0386,0.036,,166555,243643
242,2013,0.7531,0.4167,0.2431,0.1147,0.0554,0.0435,0.0416,,135186,179506
243,2013,0.7027,0.4278,0.2517,0.0913,0.0467,0.0499,0.0443,,178211,253603
244,2013,0.6873,0.3475,0.2682,0.1325,0.0543,0.0707,0.0449,,132674,193031
245,2013,0.6556,0.4054,0.285,0.0805,0.0422,0.0576,0.0476,,121814,185799
246,2013,0.7464,0.4549,0.2455,0.0851,0.0446,0.0382,0.039,,168765,226102
247,2013,0.713,0.4773,0.2196,0.0861,0.0541,0.0363,0.0407,,131310,184171
248,2013,0.7127,0.5387,0.1818,0.0643,0.0478,0.0452,0.0325,,155355,217994
249,2013,0.7238,0.4946,0.2156,0.0705,0.0453,0.0342,0.0395,,143137,197762
250,2013,0.7058,0.5095,0.2064,0.0708,0.0422,0.0496,0.0334,,141275,200150
251,2013,0.7352,0.4489,0.2252,0.1168,0.0513,0.0402,0.0387,,166593,226597
252,2013,0.6405,0.4362,0.2217,0.1054,0.0468,0.0559,0.054,,133378,208231
253,2013,0.7217,0.537,0.1721,0.0724,0.0465,0.0322,0.0517,,176239,244203
254,2013,0.6899,0.5554,0.1666,0.0599,0.0449,0.0328,0.0419,,131055,189974
255,2013,0.68,0.5275,0.181,0.065,0.0467,0.0372,0.056,,161614,237651
256,2013,0.6939,0.5235,0.1603,0.0927,0.0566,0.0361,0.0433,,155635,224278
257,2013,0.6856,0.5511,0.1501,0.0708,0.0462,0.0317,0.048,,167668,244541
258,2013,0.7979,0.3749,0.2097,0.1751,0.0828,0.0623,0.0415,,152546,191191
259,2013,0.7339,0.3933,0.229,0.1379,0.067,0.0669,0.0455,,134355,183064
260,2013,0.7735,0.4688,0.1997,0.1036,0.0714,0.0435,0.0511,,191149,247128
261,2013,0.7768,0.4481,0.2194,0.1205,0.0611,0.0456,0.0454,,129700,166975
262,2013,0.7779,0.4598,0.1988,0.1164,0.0687,0.0412,0.048,,160053,205756
263,2013,0.7404,0.4581,0.2169,0.1013,0.0583,0.0425,0.063,,132632,179130
264,2013,0.7735,0.456,0.2007,0.1031,0.0785,0.0451,0.0539,,171509,221739
265,2013,0.7754,0.4401,0.2129,0.1168,0.0691,0.0471,0.0511,,162815,209968
266,2013,0.7812,0.4529,0.2103,0.1058,0.0673,0.0415,0.0554,,177134,226751
267,2013,0.7191,0.4577,0.2211,0.0854,0.0637,0.0474,0.054,,173772,241656
268,2013,0.7059,0.4662,0.1999,0.1001,0.0663,0.0482,0.0499,,158389,224384
269,2013,0.7425,0.4839,0.2037,0.0906,0.0577,0.0424,0.0565,,130255,175434
270,2013,0.7309,0.4934,0.2228,0.0841,0.0452,0.0465,0.0451,,162969,222959
271,2013,0.7293,0.3754,0.2273,0.1498,0.0604,0.0601,0.0561,,150050,205735
272,2013,0.7628,0.4668,0.2114,0.096,0.0604,0.0409,0.0599,,159992,209733
273,2013,0.7138,0.4916,0.2058,0.0906,0.0578,0.0415,0.0575,,148159,207555
274,2013,0.7788,0.3746,0.2339,0.1478,0.0699,0.0566,0.0614,,168177,215943
275,2013,0.6941,0.3506,0.2753,0.1108,0.0547,0.0753,0.06,,137796,198525
276,2013,0.729,0.5189,0.1975,0.0717,0.0519,0.0416,0.0522,,155585,213424
277,2013,0.7486,0.4383,0.2227,0.0955,0.0648,0.0477,0.0603,,147782,197424
278,2013,0.7405,0.466,0.2158,0.0818,0.0569,0.0444,0.0608,,145107,195953
279,2013,0.725,0.4511,0.202,0.0895,0.071,0.046,0.0723,,159491,219976
280,2013,0.7343,0.5114,0.1765,0.0764,0.0642,0.0415,0.0629,,145151,197679
281,2013,0.7667,0.3542,0.2209,0.1984,0.0484,0.0787,0.0383,,168260,219472
282,2013,0.7167,0.437,0.2178,0.127,0.0565,0.0484,0.051,,164341,229316
283,2013,0.7136,0.4579,0.2124,0.1209,0.0512,0.0464,0.0451,,153869,215623
284,2013,0.7082,0.4829,0.1922,0.1072,0.057,0.0473,0.0542,,145259,205119
285,2013,0.72,0.5171,0.1754,0.0736,0.0639,0.0397,0.0582,,143449,199241
286,2013,0.7171,0.4935,0.191,0.0904,0.0591,0.0414,0.0571,,119181,166191
287,2013,0.7291,0.4359,0.2023,0.1265,0.0736,0.05,0.055,,147557,202393
288,2013,0.7264,0.4929,0.1899,0.1101,0.0575,0.0432,0.0471,,128808,177313
289,2013,0.7535,0.4621,0.1929,0.1094,0.0705,0.0479,0.0557,,150014,199091
290,2013,0.7752,0.4174,0.2051,0.1482,0.0554,0.0662,0.046,,149768,193188
291,2013,0.7576,0.4857,0.202,0.1029,0.0523,0.0428,0.0474,,167199,220702
292,2013,0.7432,0.5626,0.1483,0.0907,0.0487,0.0339,0.0422,,121718,163772
293,2013,0.7525,0.4871,0.1818,0.1176,0.0636,0.0443,0.0447,,128696,171016
294,2013,0.7344,0.5,0.173,0.1232,0.0524,0.0429,0.0387,,135877,185006
295,2013,0.7209,0.5278,0.1713,0.084,0.0564,0.0409,0.047,,132905,184370
296,2013,0.695,0.3338,0.311,0.0783,0.0448,0.1168,0.0472,,142400,204905
297,2013,0.7294,0.4005,0.3071,0.0525,0.0366,0.0898,0.051,,154287,211529
298,2013,0.7608,0.4092,0.3045,0.0454,0.0336,0.0905,0.0543,,138097,181521
299,2013,0.72,0.3659,0.3189,0.0512,0.0379,0.1019,0.056,,142644,198117
001,2017,0.7525,0.3421,0.2369,0.1308,0.1112,0.0821,0.0684,,171914,228471
002,2017,0.7461,0.3833,0.2254,0.1097,0.1307,0.0622,0.0654,,139194,186568
003,2017,0.7474,0.3619,0.2274,0.099,0.1322,0.0667,0.0854,,132017,176636
004,2017,0.7835,0.3621,0.2289,0.1237,0.122,0.0637,0.0741,,157354,200831
005,2017,0.749,0.2679,0.2381,0.1719,0.1171,0.1022,0.0691,,153273,204650
006,2017,0.7529,0.3354,0.2376,0.1253,0.1263,0.0652,0.0855,,131713,174937
007,2017,0.787,0.3427,0.2293,0.1145,0.1327,0.0703,0.0857,,187715,238533
008,2017,0.7816,0.3458,0.2242,0.1095,0.1357,0.069,0.0894,,193280,247296
009,2017,0.7627,0.3562,0.2459,0.0983,0.1322,0.0605,0.0858,,138439,181522
010,2017,0.7893,0.344,0.223,0.1085,0.1363,0.065,0.0979,,193334,244930
011,2017,0.721,0.2948,0.2536,0.1276,0.1086,0.0941,0.0889,,130961,181638
012,2017,0.7245,0.3287,0.1863,0.0425,0.0636,0.1668,0.1653,,157071,216800
013,2017,0.7129,0.3366,0.1725,0.038,0.0621,0.1682,0.177,,146768,205876
014,2017,0.7358,0.3045,0.158,0.063,0.0657,0.2068,0.1551,,164016,222913
015,2017,0.7038,0.3292,0.1219,0.0508,0.0686,0.1798,0.1964,,169528,240887
016,2017,0.6944,0.3345,0.1231,0.0263,0.0559,0.176,0.2299,,156965,226039
017,2017,0.6801,0.3581,0.1446,0.0322,0.0576,0.1692,0.1922,,144239,212099
018,2017,0.7216,0.2347,0.2384,0.1444,0.0933,0.1498,0.08,,175731,243543
019,2017,0.7857,0.2488,0.2044,0.1793,0.1123,0.1568,0.0553,,146090,185944
020,2017,0.8109,0.2695,0.2228,0.1699,0.1125,0.1243,0.0589,,156013,192399
021,2017,0.8229,0.3134,0.2145,0.1438,0.1386,0.094,0.0616,,178760,217226
022,2017,0.7328,0.2889,0.2659,0.1038,0.1029,0.0983,0.0977,,172574,235513
023,2017,0.7015,0.2738,0.2617,0.1001,0.0863,0.1125,0.1148,,155758,222031
024,2017,0.7449,0.2804,0.3782,0.0745,0.0714,0.0719,0.0913,,142676,191541
025,2017,0.7496,0.424,0.2755,0.0586,0.0779,0.0541,0.0836,,176342,235234
026,2017,0.7349,0.3278,0.3067,0.0726,0.0942,0.0708,0.0908,,139153,189344
027,2017,0.7777,0.3058,0.2606,0.1249,0.1038,0.0936,0.0723,,175967,226253
028,2017,0.7475,0.3348,0.2821,0.0801,0.1011,0.0685,0.0971,,170194,227696
029,2017,0.7552,0.3849,0.2766,0.069,0.0816,0.0648,0.0899,,141726,187679
030,2017,0.7757,0.3892,0.2455,0.0822,0.0955,0.0628,0.0888,,153044,197297
031,2017,0.7813,0.4938,0.2347,0.0604,0.0905,0.0457,0.0542,,179811,230151
032,2017,0.7438,0.531,0.1776,0.0505,0.0941,0.044,0.0809,,163669,220042
033,2017,0.7647,0.3791,0.2547,0.0814,0.1053,0.0608,0.0844,,148298,193934
034,2017,0.7803,0.3494,0.2638,0.0926,0.0887,0.0728,0.0967,,153036,196136
035,2017,0.7559,0.3771,0.2713,0.0798,0.0848,0.0589,0.0926,,127071,168101
036,2017,0.8129,0.3594,0.2199,0.102,0.1171,0.0629,0.0998,,161837,199081
037,2017,0.7796,0.313,0.2345,0.1349,0.0925,0.0907,0.0892,,141000,180865
038,2017,0.7598,0.4044,0.2565,0.0822,0.0972,0.061,0.0728,,151302,199131
039,2017,0.7732,0.3571,0.247,0.1214,0.0947,0.0844,0.0628,,152107,196720
040,2017,0.7529,0.3426,0.2973,0.0812,0.0853,0.0569,0.1026,,146673,194800
041,2017,0.7494,0.272,0.2738,0.1217,0.102,0.0932,0.0913,,134805,179883
042,2017,0.7705,0.2445,0.2564,0.1491,0.0995,0.1204,0.0759,,149031,193433
043,2017,0.7799,0.3483,0.2705,0.0795,0.1046,0.0604,0.1018,,181650,232926
044,2017,0.7555,0.3656,0.254,0.0775,0.1014,0.0577,0.109,,162145,214612
045,2017,0.7726,0.3376,0.301,0.0722,0.0836,0.0607,0.1091,,168861,218556
046,2017,0.746,0.3204,0.3187,0.0721,0.0904,0.0658,0.1013,,139780,187377
047,2017,0.7856,0.3154,0.295,0.0871,0.0958,0.0658,0.1037,,188495,239923
048,2017,0.7768,0.326,0.3094,0.088,0.0824,0.065,0.0933,,169613,218349
049,2017,0.7619,0.2953,0.3242,0.0656,0.08,0.0723,0.1228,,157046,206133
050,2017,0.7692,0.29,0.2638,0.1179,0.1001,0.0932,0.0837,,147712,192041
051,2017,0.7464,0.3458,0.2995,0.0593,0.0808,0.0665,0.1093,,137303,183961
052,2017,0.7439,0.3213,0.3206,0.0663,0.0917,0.0636,0.101,,150977,202963
053,2017,0.7737,0.3022,0.2827,0.1162,0.0911,0.0871,0.0794,,170547,220420
054,2017,0.7448,0.26,0.2454,0.1265,0.1027,0.1418,0.0834,,188064,252496
055,2017,0.6671,0.2395,0.2961,0.0902,0.0817,0.1247,0.1213,,147855,221655
056,2017,0.6831,0.2974,0.2102,0.0357,0.0554,0.1642,0.1873,,120228,176002
057,2017,0.7031,0.2825,0.1691,0.0405,0.0548,0.1865,0.2078,,129870,184716
058,2017,0.761,0.2846,0.1854,0.064,0.0762,0.1429,0.1861,,185012,243108
059,2017,0.751,0.2511,0.1545,0.0465,0.0656,0.2065,0.2069,,170039,226424
060,2017,0.6991,0.2819,0.2065,0.0415,0.065,0.1659,0.1794,,128058,183182
061,2017,0.7913,0.2477,0.1845,0.0984,0.0916,0.1811,0.1348,,195802,247441
062,2017,0.7543,0.2703,0.1761,0.0466,0.0742,0.158,0.2105,,187607,248708
063,2017,0.7191,0.2456,0.1645,0.0427,0.067,0.1899,0.2209,,140051,194759
064,2017,0.7394,0.2412,0.1517,0.0315,0.0765,0.165,0.2684,,132113,178676
065,2017,0.7319,0.2771,0.1543,0.026,0.0671,0.155,0.2523,,123365,168543
066,2017,0.6714,0.3279,0.1704,0.0332,0.0713,0.1852,0.1677,,111193,165625
067,2017,0.6817,0.3212,0.1624,0.0286,0.0771,0.1658,0.1884,,150499,220786
068,2017,0.6659,0.3361,0.1619,0.0351,0.07,0.1771,0.1686,,143567,215607
069,2017,0.6843,0.2775,0.1711,0.0533,0.0791,0.1869,0.162,,162894,238060
070,2017,0.6975,0.3183,0.1426,0.0353,0.0734,0.1733,0.1998,,123466,177005
071,2017,0.6593,0.3066,0.1394,0.0237,0.0745,0.1779,0.2223,,147946,224401
072,2017,0.7102,0.265,0.141,0.0696,0.09,0.1922,0.1778,,152467,214668
073,2017,0.6847,0.2993,0.1323,0.0261,0.0784,0.1628,0.246,,131219,191636
074,2017,0.6771,0.2882,0.1438,0.0236,0.0815,0.1733,0.2391,,140223,207103
075,2017,0.7325,0.1864,0.1793,0.172,0.0868,0.2149,0.0822,,151412,206706
076,2017,0.7951,0.1982,0.1564,0.1428,0.066,0.2345,0.1249,,188499,237071
077,2017,0.7524,0.3102,0.2004,0.0911,0.1138,0.0852,0.137,,137240,182398
078,2017,0.7205,0.2808,0.2274,0.0846,0.0989,0.0977,0.1413,,133009,184608
079,2017,0.817,0.2977,0.1915,0.1417,0.1423,0.0914,0.0884,,180720,221210
080,2017,0.7955,0.2559,0.1938,0.1581,0.1486,0.1173,0.079,,158034,198672
081,2017,0.7701,0.2497,0.202,0.1561,0.1037,0.1319,0.0955,,181159,235250
082,2017,0.7085,0.2234,0.1946,0.1304,0.077,0.1821,0.1125,,143553,202618
083,2017,0.7756,0.1391,0.1595,0.2042,0.0591,0.2854,0.0633,,173289,223427
084,2017,0.766,0.2022,0.1554,0.0784,0.0649,0.2513,0.1693,,157111,205106
085,2017,0.6925,0.209,0.1446,0.041,0.0532,0.2607,0.2163,,138992,200704
086,2017,0.7263,0.1854,0.1485,0.0668,0.0526,0.2934,0.1672,,149116,205300
087,2017,0.7844,0.2777,0.2479,0.1282,0.1416,0.1034,0.0592,,140624,179273
088,2017,0.7586,0.3068,0.3528,0.0492,0.112,0.0589,0.0866,,173149,228248
089,2017,0.7489,0.3947,0.2585,0.0517,0.1144,0.0561,0.0874,,142330,190051
090,2017,0.7592,0.3491,0.2918,0.0546,0.1143,0.0587,0.0961,,151595,199675
091,2017,0.7692,0.3353,0.2634,0.066,0.1443,0.06,0.0953,,191505,248982
092,2017,0.7611,0.3572,0.2336,0.0668,0.1472,0.0612,0.0984,,187796,246753
093,2017,0.7255,0.2638,0.2428,0.114,0.1303,0.1102,0.0887,,139718,192574
094,2017,0.8215,0.285,0.1953,0.1554,0.1713,0.1071,0.0506,,197979,240985
095,2017,0.7397,0.2441,0.2464,0.1403,0.1127,0.1279,0.0785,,150629,203647
096,2017,0.7928,0.2976,0.2015,0.1406,0.1569,0.0956,0.0733,,180439,227583
097,2017,0.7763,0.3411,0.2239,0.0753,0.1492,0.0713,0.0998,,184295,237415
098,2017,0.8079,0.3547,0.1997,0.0877,0.1741,0.0642,0.0879,,174513,216020
099,2017,0.7513,0.3649,0.2263,0.0645,0.1377,0.0638,0.1059,,156593,208418
100,2017,0.8022,0.356,0.2099,0.0903,0.1669,0.064,0.0799,,174420,217425
101,2017,0.7311,0.2809,0.2711,0.0876,0.1218,0.0929,0.0974,,155139,212212
102,2017,0.7205,0.2648,0.2605,0.0858,0.1241,0.1084,0.1106,,149950,208129
103,2017,0.736,0.3159,0.2508,0.0722,0.1412,0.0781,0.0998,,164019,222845
104,2017,0.7811,0.3401,0.2299,0.0741,0.1618,0.0642,0.0946,,160315,205244
105,2017,0.7688,0.3263,0.245,0.0691,0.1582,0.068,0.0958,,125496,163229
106,2017,0.7834,0.3202,0.1948,0.0997,0.1974,0.0854,0.07,,172947,220764
107,2017,0.7434,0.2849,0.233,0.1009,0.1493,0.099,0.091,,143599,193175
108,2017,0.7452,0.3589,0.2358,0.0604,0.1485,0.0623,0.0938,,160050,214779
109,2017,0.6928,0.3576,0.2335,0.0624,0.1372,0.0736,0.0946,,132006,190552
110,2017,0.7716,0.3561,0.2208,0.0705,0.1742,0.0636,0.0785,,155434,201450
111,2017,0.7619,0.3806,0.223,0.0674,0.1603,0.0601,0.0746,,173280,227423
112,2017,0.7477,0.4157,0.2345,0.0602,0.1353,0.0559,0.0693,,169057,226096
113,2017,0.7739,0.337,0.2868,0.0612,0.1239,0.0669,0.09,,160344,207178
114,2017,0.7465,0.309,0.277,0.0702,0.1361,0.0761,0.0919,,133705,179118
115,2017,0.724,0.257,0.3171,0.0656,0.1044,0.0867,0.1133,,121638,167998
116,2017,0.6473,0.2243,0.3408,0.0441,0.0822,0.084,0.1552,,103704,160204
117,2017,0.7339,0.2626,0.3303,0.0553,0.1,0.0831,0.1247,,150312,204816
118,2017,0.7609,0.2813,0.2946,0.0668,0.1295,0.0745,0.1144,,142858,187746
119,2017,0.6758,0.2345,0.318,0.0618,0.0969,0.0872,0.1496,,110369,163326
120,2017,0.7948,0.3007,0.2474,0.0939,0.1514,0.0825,0.0836,,153336,192918
121,2017,0.7323,0.2857,0.3159,0.058,0.1031,0.073,0.1203,,123958,169267
122,2017,0.7435,0.2945,0.317,0.0515,0.1058,0.066,0.1246,,140795,189376
123,2017,0.6815,0.224,0.3348,0.0465,0.0918,0.0737,0.1704,,119414,175210
124,2017,0.7646,0.439,0.2309,0.0595,0.1259,0.0549,0.0633,,154606,202192
125,2017,0.7488,0.2988,0.3123,0.0482,0.1046,0.0684,0.1243,,151842,202793
126,2017,0.7908,0.4704,0.2146,0.0587,0.1312,0.0416,0.0599,,158146,199978
127,2017,0.8127,0.4405,0.2104,0.0749,0.1355,0.0539,0.0609,,156813,192946
128,2017,0.78,0.3779,0.2762,0.0728,0.1137,0.064,0.0683,,152541,195571
129,2017,0.8226,0.3276,0.2089,0.1459,0.1351,0.1014,0.0494,,191090,232294
130,2017,0.7802,0.4031,0.2405,0.0667,0.1306,0.0555,0.0742,,163531,209604
131,2017,0.7543,0.3838,0.2291,0.0789,0.1305,0.0605,0.0862,,176708,234272
132,2017,0.7561,0.2762,0.2539,0.1114,0.1157,0.1112,0.0895,,186152,246216
133,2017,0.7366,0.3172,0.287,0.0688,0.1149,0.0694,0.1083,,168664,228976
134,2017,0.7403,0.3284,0.2937,0.0643,0.1127,0.063,0.1058,,151181,204203
135,2017,0.7562,0.3153,0.2784,0.0695,0.1248,0.0659,0.1109,,128938,170501
136,2017,0.7576,0.3726,0.2468,0.0644,0.1235,0.0644,0.0961,,159883,211026
137,2017,0.7518,0.4068,0.1886,0.0732,0.1344,0.0661,0.0994,,187479,249359
138,2017,0.7235,0.2888,0.2927,0.0583,0.1258,0.0722,0.1184,,150044,207384
139,2017,0.771,0.2733,0.2988,0.0817,0.1266,0.0813,0.0967,,137632,178506
140,2017,0.7602,0.2542,0.297,0.089,0.1121,0.1025,0.0976,,156941,206460
141,2017,0.714,0.2342,0.3424,0.0586,0.0914,0.0859,0.1344,,127974,179247
142,2017,0.7387,0.2451,0.2997,0.0949,0.111,0.1001,0.0981,,156097,211316
143,2017,0.7075,0.2445,0.3266,0.0716,0.1082,0.0907,0.1089,,143834,203300
144,2017,0.7623,0.2721,0.3356,0.0686,0.115,0.0689,0.0982,,150831,197873
145,2017,0.7292,0.3033,0.315,0.0527,0.1042,0.0697,0.1123,,171524,235213
146,2017,0.7506,0.3626,0.2495,0.062,0.1346,0.0676,0.0934,,174364,232301
147,2017,0.7596,0.4165,0.2282,0.0471,0.1434,0.0535,0.0799,,154014,202768
148,2017,0.7623,0.3395,0.2644,0.055,0.1188,0.0784,0.1066,,162306,212912
149,2017,0.7379,0.4058,0.2331,0.0454,0.1372,0.0542,0.0915,,152542,206716
150,2017,0.7254,0.3402,0.2579,0.049,0.134,0.0654,0.1157,,145474,200546
151,2017,0.7209,0.2944,0.1246,0.0259,0.0788,0.1473,0.2685,,118170,163916
152,2017,0.7315,0.2352,0.1293,0.0707,0.0848,0.1947,0.2082,,161407,220654
153,2017,0.7694,0.2193,0.1308,0.1045,0.0855,0.2248,0.1598,,175198,227718
154,2017,0.7482,0.3008,0.1138,0.0324,0.0807,0.1466,0.2687,,161321,215616
155,2017,0.76,0.2611,0.0871,0.0367,0.0872,0.1333,0.3288,,152988,201310
156,2017,0.7539,0.2707,0.0905,0.0237,0.0763,0.1423,0.3276,,161319,213990
157,2017,0.7327,0.2667,0.0927,0.0291,0.0703,0.1401,0.3289,,156089,213021
158,2017,0.7718,0.2564,0.078,0.0301,0.0829,0.1277,0.3546,,156342,202580
159,2017,0.786,0.2435,0.1063,0.0769,0.1028,0.1712,0.2309,,182849,232636
160,2017,0.7934,0.2311,0.0971,0.0896,0.0955,0.173,0.2329,,186818,235464
161,2017,0.7472,0.2766,0.0973,0.0276,0.079,0.145,0.3125,,150648,201629
162,2017,0.7514,0.2486,0.1191,0.0467,0.0835,0.192,0.2431,,147218,195929
163,2017,0.757,0.3058,0.1059,0.0281,0.0768,0.1529,0.2679,,138891,183483
164,2017,0.7546,0.3096,0.0942,0.0223,0.0738,0.1408,0.2924,,166701,220917
165,2017,0.7271,0.3031,0.1084,0.0291,0.0756,0.1657,0.2618,,150950,207606
166,2017,0.7395,0.3025,0.1139,0.0303,0.0721,0.1603,0.2642,,142775,193081
167,2017,0.7646,0.3001,0.3087,0.0686,0.0989,0.0703,0.1166,,142852,186825
168,2017,0.7546,0.2523,0.2828,0.1145,0.091,0.1129,0.1045,,167855,222451
169,2017,0.7598,0.294,0.3261,0.0598,0.0847,0.0667,0.131,,133726,175992
170,2017,0.7749,0.2922,0.3135,0.066,0.0917,0.0648,0.1294,,145743,188074
171,2017,0.7767,0.301,0.2642,0.093,0.0866,0.1024,0.1145,,142365,183296
172,2017,0.7425,0.3346,0.2473,0.0705,0.097,0.0668,0.137,,155002,208744
173,2017,0.765,0.3014,0.2389,0.0968,0.103,0.084,0.1239,,166621,217806
174,2017,0.7715,0.3895,0.1811,0.0668,0.1079,0.0584,0.1585,,161981,209966
175,2017,0.7707,0.3172,0.2358,0.0707,0.104,0.0657,0.1538,,138193,179307
176,2017,0.8061,0.3349,0.2002,0.0973,0.1501,0.0661,0.1116,,146315,181516
177,2017,0.787,0.3203,0.227,0.0948,0.1273,0.0674,0.1158,,138853,176435
178,2017,0.788,0.3458,0.2075,0.089,0.132,0.0645,0.1189,,173627,220342
179,2017,0.7381,0.2895,0.2116,0.1178,0.1331,0.0952,0.1121,,139775,189372
180,2017,0.7561,0.2957,0.2354,0.0857,0.1148,0.0756,0.1408,,134190,177469
181,2017,0.8143,0.3456,0.1812,0.1055,0.1673,0.0598,0.1032,,160647,197291
182,2017,0.725,0.2599,0.2077,0.136,0.1396,0.1199,0.0932,,144841,199775
183,2017,0.7698,0.2678,0.1962,0.1547,0.1425,0.1175,0.0804,,172393,223942
184,2017,0.763,0.3045,0.254,0.0904,0.0964,0.082,0.1215,,133318,174727
185,2017,0.7429,0.3057,0.214,0.1018,0.1263,0.0884,0.1181,,163580,220194
186,2017,0.7934,0.2743,0.224,0.1435,0.1097,0.1025,0.098,,192508,242622
187,2017,0.7891,0.3273,0.2333,0.0883,0.1095,0.0737,0.1221,,184974,234422
188,2017,0.7866,0.3315,0.2235,0.0882,0.1181,0.0662,0.1293,,156082,198418
189,2017,0.7308,0.3378,0.1389,0.0306,0.0768,0.145,0.2107,,158339,216673
190,2017,0.7331,0.3005,0.1442,0.0348,0.0718,0.1565,0.2227,,163154,222558
191,2017,0.7638,0.2745,0.1249,0.0619,0.0868,0.1846,0.1984,,155210,203210
192,2017,0.7465,0.2782,0.1398,0.0371,0.0769,0.1571,0.2406,,148065,198341
193,2017,0.7581,0.2538,0.1416,0.0762,0.0858,0.194,0.1816,,168235,221922
194,2017,0.735,0.2735,0.1138,0.027,0.0821,0.1743,0.2711,,176933,240738
195,2017,0.7502,0.2814,0.1203,0.0302,0.0778,0.1655,0.2577,,171879,229126
196,2017,0.7261,0.3031,0.1358,0.0331,0.0672,0.1693,0.2302,,170237,234446
197,2017,0.759,0.3818,0.2538,0.06,0.1009,0.0633,0.1076,,181607,239284
198,2017,0.7749,0.4063,0.2274,0.0671,0.116,0.0568,0.0963,,151587,195618
199,2017,0.7673,0.3784,0.2384,0.0793,0.1079,0.0691,0.0916,,151153,196999
200,2017,0.7839,0.4159,0.2304,0.056,0.1116,0.0609,0.0897,,135519,172876
201,2017,0.7556,0.3414,0.2743,0.0624,0.0988,0.0687,0.1172,,139908,185172
202,2017,0.7714,0.4446,0.218,0.0617,0.1031,0.0594,0.0804,,126879,164480
203,2017,0.7859,0.3728,0.2465,0.0902,0.0923,0.0863,0.0796,,151551,192846
204,2017,0.7782,0.3746,0.2467,0.0622,0.1094,0.0592,0.1102,,163520,210114
205,2017,0.8134,0.3271,0.22,0.1315,0.1125,0.0854,0.0823,,202534,248996
206,2017,0.7948,0.3264,0.2533,0.0802,0.1046,0.0645,0.1311,,169793,213627
207,2017,0.7508,0.3087,0.2497,0.0729,0.1024,0.0666,0.1545,,161867,215595
208,2017,0.7999,0.3522,0.2174,0.0883,0.1104,0.0604,0.1266,,176425,220550
209,2017,0.7521,0.291,0.2827,0.0669,0.0914,0.0798,0.1367,,172316,229114
210,2017,0.7601,0.3576,0.2471,0.0464,0.0889,0.0717,0.1405,,135065,177687
211,2017,0.792,0.348,0.2188,0.0868,0.103,0.0644,0.1361,,172369,217633
212,2017,0.7537,0.4401,0.1232,0.0684,0.089,0.0529,0.1456,,126786,168221
213,2017,0.8242,0.3907,0.1226,0.1093,0.1194,0.0514,0.1191,,163357,198198
214,2017,0.7917,0.3968,0.1241,0.0972,0.104,0.0512,0.1356,,186647,235746
215,2017,0.8218,0.3983,0.1366,0.11,0.1159,0.0507,0.1155,,190769,232125
216,2017,0.7714,0.4169,0.1336,0.0722,0.0938,0.0538,0.1513,,184059,238605
217,2017,0.7693,0.2879,0.1666,0.169,0.1512,0.0824,0.0863,,174196,226436
218,2017,0.7815,0.3141,0.1598,0.1604,0.1475,0.0759,0.0857,,186913,239169
219,2017,0.7866,0.2985,0.1619,0.1741,0.133,0.0865,0.0858,,170483,216725
220,2017,0.8015,0.2976,0.1589,0.1848,0.1368,0.0864,0.0773,,193399,241282
221,2017,0.8388,0.3727,0.14,0.1265,0.1531,0.0509,0.0941,,197265,235172
222,2017,0.793,0.4054,0.1131,0.1001,0.1095,0.0509,0.1386,,186492,235170
223,2017,0.8012,0.4156,0.1097,0.1032,0.124,0.0492,0.1168,,132612,165527
224,2017,0.8286,0.383,0.1267,0.1311,0.1415,0.0544,0.0991,,177013,213628
225,2017,0.7705,0.4462,0.1185,0.092,0.0916,0.0533,0.1203,,160615,208466
226,2017,0.8036,0.4287,0.1153,0.0955,0.1041,0.054,0.1209,,134333,167159
227,2017,0.7168,0.4057,0.1424,0.0466,0.0755,0.0496,0.1917,,119455,166659
228,2017,0.7724,0.394,0.1309,0.0723,0.101,0.0484,0.1464,,192966,249836
229,2017,0.7405,0.4054,0.1509,0.0643,0.0913,0.0563,0.1606,,131350,177387
230,2017,0.7371,0.4271,0.1276,0.0525,0.0908,0.0446,0.1652,,124299,168642
231,2017,0.744,0.4189,0.1366,0.0456,0.0804,0.0436,0.1839,,129424,173953
232,2017,0.7852,0.4264,0.155,0.0713,0.0764,0.0532,0.1281,,169507,215876
233,2017,0.786,0.378,0.1446,0.1029,0.0896,0.0671,0.1296,,198780,252916
234,2017,0.7511,0.4144,0.162,0.0453,0.0658,0.0455,0.1736,,162549,216418
235,2017,0.775,0.4306,0.1904,0.0497,0.0656,0.048,0.1346,,130514,168415
236,2017,0.7957,0.3887,0.156,0.0989,0.0954,0.0647,0.1273,,145222,182513
237,2017,0.7761,0.4194,0.1833,0.079,0.0899,0.0555,0.1072,,127222,163934
238,2017,0.7717,0.3962,0.2255,0.0667,0.0816,0.0564,0.1163,,123200,159654
239,2017,0.7575,0.3877,0.2208,0.0556,0.0786,0.0571,0.132,,126918,167552
240,2017,0.7904,0.434,0.1768,0.0595,0.0772,0.048,0.1344,,135072,170897
241,2017,0.7629,0.4036,0.1706,0.0881,0.075,0.0662,0.1179,,185955,243760
242,2017,0.8192,0.3557,0.1736,0.1348,0.1016,0.0754,0.0947,,148048,180730
243,2017,0.7779,0.352,0.1879,0.1041,0.0889,0.0782,0.1167,,198742,255491
244,2017,0.7606,0.276,0.1821,0.1508,0.1061,0.1167,0.0998,,146205,192214
245,2017,0.7265,0.3121,0.2097,0.0929,0.0855,0.0889,0.1426,,132085,181809
246,2017,0.8169,0.3779,0.1844,0.0977,0.0866,0.063,0.1155,,185895,227560
247,2017,0.7904,0.3835,0.1757,0.0936,0.1088,0.0606,0.116,,144938,183362
248,2017,0.7925,0.4461,0.1584,0.0669,0.0888,0.0594,0.1157,,171202,216030
249,2017,0.8013,0.4183,0.1853,0.0765,0.088,0.0549,0.1081,,157206,196183
250,2017,0.7846,0.411,0.1689,0.0756,0.089,0.0673,0.122,,156159,199041
251,2017,0.8096,0.3715,0.1766,0.1304,0.1034,0.0711,0.0867,,182961,225998
252,2017,0.7278,0.3184,0.1586,0.1235,0.0996,0.0898,0.1382,,153228,210528
253,2017,0.8001,0.4136,0.1276,0.0882,0.1039,0.0492,0.1367,,199077,248812
254,2017,0.7748,0.4334,0.1382,0.0688,0.0915,0.0455,0.147,,147825,190782
255,2017,0.7596,0.3989,0.1373,0.0824,0.103,0.0513,0.1512,,182045,239647
256,2017,0.7786,0.4155,0.1239,0.1129,0.108,0.0578,0.1057,,176437,226604
257,2017,0.7739,0.4203,0.1212,0.0853,0.1046,0.0546,0.1335,,191581,247539
258,2017,0.8275,0.289,0.146,0.1955,0.1638,0.0927,0.0716,,160834,194368
259,2017,0.7626,0.2906,0.17,0.1527,0.1392,0.0909,0.1079,,139180,182501
260,2017,0.8001,0.354,0.1554,0.127,0.1514,0.0535,0.1174,,196557,245678
261,2017,0.803,0.333,0.168,0.1456,0.1378,0.0622,0.1093,,135479,168715
262,2017,0.8117,0.3367,0.1512,0.1421,0.1496,0.0548,0.1233,,168052,207044
263,2017,0.7712,0.3331,0.176,0.1232,0.1264,0.0506,0.1468,,137585,178409
264,2017,0.8001,0.33,0.1591,0.1218,0.1618,0.0559,0.1293,,178340,222891
265,2017,0.8039,0.3334,0.1641,0.1379,0.1468,0.0601,0.1137,,175304,218074
266,2017,0.8128,0.3295,0.1649,0.1314,0.1469,0.0526,0.131,,186362,229280
267,2017,0.7656,0.3206,0.1773,0.1038,0.1302,0.0574,0.1642,,185705,242553
268,2017,0.7607,0.3429,0.1618,0.1208,0.1274,0.0565,0.1462,,171760,225785
269,2017,0.7726,0.3517,0.1648,0.1144,0.1235,0.0591,0.1437,,136717,176968
270,2017,0.7671,0.3818,0.1863,0.1095,0.1053,0.0549,0.1226,,170191,221853
271,2017,0.7763,0.2783,0.1681,0.1828,0.1196,0.096,0.104,,162139,208868
272,2017,0.8048,0.3538,0.1711,0.1226,0.1283,0.0546,0.125,,168801,209741
273,2017,0.7614,0.3787,0.1699,0.1144,0.115,0.0539,0.1269,,157208,206484
274,2017,0.822,0.2988,0.1845,0.1715,0.1268,0.0833,0.0948,,179138,217934
275,2017,0.7303,0.2715,0.2124,0.1317,0.1125,0.091,0.1283,,144078,197289
276,2017,0.7746,0.3983,0.1686,0.0846,0.1089,0.0552,0.1382,,163339,210876
277,2017,0.7889,0.3349,0.1842,0.1144,0.1224,0.063,0.1354,,156402,198251
278,2017,0.7872,0.3481,0.1739,0.1015,0.1191,0.0568,0.1493,,154622,196426
279,2017,0.765,0.3273,0.1632,0.1076,0.1363,0.0539,0.1632,,167977,219577
280,2017,0.775,0.3716,0.144,0.0989,0.1428,0.0512,0.1498,,153463,198021
281,2017,0.8135,0.2809,0.1752,0.2117,0.0932,0.1123,0.0786,,180854,222308
282,2017,0.764,0.3444,0.1779,0.1537,0.1107,0.062,0.1051,,177399,232208
283,2017,0.7718,0.3592,0.1787,0.137,0.1059,0.0576,0.115,,168468,218287
284,2017,0.7576,0.3712,0.1654,0.1381,0.1103,0.0547,0.1158,,155724,205551
285,2017,0.763,0.3803,0.146,0.1022,0.1355,0.0476,0.1396,,152001,199227
286,2017,0.7595,0.3783,0.1563,0.1221,0.1222,0.0534,0.1241,,125344,165041
287,2017,0.7744,0.3316,0.1559,0.1601,0.1319,0.0718,0.103,,158861,205135
288,2017,0.7682,0.3927,0.1637,0.1394,0.1084,0.0545,0.0984,,136595,177806
289,2017,0.7885,0.3452,0.1494,0.139,0.1373,0.0611,0.1293,,157642,199934
290,2017,0.8133,0.3082,0.157,0.18,0.1182,0.0953,0.1003,,159801,196488
291,2017,0.797,0.3695,0.1586,0.1374,0.1153,0.0567,0.1162,,177460,222673
292,2017,0.7885,0.4311,0.1271,0.1131,0.1099,0.046,0.1246,,131693,167025
293,2017,0.7938,0.3709,0.1421,0.1472,0.1321,0.0612,0.1042,,137146,172782
294,2017,0.7819,0.3886,0.134,0.1504,0.1136,0.0614,0.1029,,146174,186958
295,2017,0.7601,0.3796,0.1412,0.1147,0.1336,0.0513,0.1366,,139548,183588
296,2017,0.7384,0.2846,0.2635,0.0808,0.0808,0.149,0.0966,,147602,199885
297,2017,0.7732,0.3362,0.2695,0.0546,0.0765,0.1289,0.0984,,160430,207501
298,2017,0.7967,0.3653,0.2766,0.048,0.069,0.1131,0.091,,141387,177468
299,2017,0.7588,0.3103,0.2768,0.0565,0.0773,0.1238,0.1167,,145992,192410
001,2021,0.7779,0.2039,0.2548,0.1864,0.1074,0.0418,0.0578,,180112,231536
002,2021,0.7722,0.2464,0.2631,0.1567,0.1273,0.0308,0.061,,145387,188267
003,2021,0.7705,0.2431,0.2773,0.1424,0.1369,0.0335,0.0837,,136299,176899
004,2021,0.8014,0.2393,0.2681,0.1791,0.12,0.0321,0.0656,,162060,202226
005,2021,0.7704,0.1543,0.2601,0.2843,0.1039,0.0608,0.0494,,155986,202482
006,2021,0.7645,0.2286,0.2918,0.1739,0.12,0.0319,0.0735,,133721,174908
007,2021,0.8034,0.221,0.2927,0.1802,0.1349,0.0334,0.0687,,191512,238388
008,2021,0.801,0.2234,0.2858,0.1683,0.1396,0.0326,0.0733,,199618,249202
009,2021,0.7813,0.2505,0.2995,0.1572,0.1267,0.0284,0.071,,143092,183138
010,2021,0.7995,0.2319,0.2885,0.166,0.1418,0.0323,0.0751,,196903,246277
011,2021,0.7328,0.1814,0.3049,0.2244,0.1046,0.0444,0.0678,,131455,179394
012,2021,0.7287,0.1711,0.3196,0.0806,0.0859,0.1077,0.1569,,156565,214853
013,2021,0.7138,0.1709,0.3251,0.0704,0.0808,0.1039,0.1712,,146362,205042
014,2021,0.7424,0.1418,0.2901,0.1285,0.0911,0.1319,0.1268,,165329,222705
015,2021,0.7007,0.1865,0.2508,0.0884,0.0831,0.1137,0.1888,,168922,241066
016,2021,0.6966,0.1899,0.2671,0.0438,0.0757,0.1018,0.2324,,154240,221421
017,2021,0.686,0.1875,0.2986,0.051,0.0753,0.1025,0.209,,143622,209348
018,2021,0.7421,0.1119,0.2866,0.2789,0.1049,0.0873,0.051,,179637,242078
019,2021,0.8136,0.1478,0.2555,0.3035,0.1088,0.0899,0.0331,,152720,187705
020,2021,0.8305,0.1487,0.2801,0.2992,0.1134,0.0676,0.0353,,160970,193823
021,2021,0.8433,0.1862,0.2793,0.2519,0.1421,0.0473,0.0369,,185457,219909
022,2021,0.7453,0.1684,0.3431,0.1859,0.1112,0.0512,0.0653,,174014,233483
023,2021,0.7135,0.1619,0.3345,0.1779,0.0998,0.0629,0.0805,,158246,221794
024,2021,0.7185,0.1767,0.4335,0.1297,0.0889,0.0343,0.082,,137847,191846
025,2021,0.7372,0.2988,0.3399,0.1066,0.1014,0.0267,0.0818,,175826,238506
026,2021,0.7097,0.2147,0.3795,0.128,0.1044,0.031,0.0824,,134164,189047
027,2021,0.7596,0.186,0.3201,0.2371,0.1024,0.0484,0.0516,,173725,228705
028,2021,0.7219,0.226,0.343,0.1478,0.1145,0.0311,0.0801,,163753,226827
029,2021,0.7462,0.2619,0.3497,0.1256,0.1006,0.0263,0.0787,,140739,188602
030,2021,0.7645,0.2649,0.3201,0.1464,0.1108,0.0285,0.0729,,151821,198576
031,2021,0.774,0.3385,0.3091,0.1255,0.1176,0.0221,0.0515,,180543,233253
032,2021,0.7346,0.3847,0.2462,0.1108,0.1209,0.0217,0.0782,,164507,223948
033,2021,0.756,0.2529,0.3302,0.1448,0.1208,0.0269,0.0711,,146954,194371
034,2021,0.7662,0.2409,0.3291,0.161,0.1042,0.035,0.0754,,151308,197490
035,2021,0.7406,0.2505,0.3478,0.1357,0.1009,0.0285,0.0801,,125100,168927
036,2021,0.8012,0.2479,0.2909,0.1666,0.1271,0.0291,0.0726,,161635,201740
037,2021,0.7619,0.2102,0.2988,0.2215,0.0959,0.0458,0.0662,,139183,182673
038,2021,0.7593,0.2849,0.3214,0.1473,0.1107,0.0257,0.0669,,151837,199960
039,2021,0.765,0.2321,0.3025,0.2326,0.0985,0.0419,0.0465,,149541,195467
040,2021,0.7371,0.2396,0.3495,0.1408,0.1002,0.0271,0.0877,,142895,193863
041,2021,0.7292,0.1835,0.3097,0.238,0.1041,0.0452,0.0602,,128894,176770
042,2021,0.755,0.1582,0.2816,0.2947,0.0933,0.062,0.0474,,143712,190336
043,2021,0.7549,0.2578,0.3212,0.1518,0.1132,0.0261,0.077,,174581,231250
044,2021,0.7368,0.2614,0.3082,0.1395,0.1147,0.0298,0.092,,158022,214482
045,2021,0.7574,0.2296,0.357,0.1332,0.0985,0.0252,0.0974,,166592,219966
046,2021,0.7204,0.2265,0.368,0.1313,0.1035,0.0284,0.0881,,132893,184471
047,2021,0.7603,0.2268,0.3463,0.1631,0.1023,0.0279,0.0773,,181202,238323
048,2021,0.7516,0.2285,0.347,0.1663,0.0964,0.0332,0.0761,,161685,215131
049,2021,0.7327,0.2296,0.3665,0.1242,0.0924,0.0307,0.0989,,147218,200922
050,2021,0.7501,0.1861,0.3042,0.2398,0.1008,0.0456,0.0591,,140807,187721
051,2021,0.7254,0.2463,0.3515,0.1198,0.1012,0.0271,0.0947,,130671,180147
052,2021,0.7271,0.2362,0.3786,0.1203,0.1001,0.0299,0.083,,143611,197519
053,2021,0.7545,0.2158,0.3193,0.2024,0.0976,0.0507,0.061,,161876,214542
054,2021,0.7593,0.1748,0.2884,0.2398,0.0993,0.085,0.0531,,186308,245384
055,2021,0.6723,0.1689,0.3487,0.1682,0.0846,0.0673,0.0892,,144123,214365
056,2021,0.7093,0.1604,0.3402,0.0634,0.075,0.0806,0.1919,,122512,172726
057,2021,0.7163,0.1533,0.3137,0.0704,0.0806,0.0899,0.1992,,130965,182836
058,2021,0.7829,0.1729,0.2858,0.107,0.1026,0.0656,0.1595,,195208,249331
059,2021,0.7685,0.1505,0.2792,0.08,0.0856,0.1032,0.1824,,177065,230391
060,2021,0.7273,0.153,0.3326,0.0839,0.082,0.0826,0.1638,,147618,202955
061,2021,0.8185,0.1392,0.2698,0.1899,0.107,0.1012,0.0988,,190547,232797
062,2021,0.7694,0.1632,0.285,0.0843,0.0985,0.078,0.1795,,194461,252744
063,2021,0.7441,0.1415,0.2946,0.0711,0.0885,0.0956,0.2016,,142414,191387
064,2021,0.7493,0.1383,0.2852,0.0548,0.1075,0.0764,0.2428,,128323,171267
065,2021,0.741,0.1501,0.282,0.0415,0.0938,0.072,0.252,,120351,162410
066,2021,0.6805,0.2095,0.2741,0.0541,0.0872,0.0963,0.1915,,108881,159998
067,2021,0.6891,0.2226,0.2657,0.0494,0.0925,0.0846,0.2014,,148520,215532
068,2021,0.6664,0.2226,0.2724,0.0547,0.0914,0.0927,0.1809,,138572,207942
069,2021,0.6841,0.1847,0.264,0.1052,0.0944,0.1059,0.1509,,156789,229198
070,2021,0.6787,0.2346,0.2619,0.0573,0.0913,0.0845,0.1898,,115204,169749
071,2021,0.6492,0.217,0.2405,0.0398,0.0924,0.1037,0.2256,,139289,214563
072,2021,0.7083,0.1785,0.2356,0.1353,0.1029,0.1167,0.1488,,148576,209765
073,2021,0.6827,0.213,0.2284,0.0402,0.1026,0.0853,0.2488,,125866,184352
074,2021,0.6698,0.2159,0.244,0.0367,0.0972,0.0888,0.2392,,133064,198676
075,2021,0.6795,0.1191,0.2081,0.3061,0.0795,0.1413,0.0563,,140655,207010
076,2021,0.5818,0.1671,0.1507,0.2593,0.0367,0.1426,0.1446,,135593,233069
077,2021,0.6511,0.2642,0.2299,0.1561,0.0923,0.0453,0.1137,,114070,175195
078,2021,0.683,0.2181,0.2739,0.1433,0.0984,0.0506,0.1065,,122863,179896
079,2021,0.7899,0.2353,0.2399,0.2268,0.1227,0.0476,0.0592,,171803,217506
080,2021,0.6812,0.2203,0.2192,0.2671,0.1057,0.0655,0.0603,,133235,195586
081,2021,0.7434,0.1875,0.2434,0.2527,0.0923,0.075,0.0645,,172069,231477
082,2021,0.6816,0.1703,0.2395,0.2241,0.0709,0.1187,0.0767,,134004,196593
083,2021,0.6913,0.0801,0.1758,0.3682,0.0523,0.186,0.0493,,151276,218824
084,2021,0.7566,0.1336,0.2319,0.1604,0.0792,0.1599,0.1256,,156625,206999
085,2021,0.6753,0.1673,0.2292,0.0856,0.0716,0.1586,0.1732,,133719,198002
086,2021,0.7175,0.1197,0.2295,0.1543,0.0694,0.183,0.1269,,143826,200461
087,2021,0.7942,0.2281,0.2196,0.2902,0.1079,0.0535,0.039,,140020,176306
088,2021,0.7538,0.2947,0.3159,0.1178,0.1058,0.0311,0.0734,,170670,226420
089,2021,0.7558,0.3227,0.2697,0.1171,0.1113,0.0315,0.0789,,145368,192346
090,2021,0.7695,0.3038,0.2896,0.1114,0.1124,0.03,0.0866,,153645,199656
091,2021,0.7825,0.2847,0.2829,0.1425,0.1253,0.0294,0.0694,,194862,249035
092,2021,0.7737,0.3037,0.2664,0.1368,0.1219,0.03,0.0779,,192814,249198
093,2021,0.7391,0.1977,0.2637,0.2392,0.1074,0.059,0.0597,,140901,190630
094,2021,0.8452,0.2047,0.2114,0.3193,0.1295,0.0509,0.0288,,204955,242483
095,2021,0.759,0.178,0.2584,0.2876,0.0897,0.0641,0.051,,155242,204539
096,2021,0.806,0.2253,0.2258,0.272,0.1187,0.0544,0.042,,185557,230215
097,2021,0.7887,0.2755,0.2651,0.1569,0.1238,0.034,0.0728,,188217,238627
098,2021,0.8175,0.2953,0.238,0.1769,0.1336,0.0324,0.0601,,176637,216063
099,2021,0.775,0.2774,0.2673,0.1258,0.1248,0.0325,0.0959,,160146,206640
100,2021,0.8146,0.2742,0.2526,0.1835,0.1386,0.0297,0.0571,,176933,217193
101,2021,0.7373,0.2173,0.2914,0.1917,0.1041,0.0478,0.0717,,154163,209102
102,2021,0.7243,0.21,0.2918,0.1746,0.1098,0.0554,0.0832,,146699,202528
103,2021,0.7425,0.243,0.2971,0.1498,0.1249,0.0375,0.0771,,163495,220204
104,2021,0.7854,0.2739,0.2677,0.1606,0.1332,0.0313,0.0673,,159457,203030
105,2021,0.7727,0.2706,0.28,0.1474,0.1321,0.0316,0.0741,,123769,160175
106,2021,0.793,0.2576,0.2191,0.2263,0.1592,0.0387,0.043,,175110,220827
107,2021,0.7485,0.2237,0.2522,0.2229,0.1226,0.049,0.0601,,142287,190102
108,2021,0.7605,0.2992,0.2719,0.1364,0.1263,0.0296,0.0702,,162167,213250
109,2021,0.7001,0.2847,0.2716,0.1415,0.1204,0.0384,0.0751,,129646,185185
110,2021,0.7784,0.2952,0.2549,0.1553,0.1428,0.0303,0.0604,,155726,200048
111,2021,0.7707,0.3044,0.2669,0.1478,0.1282,0.0299,0.0596,,175085,227166
112,2021,0.7589,0.3228,0.2818,0.1389,0.1151,0.0278,0.0567,,171093,225463
113,2021,0.7787,0.2667,0.334,0.1293,0.1085,0.032,0.0689,,160625,206270
114,2021,0.7487,0.2474,0.3175,0.1496,0.1141,0.036,0.0704,,131664,175852
115,2021,0.7259,0.197,0.3513,0.1523,0.0901,0.0475,0.0834,,118600,163394
116,2021,0.6334,0.187,0.3689,0.1059,0.0814,0.0464,0.1218,,98339,155265
117,2021,0.7292,0.2137,0.3683,0.1246,0.0942,0.039,0.091,,145232,199156
118,2021,0.7636,0.2359,0.3325,0.146,0.1096,0.0324,0.0803,,139658,182895
119,2021,0.6748,0.2015,0.3387,0.1338,0.0913,0.0433,0.1103,,105472,156298
120,2021,0.8031,0.2437,0.2803,0.2023,0.1183,0.0402,0.0552,,152860,190335
121,2021,0.7364,0.2318,0.3524,0.1257,0.0993,0.0351,0.0905,,121640,165193
122,2021,0.7394,0.2458,0.3552,0.1143,0.0992,0.0299,0.0916,,137841,186413
123,2021,0.6666,0.1985,0.3714,0.1004,0.0874,0.0346,0.1276,,112317,168496
124,2021,0.7752,0.3375,0.2873,0.1316,0.1141,0.0287,0.0538,,156894,202388
125,2021,0.7461,0.2494,0.3498,0.1113,0.0992,0.0304,0.0942,,148734,199344
126,2021,0.8063,0.3665,0.2623,0.1348,0.1183,0.0243,0.0479,,162159,201103
127,2021,0.8273,0.3448,0.2662,0.1592,0.1119,0.0256,0.0458,,161064,194695
128,2021,0.796,0.2752,0.3271,0.1553,0.1043,0.0306,0.0599,,155635,195513
129,2021,0.839,0.224,0.2345,0.3072,0.1063,0.0499,0.0287,,196276,233953
130,2021,0.7943,0.3142,0.2894,0.1416,0.1105,0.0275,0.064,,165808,208754
131,2021,0.7675,0.2939,0.2656,0.1587,0.1189,0.029,0.0746,,179726,234177
132,2021,0.7626,0.2028,0.2715,0.2181,0.1122,0.0622,0.0676,,185345,243059
133,2021,0.7513,0.2352,0.3156,0.1345,0.1176,0.0357,0.0955,,170464,226894
134,2021,0.7575,0.2363,0.3256,0.1304,0.1154,0.032,0.0917,,152935,201888
135,2021,0.7682,0.2282,0.3109,0.1362,0.1183,0.0375,0.0983,,172402,224415
136,2021,0.7791,0.3251,0.2724,0.1106,0.1164,0.0283,0.0867,,134346,172435
137,2021,0.7704,0.3301,0.2209,0.1525,0.1236,0.0331,0.0811,,178377,231534
138,2021,0.718,0.2382,0.3301,0.12,0.1127,0.0338,0.0958,,144751,201594
139,2021,0.7799,0.22,0.3365,0.1617,0.1064,0.0371,0.0711,,136706,175283
140,2021,0.7643,0.1941,0.3266,0.2005,0.0949,0.0536,0.0666,,154691,202393
141,2021,0.7074,0.1901,0.3823,0.1263,0.0872,0.0413,0.0975,,123045,173939
142,2021,0.7537,0.1795,0.3236,0.2058,0.0939,0.0489,0.0694,,155814,206727
143,2021,0.7217,0.1936,0.3577,0.1521,0.0954,0.0445,0.0791,,143855,199317
144,2021,0.7614,0.2177,0.364,0.1363,0.104,0.0351,0.0778,,148083,194493
145,2021,0.7298,0.2416,0.3537,0.1144,0.1001,0.034,0.0926,,168760,231226
146,2021,0.7722,0.2907,0.2871,0.1355,0.1181,0.031,0.0799,,179003,231811
147,2021,0.7807,0.3345,0.2871,0.0995,0.1203,0.0257,0.0742,,156518,200496
148,2021,0.7809,0.2619,0.3126,0.1108,0.1155,0.0356,0.0914,,162162,207672
149,2021,0.7614,0.3277,0.2757,0.0992,0.1251,0.027,0.0852,,154830,203350
150,2021,0.7338,0.2831,0.2961,0.1043,0.1201,0.0337,0.0917,,143689,195816
151,2021,0.7391,0.1953,0.21,0.0464,0.1059,0.0753,0.2723,,119206,161279
152,2021,0.7483,0.1499,0.2088,0.1553,0.1061,0.1255,0.1556,,167696,224100
153,2021,0.7824,0.131,0.2093,0.2128,0.097,0.1472,0.1124,,180880,231178
154,2021,0.7624,0.2039,0.2126,0.0585,0.1142,0.077,0.2397,,162283,212853
155,2021,0.7581,0.1756,0.1765,0.0601,0.1166,0.0727,0.2977,,149341,197004
156,2021,0.7696,0.186,0.1698,0.0398,0.1094,0.0781,0.3186,,159233,206895
157,2021,0.7499,0.183,0.1685,0.0487,0.0996,0.075,0.3253,,153057,204105
158,2021,0.7719,0.1711,0.1547,0.0527,0.1171,0.0766,0.3193,,154159,199703
159,2021,0.7922,0.1542,0.1899,0.1523,0.1223,0.1052,0.1787,,181120,228643
160,2021,0.8079,0.1385,0.1629,0.1663,0.1217,0.1112,0.1915,,189409,234432
161,2021,0.7622,0.1754,0.1849,0.0467,0.1157,0.0801,0.3002,,147733,193828
162,2021,0.7457,0.1484,0.2337,0.0908,0.1131,0.1075,0.2156,,140700,188691
163,2021,0.7755,0.1814,0.2024,0.0451,0.1112,0.0821,0.2734,,137423,177211
164,2021,0.7668,0.1963,0.1807,0.0325,0.1015,0.0757,0.3057,,161756,210941
165,2021,0.7438,0.1857,0.2111,0.049,0.106,0.0936,0.2515,,147142,197831
166,2021,0.7451,0.1967,0.2236,0.046,0.1007,0.0886,0.2506,,137816,184973
167,2021,0.7504,0.2234,0.3607,0.1086,0.1124,0.0326,0.0948,,138130,184073
168,2021,0.7452,0.1752,0.3222,0.1887,0.1023,0.0654,0.0755,,162809,218474
169,2021,0.7616,0.216,0.3765,0.0899,0.0993,0.0351,0.1155,,130905,171886
170,2021,0.7609,0.2149,0.36,0.1012,0.1108,0.0317,0.1081,,141494,185944
171,2021,0.7797,0.2213,0.3001,0.1593,0.1054,0.0577,0.0895,,141581,181588
172,2021,0.7427,0.2492,0.2942,0.112,0.1144,0.0337,0.1157,,153384,206532
173,2021,0.7444,0.2267,0.2758,0.1635,0.1071,0.0503,0.0929,,161919,217514
174,2021,0.7843,0.3111,0.2248,0.1009,0.1269,0.0275,0.1326,,163560,208542
175,2021,0.7687,0.242,0.2736,0.1111,0.1262,0.0319,0.1265,,137070,178307
176,2021,0.8008,0.2616,0.2465,0.1576,0.1542,0.0311,0.0782,,144012,179842
177,2021,0.7854,0.2362,0.2616,0.1597,0.1387,0.0357,0.0851,,138935,176897
178,2021,0.7813,0.2605,0.2564,0.1486,0.1393,0.0316,0.0852,,172247,220466
179,2021,0.7295,0.2115,0.2487,0.1988,0.1405,0.0529,0.0711,,136214,186735
180,2021,0.7455,0.2254,0.2757,0.1408,0.1323,0.0382,0.1023,,131412,176271
181,2021,0.8067,0.2704,0.2206,0.1713,0.1685,0.0301,0.0667,,157718,195514
182,2021,0.7207,0.1803,0.2261,0.2353,0.1486,0.0722,0.0546,,145010,201216
183,2021,0.7702,0.1823,0.2233,0.2555,0.147,0.0685,0.0472,,175004,227207
184,2021,0.7425,0.214,0.2976,0.1484,0.1176,0.0423,0.0881,,129261,174082
185,2021,0.72,0.2295,0.249,0.1737,0.1324,0.05,0.0776,,158052,219511
186,2021,0.7847,0.1843,0.2635,0.2243,0.119,0.0576,0.0652,,188916,240763
187,2021,0.7688,0.242,0.2796,0.1394,0.1266,0.0358,0.0902,,179830,233901
188,2021,0.7745,0.2447,0.2715,0.1417,0.1349,0.0306,0.0949,,153176,197782
189,2021,0.7385,0.2205,0.2442,0.047,0.0897,0.0993,0.2246,,154488,209203
190,2021,0.7355,0.1832,0.2488,0.0484,0.086,0.1029,0.2447,,156113,212267
191,2021,0.7759,0.1564,0.2241,0.1095,0.0922,0.1278,0.1983,,154163,198697
192,2021,0.7483,0.1551,0.2377,0.0576,0.0862,0.1099,0.2597,,142566,190519
193,2021,0.7644,0.1429,0.2387,0.1323,0.094,0.1397,0.1624,,166604,217944
194,2021,0.7324,0.1644,0.2188,0.0442,0.0976,0.1124,0.281,,168147,229588
195,2021,0.7589,0.1641,0.2127,0.0448,0.0937,0.1123,0.2817,,166531,219437
196,2021,0.7437,0.1651,0.251,0.0427,0.0827,0.1093,0.2635,,171108,230071
197,2021,0.7636,0.2681,0.2996,0.105,0.1151,0.03,0.0971,,181837,238118
198,2021,0.7609,0.2852,0.2876,0.1202,0.1189,0.0262,0.077,,148466,195109
199,2021,0.7622,0.2602,0.2935,0.144,0.1122,0.0329,0.0715,,147127,193035
200,2021,0.7873,0.2901,0.2853,0.0918,0.125,0.028,0.083,,134717,171102
201,2021,0.7573,0.2446,0.3239,0.0944,0.1149,0.0326,0.0989,,138109,182380
202,2021,0.7612,0.3014,0.2791,0.0927,0.1137,0.0265,0.0715,,124449,163493
203,2021,0.7724,0.2374,0.303,0.1559,0.1113,0.0392,0.0618,,147171,190530
204,2021,0.7787,0.265,0.3033,0.1034,0.1169,0.0288,0.0895,,164165,210816
205,2021,0.8119,0.2119,0.2677,0.2294,0.1151,0.0468,0.0538,,202670,249630
206,2021,0.7825,0.2278,0.3013,0.1262,0.1219,0.0307,0.1033,,166636,212943
207,2021,0.7343,0.2201,0.2995,0.1183,0.1202,0.0303,0.1179,,154911,210969
208,2021,0.7922,0.2398,0.2734,0.139,0.1266,0.0283,0.1015,,173828,219416
209,2021,0.753,0.1984,0.3252,0.1052,0.103,0.0381,0.1236,,169206,224701
210,2021,0.7609,0.2563,0.2927,0.0756,0.11,0.0322,0.1314,,132470,174093
211,2021,0.7892,0.2323,0.2772,0.1349,0.1245,0.033,0.1043,,171259,217000
212,2021,0.7675,0.3422,0.1422,0.0951,0.1033,0.0215,0.1083,,129441,168656
213,2021,0.8393,0.3341,0.1533,0.1469,0.1207,0.0218,0.073,,168337,200569
214,2021,0.8177,0.3259,0.1506,0.1349,0.1126,0.0231,0.0907,,194002,237250
215,2021,0.8313,0.3333,0.1623,0.1592,0.1201,0.0219,0.0688,,192779,231905
216,2021,0.7861,0.3462,0.1694,0.1117,0.1061,0.0239,0.1002,,187395,238384
217,2021,0.7848,0.2286,0.1901,0.2565,0.1484,0.0403,0.0472,,175551,223683
218,2021,0.7995,0.255,0.1868,0.2465,0.1403,0.0366,0.0465,,193958,242591
219,2021,0.806,0.2355,0.1921,0.2643,0.1247,0.0445,0.0459,,172970,214606
220,2021,0.8185,0.2304,0.1898,0.2748,0.1336,0.0416,0.0425,,198272,242252
221,2021,0.8485,0.3256,0.1721,0.1854,0.1445,0.0224,0.0528,,199333,234912
222,2021,0.8063,0.3103,0.1438,0.1362,0.121,0.0242,0.087,,191410,237390
223,2021,0.8167,0.3421,0.135,0.134,0.1259,0.0215,0.08,,136106,166662
224,2021,0.8424,0.3212,0.1586,0.1812,0.1325,0.0247,0.0614,,180978,214828
225,2021,0.7848,0.3154,0.1545,0.1226,0.0966,0.0242,0.086,,163876,208815
226,2021,0.8194,0.3513,0.1453,0.1341,0.1043,0.0228,0.0793,,138039,168473
227,2021,0.7654,0.3329,0.1569,0.0672,0.0851,0.0182,0.1414,,127193,166186
228,2021,0.7923,0.3306,0.1588,0.1031,0.1037,0.0215,0.1025,,195589,246854
229,2021,0.7694,0.325,0.1756,0.0929,0.0939,0.0227,0.1178,,136625,177563
230,2021,0.7711,0.3429,0.1434,0.0713,0.0968,0.0187,0.123,,133885,173632
231,2021,0.7651,0.3535,0.1508,0.0678,0.0877,0.0187,0.1316,,132955,173772
232,2021,0.802,0.3506,0.183,0.0939,0.0874,0.0238,0.1042,,173297,216071
233,2021,0.8015,0.3088,0.1744,0.1619,0.0947,0.0343,0.0875,,198937,248192
234,2021,0.7866,0.3413,0.1792,0.0642,0.0726,0.0195,0.135,,174957,222424
235,2021,0.7976,0.3536,0.2243,0.0698,0.0731,0.0215,0.1134,,132247,165807
236,2021,0.8142,0.3341,0.1736,0.1479,0.0968,0.0316,0.0965,,148660,182586
237,2021,0.795,0.3405,0.2068,0.1217,0.0935,0.0256,0.0905,,129136,162430
238,2021,0.7911,0.3194,0.2524,0.093,0.0867,0.0253,0.1042,,123864,156571
239,2021,0.7695,0.3316,0.2443,0.0773,0.0847,0.0241,0.1169,,125334,162872
240,2021,0.8121,0.3618,0.1979,0.0877,0.0835,0.0218,0.1156,,137178,168923
241,2021,0.7916,0.3306,0.1966,0.1166,0.0847,0.0256,0.1,,192508,243174
242,2021,0.8296,0.2887,0.1949,0.2018,0.1038,0.0376,0.0703,,155377,187299
243,2021,0.7895,0.2995,0.2149,0.1512,0.0953,0.0353,0.0898,,197939,250730
244,2021,0.7712,0.2377,0.2092,0.2357,0.1017,0.0597,0.0615,,145212,188283
245,2021,0.7307,0.3004,0.2268,0.1374,0.0893,0.038,0.1002,,129560,177316
246,2021,0.8273,0.3231,0.2055,0.1388,0.0899,0.0262,0.085,,189675,229279
247,2021,0.8036,0.3139,0.2075,0.1417,0.1112,0.0279,0.0941,,146772,182652
248,2021,0.8136,0.3759,0.1764,0.0917,0.0879,0.0278,0.1065,,174164,214061
249,2021,0.8134,0.3444,0.2086,0.1134,0.0901,0.0235,0.0886,,158133,194408
250,2021,0.7999,0.3482,0.195,0.1093,0.0962,0.0315,0.1003,,157357,196710
251,2021,0.8255,0.303,0.2008,0.1929,0.1041,0.038,0.0662,,185659,224907
252,2021,0.7387,0.2535,0.1915,0.19,0.1113,0.0456,0.0911,,153315,207543
253,2021,0.821,0.3333,0.164,0.1287,0.1095,0.0205,0.0957,,204737,249372
254,2021,0.8021,0.3516,0.1651,0.0955,0.0998,0.0183,0.1097,,157033,195774
255,2021,0.7805,0.3145,0.1699,0.1106,0.1173,0.0235,0.1188,,188813,241919
256,2021,0.7944,0.3044,0.1655,0.1516,0.1159,0.0279,0.0794,,181755,228803
257,2021,0.7928,0.3169,0.1564,0.12,0.1091,0.0253,0.1001,,198667,250575
258,2021,0.8212,0.2011,0.1977,0.2841,0.166,0.0518,0.042,,157514,191811
259,2021,0.7465,0.214,0.2276,0.2127,0.1528,0.0508,0.0719,,133588,178958
260,2021,0.7955,0.2611,0.2058,0.1679,0.1807,0.0265,0.0866,,195335,245553
261,2021,0.7915,0.253,0.2277,0.1823,0.1594,0.031,0.0742,,131888,166628
262,2021,0.8049,0.2602,0.2066,0.1683,0.175,0.0265,0.0871,,165777,205967
263,2021,0.7657,0.261,0.2338,0.1258,0.1616,0.0248,0.1147,,135606,177107
264,2021,0.7929,0.2574,0.216,0.1551,0.1774,0.0286,0.0885,,175841,221775
265,2021,0.7981,0.2476,0.2182,0.184,0.1616,0.0309,0.0838,,171843,215312
266,2021,0.809,0.2498,0.2231,0.1566,0.166,0.0262,0.1009,,186673,230738
267,2021,0.7587,0.2393,0.2262,0.1297,0.1623,0.0284,0.1316,,182804,240951
268,2021,0.7645,0.245,0.2177,0.1328,0.1626,0.0291,0.1272,,172687,225874
269,2021,0.7706,0.2584,0.2167,0.1372,0.158,0.029,0.118,,136436,177062
270,2021,0.7642,0.2742,0.236,0.1269,0.1469,0.0271,0.1072,,168655,220686
271,2021,0.7762,0.1767,0.2135,0.2777,0.1301,0.0562,0.068,,159591,205608
272,2021,0.803,0.257,0.2309,0.1618,0.148,0.0269,0.0952,,167946,209147
273,2021,0.7581,0.2698,0.2369,0.1426,0.1382,0.0278,0.1062,,155331,204890
274,2021,0.8143,0.208,0.2278,0.2563,0.1314,0.0488,0.0612,,177868,218431
275,2021,0.722,0.1822,0.2529,0.2115,0.1313,0.0501,0.0911,,142132,196863
276,2021,0.7738,0.3045,0.2217,0.1106,0.1305,0.0254,0.1197,,162058,209418
277,2021,0.7826,0.2546,0.2348,0.1577,0.1437,0.0283,0.1028,,154085,196882
278,2021,0.7777,0.2578,0.2284,0.1383,0.1458,0.0274,0.1158,,152231,195755
279,2021,0.7552,0.2418,0.2107,0.1304,0.163,0.0267,0.1355,,163982,217126
280,2021,0.7678,0.2826,0.1885,0.1141,0.1766,0.0241,0.1285,,152863,199092
281,2021,0.8065,0.174,0.2123,0.3161,0.1064,0.0691,0.0492,,180976,224392
282,2021,0.7533,0.2231,0.2424,0.1902,0.143,0.0321,0.0823,,174064,231076
283,2021,0.7676,0.2481,0.2385,0.1724,0.1329,0.0313,0.0899,,168004,218872
284,2021,0.7614,0.2591,0.2129,0.1487,0.1469,0.0285,0.0987,,156776,205893
285,2021,0.7552,0.2761,0.1862,0.1085,0.1811,0.0225,0.1336,,149664,198182
286,2021,0.7547,0.2659,0.2124,0.1332,0.1621,0.0252,0.1078,,122862,162800
287,2021,0.7648,0.2315,0.2088,0.2104,0.1503,0.0371,0.0853,,157563,206009
288,2021,0.7683,0.2636,0.228,0.1725,0.1364,0.0288,0.0834,,136195,177275
289,2021,0.7722,0.2589,0.2067,0.1586,0.1657,0.0333,0.1026,,153820,199189
290,2021,0.8091,0.2176,0.2039,0.2342,0.1419,0.0515,0.0785,,160835,198791
291,2021,0.7948,0.2657,0.2067,0.1773,0.1441,0.0305,0.0911,,177537,223376
292,2021,0.7883,0.3061,0.1751,0.1367,0.1449,0.0224,0.1082,,133345,169147
293,2021,0.7902,0.2672,0.1972,0.1727,0.1579,0.0285,0.0871,,137838,174430
294,2021,0.7828,0.2667,0.1901,0.1749,0.1489,0.0324,0.0867,,147020,187817
295,2021,0.756,0.2881,0.1957,0.1135,0.1699,0.0259,0.1207,,138084,182648
296,2021,0.7396,0.205,0.3811,0,0.117,0.096,0.0926,,142697,192929
297,2021,0.783,0.2437,0.3642,0,0.1208,0.0673,0.1001,,159170,203279
298,2021,0.8078,0.2645,0.3738,0,0.1089,0.0576,0.0942,,139808,173074
299,2021,0.7652,0.2288,0.3724,0,0.1124,0.0661,0.1149,,142288,185941
001,2025,0.8309,0.2485,0.1592,0.1594,0.0368,0.0829,0.1525,0.0315,192882,232131
002,2025,0.8266,0.2963,0.1742,0.1227,0.0498,0.0617,0.1606,0.0321,153755,186019
003,2025,0.832,0.2923,0.1758,0.1104,0.0511,0.0663,0.2037,0.0368,146393,175948
004,2025,0.8512,0.2926,0.1772,0.147,0.0464,0.0634,0.1602,0.0318,172504,202649
005,2025,0.8296,0.1975,0.1929,0.2294,0.0395,0.137,0.1075,0.0328,167176,201508
006,2025,0.8264,0.2861,0.1917,0.1399,0.0431,0.0677,0.18,0.0353,143576,173740
007,2025,0.846,0.2886,0.2023,0.1453,0.0506,0.0757,0.156,0.0357,200304,236767
008,2025,0.8489,0.2906,0.1908,0.1368,0.0521,0.0707,0.172,0.0369,211551,249219
009,2025,0.8326,0.3115,0.1967,0.1273,0.051,0.0596,0.1766,0.0309,150786,181112
010,2025,0.8475,0.2972,0.1926,0.1394,0.0536,0.0689,0.1718,0.037,208042,245473
011,2025,0.8023,0.2253,0.2112,0.179,0.039,0.105,0.1565,0.0373,142999,178245
012,2025,0.8068,0.189,0.1449,0.0557,0.0329,0.1148,0.3226,0.1036,171841,212978
013,2025,0.8041,0.1843,0.1423,0.0479,0.0304,0.1072,0.3477,0.1056,162855,202532
014,2025,0.8098,0.168,0.1425,0.0895,0.034,0.1727,0.2562,0.099,179109,221164
015,2025,0.7862,0.1765,0.1035,0.062,0.0335,0.1254,0.3547,0.1014,186435,237125
016,2025,0.7792,0.1731,0.0977,0.0283,0.0315,0.0948,0.4285,0.1139,168212,215874
017,2025,0.7831,0.1789,0.1141,0.0337,0.0291,0.1029,0.3983,0.1115,160586,205056
018,2025,0.7765,0.157,0.2219,0.2026,0.0412,0.19,0.1052,0.0453,189443,243955
019,2025,0.8406,0.1952,0.2056,0.2369,0.0467,0.18,0.0733,0.0332,158855,188984
020,2025,0.851,0.2022,0.2237,0.2387,0.0491,0.1452,0.0759,0.0327,165712,194730
021,2025,0.8563,0.2608,0.2253,0.2107,0.0585,0.1019,0.0832,0.0301,190250,222169
022,2025,0.7807,0.2233,0.2487,0.1451,0.041,0.1147,0.1413,0.0474,179963,230501
023,2025,0.7608,0.2037,0.2375,0.1255,0.0329,0.1393,0.1728,0.0517,166582,218950
024,2025,0.8203,0.2328,0.2862,0.0824,0.0327,0.0753,0.2104,0.0417,155699,189800
025,2025,0.8347,0.3278,0.2175,0.0723,0.0391,0.0657,0.2088,0.0373,198273,237527
026,2025,0.8114,0.2643,0.2549,0.0839,0.0398,0.0727,0.202,0.0408,150806,185864
027,2025,0.8458,0.2385,0.2382,0.1649,0.0443,0.1123,0.129,0.0381,193988,229344
028,2025,0.8224,0.2613,0.2381,0.1001,0.0491,0.074,0.1953,0.0416,185056,225017
029,2025,0.8294,0.2977,0.2399,0.0885,0.0377,0.0601,0.2003,0.0371,155165,187074
030,2025,0.8446,0.3069,0.2199,0.1094,0.0402,0.0709,0.1833,0.0331,167138,197893
031,2025,0.8535,0.3928,0.2123,0.0869,0.0449,0.0635,0.1434,0.0293,199529,233785
032,2025,0.8315,0.3954,0.1561,0.0713,0.0453,0.0619,0.206,0.0334,187176,225099
033,2025,0.8355,0.3043,0.2283,0.1026,0.0457,0.0681,0.1757,0.0367,162094,194011
034,2025,0.8474,0.2801,0.2298,0.1236,0.042,0.0729,0.1764,0.0395,166168,196082
035,2025,0.8291,0.2809,0.2478,0.0923,0.0369,0.0705,0.1982,0.0344,139371,168109
036,2025,0.8641,0.304,0.2049,0.129,0.0486,0.0705,0.1681,0.0356,175135,202671
037,2025,0.8486,0.2406,0.2099,0.1662,0.0365,0.1037,0.1624,0.0386,155019,182679
038,2025,0.8409,0.3206,0.2223,0.0985,0.0431,0.0653,0.181,0.0369,167747,199476
039,2025,0.8402,0.2627,0.2446,0.1596,0.0413,0.1107,0.1153,0.0343,161535,192267
040,2025,0.8246,0.2739,0.2431,0.0992,0.0379,0.0653,0.2058,0.0367,157513,191029
041,2025,0.8195,0.214,0.2367,0.1802,0.0432,0.1191,0.1288,0.0449,143749,175419
042,2025,0.8381,0.1876,0.2206,0.2126,0.0388,0.1649,0.1037,0.0388,159053,189782
043,2025,0.8456,0.2975,0.227,0.1137,0.0457,0.0691,0.1738,0.039,192232,227327
044,2025,0.8231,0.2968,0.2088,0.1023,0.0431,0.0701,0.2034,0.0363,174872,212447
045,2025,0.8474,0.2746,0.2387,0.0952,0.0372,0.0649,0.2132,0.0382,183851,216950
046,2025,0.8117,0.2701,0.2461,0.0941,0.0393,0.0666,0.2119,0.0376,145350,179071
047,2025,0.845,0.2744,0.2415,0.122,0.0399,0.0742,0.1746,0.0384,197778,234055
048,2025,0.8367,0.269,0.2424,0.1155,0.0372,0.0839,0.1806,0.0374,176681,211156
049,2025,0.8175,0.2653,0.2437,0.0872,0.0354,0.0779,0.2134,0.0404,159593,195221
050,2025,0.8339,0.2262,0.2264,0.1798,0.0398,0.1163,0.1334,0.0386,155402,186358
051,2025,0.818,0.2772,0.2323,0.0853,0.0378,0.067,0.2177,0.045,144199,176276
052,2025,0.8128,0.2795,0.2487,0.0871,0.0396,0.0693,0.2,0.039,155587,191421
053,2025,0.8352,0.2565,0.2196,0.1568,0.0396,0.1113,0.1447,0.0378,175553,210202
054,2025,0.812,0.2126,0.2191,0.1848,0.0383,0.1591,0.1176,0.0413,194761,239863
055,2025,0.7385,0.1967,0.2469,0.1196,0.0316,0.1335,0.1923,0.046,155605,210701
056,2025,0.7848,0.1736,0.1592,0.0438,0.0254,0.0977,0.3656,0.1066,133142,169648
057,2025,0.789,0.1609,0.1383,0.0484,0.0265,0.1097,0.3598,0.124,142115,180128
058,2025,0.8387,0.2173,0.1538,0.084,0.0361,0.0934,0.2933,0.0875,211139,251733
059,2025,0.8334,0.1689,0.131,0.058,0.0289,0.1128,0.3383,0.1232,193015,231598
060,2025,0.7982,0.1835,0.1721,0.06,0.0289,0.1077,0.3141,0.1016,161157,201899
061,2025,0.8568,0.1918,0.1705,0.1458,0.0431,0.1473,0.1849,0.0834,200726,234264
062,2025,0.8323,0.196,0.147,0.0624,0.035,0.1023,0.321,0.1023,200748,241186
063,2025,0.7968,0.1664,0.1357,0.0475,0.0315,0.1061,0.3542,0.126,149773,187968
064,2025,0.7977,0.1593,0.1396,0.0401,0.0323,0.0924,0.3905,0.1152,132378,165945
065,2025,0.795,0.1651,0.125,0.028,0.0308,0.0872,0.4095,0.1173,134488,169170
066,2025,0.7828,0.1928,0.1166,0.0334,0.0303,0.1053,0.3735,0.1162,178476,227996
067,2025,0.7853,0.1915,0.104,0.0264,0.0292,0.0908,0.4152,0.1128,170433,217023
068,2025,0.7693,0.1957,0.1152,0.0383,0.0273,0.1013,0.3696,0.1175,154033,200219
069,2025,0.7824,0.1859,0.1262,0.0708,0.0302,0.1341,0.3038,0.1123,174468,222983
070,2025,0.7738,0.2147,0.105,0.039,0.0292,0.0952,0.3745,0.1083,176302,227853
071,2025,0.7731,0.1807,0.1207,0.0881,0.0352,0.1535,0.2864,0.1018,173599,224552
072,2025,0.7728,0.1881,0.0907,0.0293,0.0328,0.0866,0.4234,0.1159,157343,203597
073,2025,0.7752,0.1844,0.0958,0.0246,0.0324,0.0896,0.4307,0.116,163183,210496
074,2025,0.7803,0.1347,0.1503,0.2169,0.0399,0.2709,0.0888,0.0608,161865,207445
075,2025,0.8457,0.1445,0.1315,0.1959,0.0331,0.2179,0.1569,0.0763,199072,235392
076,2025,0.7779,0.2643,0.1728,0.1283,0.045,0.1182,0.1738,0.0532,134126,172428
077,2025,0.7551,0.2379,0.1838,0.1107,0.0394,0.1292,0.1915,0.0599,133309,176536
078,2025,0.8469,0.2679,0.1822,0.198,0.0594,0.1144,0.1032,0.039,181883,214757
079,2025,0.8301,0.2311,0.1791,0.2174,0.064,0.1453,0.0887,0.0433,162287,195504
080,2025,0.815,0.2093,0.1769,0.1988,0.0385,0.173,0.113,0.0513,186838,229238
081,2025,0.7596,0.1804,0.1574,0.1533,0.0278,0.2527,0.13,0.0564,146236,192506
082,2025,0.8269,0.0928,0.134,0.2588,0.0278,0.3167,0.0721,0.0591,180869,218729
083,2025,0.8209,0.1532,0.1268,0.1198,0.0293,0.2169,0.2157,0.0917,169802,206841
084,2025,0.7632,0.165,0.1089,0.06,0.0256,0.1668,0.3118,0.1094,149493,195867
085,2025,0.7896,0.1376,0.1188,0.1082,0.0251,0.2346,0.2244,0.1012,155397,196799
086,2025,0.8342,0.239,0.1763,0.2432,0.048,0.1287,0.0971,0.0354,143853,172442
087,2025,0.8111,0.3154,0.2094,0.0939,0.042,0.068,0.1911,0.0408,182361,224835
088,2025,0.817,0.3523,0.1709,0.0873,0.0418,0.0632,0.2013,0.0389,157150,192359
089,2025,0.8256,0.3334,0.1854,0.0847,0.0429,0.0642,0.2051,0.0424,164552,199301
090,2025,0.8373,0.3163,0.1971,0.1158,0.0499,0.0719,0.167,0.0427,207151,247391
091,2025,0.8348,0.3379,0.1768,0.1091,0.048,0.0628,0.1836,0.0398,207572,248663
092,2025,0.8018,0.2229,0.1956,0.1792,0.0421,0.1492,0.1238,0.0471,153110,190951
093,2025,0.8798,0.2497,0.1772,0.2575,0.0605,0.1345,0.0628,0.0281,214600,243912
094,2025,0.8184,0.1932,0.199,0.2184,0.0339,0.1634,0.112,0.0427,169136,206670
095,2025,0.8488,0.2616,0.1768,0.229,0.0519,0.1245,0.0892,0.0359,193699,228194
096,2025,0.8371,0.3193,0.179,0.125,0.05,0.0678,0.1738,0.0429,199347,238140
097,2025,0.8548,0.3496,0.1664,0.147,0.0563,0.0652,0.1428,0.0364,183163,214269
098,2025,0.831,0.3168,0.1777,0.0951,0.0461,0.0629,0.2119,0.0461,169819,204353
099,2025,0.859,0.3378,0.1849,0.1504,0.0556,0.0653,0.1327,0.0344,184312,214554
100,2025,0.8017,0.2461,0.2122,0.1421,0.0391,0.1165,0.1545,0.0474,165366,206279
101,2025,0.779,0.2355,0.2018,0.126,0.0413,0.1223,0.1794,0.0542,153114,196546
102,2025,0.8017,0.2847,0.201,0.112,0.0473,0.0843,0.1828,0.047,173656,216618
103,2025,0.8343,0.321,0.1888,0.1277,0.0565,0.069,0.1555,0.0419,167587,200860
104,2025,0.8277,0.3204,0.1944,0.1125,0.0528,0.0709,0.1683,0.0429,129847,156872
105,2025,0.8334,0.3031,0.1721,0.1828,0.0781,0.0952,0.0995,0.0365,187057,224445
106,2025,0.8043,0.2514,0.1888,0.1706,0.0545,0.1178,0.1297,0.0479,151908,188875
107,2025,0.8214,0.3287,0.1862,0.1071,0.0524,0.0742,0.1693,0.0429,173161,210819
108,2025,0.7729,0.3057,0.1872,0.0995,0.0455,0.0949,0.1806,0.046,140063,181209
109,2025,0.835,0.3408,0.1812,0.1226,0.0619,0.0703,0.1463,0.0385,164150,196586
110,2025,0.8306,0.3477,0.1821,0.1141,0.0543,0.0643,0.1587,0.0372,185834,223739
111,2025,0.8154,0.3652,0.1875,0.1047,0.0447,0.0641,0.1605,0.0336,182375,223650
112,2025,0.8351,0.3148,0.2318,0.0949,0.0425,0.0658,0.1735,0.0372,170433,204087
113,2025,0.8091,0.2884,0.2239,0.1103,0.0476,0.0804,0.1665,0.044,140222,173314
114,2025,0.795,0.2295,0.2571,0.1066,0.0335,0.1041,0.1731,0.0508,127170,159961
115,2025,0.7339,0.1943,0.2531,0.0656,0.0266,0.1108,0.2477,0.0584,111847,152391
116,2025,0.8037,0.2494,0.2517,0.0889,0.0339,0.0825,0.2039,0.0474,155814,193877
117,2025,0.8207,0.2809,0.2361,0.1099,0.0427,0.0784,0.1705,0.0429,145633,177448
118,2025,0.7496,0.2231,0.2315,0.0898,0.0297,0.1065,0.2198,0.0555,114166,152295
119,2025,0.8449,0.2957,0.2115,0.1614,0.0491,0.0904,0.1213,0.0345,157566,186492
120,2025,0.7984,0.2738,0.2329,0.097,0.0357,0.075,0.2017,0.0441,129034,161611
121,2025,0.8083,0.2877,0.2338,0.0875,0.0353,0.0663,0.2096,0.0403,147462,182424
122,2025,0.745,0.2272,0.241,0.0652,0.0302,0.0943,0.2466,0.0507,122676,164673
123,2025,0.8361,0.3881,0.1858,0.1047,0.0421,0.0634,0.1483,0.0323,168635,201685
124,2025,0.8087,0.2927,0.2311,0.0839,0.0345,0.067,0.2088,0.0427,157959,195336
125,2025,0.8583,0.4237,0.1738,0.1066,0.0441,0.0545,0.133,0.0295,172498,200973
126,2025,0.8743,0.4019,0.179,0.1352,0.0424,0.0546,0.1265,0.0283,169671,194072
127,2025,0.8526,0.3312,0.2215,0.1209,0.0399,0.0644,0.1516,0.0362,165562,194178
128,2025,0.8752,0.2573,0.1807,0.2661,0.0465,0.1251,0.0686,0.0267,207991,237654
129,2025,0.8471,0.3664,0.186,0.1127,0.0408,0.0626,0.1598,0.0361,175926,207690
130,2025,0.8278,0.3339,0.1811,0.1159,0.0443,0.064,0.1835,0.0421,192669,232757
131,2025,0.8191,0.2334,0.2034,0.1653,0.0417,0.1318,0.1437,0.0455,196973,240475
132,2025,0.8148,0.2777,0.2149,0.097,0.0413,0.0712,0.2129,0.0483,181750,223060
133,2025,0.8206,0.2749,0.2215,0.0948,0.0418,0.0663,0.2175,0.0447,163423,199147
134,2025,0.8243,0.2713,0.2091,0.1061,0.0425,0.068,0.2179,0.0445,182679,221604
135,2025,0.8371,0.3645,0.1696,0.0835,0.0432,0.0562,0.2063,0.0395,141885,169491
136,2025,0.8305,0.3732,0.1375,0.115,0.0421,0.0708,0.1894,0.0396,192337,231585
137,2025,0.7872,0.2836,0.2138,0.088,0.0386,0.0777,0.2094,0.0483,154267,195958
138,2025,0.8356,0.2732,0.2375,0.1254,0.0407,0.075,0.1676,0.04,142858,170960
139,2025,0.817,0.2352,0.242,0.1489,0.0365,0.1208,0.1382,0.0392,163505,200128
140,2025,0.7755,0.2275,0.2585,0.0893,0.0297,0.0959,0.2093,0.0466,132167,170434
141,2025,0.8123,0.221,0.2302,0.1531,0.0359,0.1183,0.1572,0.0431,165438,203655
142,2025,0.7893,0.235,0.2446,0.1128,0.0353,0.1018,0.18,0.0478,154308,195508
143,2025,0.8268,0.2738,0.2469,0.104,0.0347,0.072,0.1879,0.0402,157467,190464
144,2025,0.7988,0.2835,0.2315,0.0817,0.0337,0.0749,0.2107,0.0457,181924,227760
145,2025,0.8303,0.3502,0.1838,0.1005,0.0405,0.0611,0.1891,0.0391,190466,229384
146,2025,0.8388,0.4362,0.1637,0.0732,0.038,0.0534,0.1672,0.0324,165006,196716
147,2025,0.8306,0.3156,0.1992,0.0857,0.0397,0.0724,0.2028,0.045,168074,202346
148,2025,0.8209,0.3889,0.1644,0.0722,0.0395,0.0548,0.2051,0.0409,163294,198932
149,2025,0.8006,0.3404,0.1826,0.0752,0.0396,0.0676,0.2134,0.0431,153042,191152
150,2025,0.8008,0.2076,0.0838,0.0342,0.0318,0.08,0.4277,0.0868,126905,158475
151,2025,0.8174,0.1743,0.1009,0.1079,0.0318,0.2105,0.2529,0.0776,183932,225020
152,2025,0.842,0.1575,0.1123,0.1624,0.0314,0.2392,0.1866,0.0708,195980,232750
153,2025,0.8169,0.2226,0.0882,0.046,0.0342,0.0877,0.3848,0.0859,172244,210845
154,2025,0.8142,0.1996,0.0706,0.0456,0.0379,0.0783,0.4362,0.0888,157184,193052
155,2025,0.8063,0.2004,0.0646,0.0292,0.0311,0.0776,0.4601,0.0915,161774,200639
156,2025,0.7876,0.1975,0.0638,0.0335,0.0291,0.0773,0.4668,0.0898,155057,196873
157,2025,0.8157,0.1933,0.0596,0.0396,0.0324,0.0735,0.4653,0.0919,160372,196612
158,2025,0.8215,0.1987,0.0991,0.1225,0.0385,0.1382,0.2737,0.0841,184922,225103
159,2025,0.8409,0.1806,0.0849,0.1306,0.0355,0.1586,0.286,0.078,196333,233483
160,2025,0.7887,0.2061,0.0756,0.0351,0.0317,0.08,0.4346,0.0944,148354,188107
161,2025,0.7906,0.1941,0.1109,0.0664,0.0314,0.1224,0.3266,0.1075,144921,183295
162,2025,0.8142,0.2122,0.0855,0.0325,0.0317,0.078,0.4112,0.1045,140055,172020
163,2025,0.8095,0.2063,0.066,0.0224,0.0295,0.0698,0.4616,0.0985,164320,202990
164,2025,0.7957,0.2127,0.0893,0.0328,0.03,0.0854,0.4056,0.1018,150838,189565
165,2025,0.7956,0.2161,0.088,0.0315,0.0291,0.0777,0.406,0.1105,141586,177951
166,2025,0.8316,0.2876,0.2286,0.0855,0.0398,0.0613,0.2109,0.0437,150082,180475
167,2025,0.818,0.2246,0.2233,0.1453,0.0359,0.1229,0.1576,0.053,175165,214132
168,2025,0.8262,0.2842,0.2219,0.0725,0.0383,0.0625,0.2322,0.0419,138607,167770
169,2025,0.842,0.2741,0.224,0.0781,0.0406,0.0567,0.2375,0.0429,153589,182420
170,2025,0.847,0.2629,0.2055,0.1295,0.039,0.1057,0.1818,0.0391,152353,179872
171,2025,0.8157,0.3016,0.1888,0.0879,0.0407,0.0664,0.2276,0.0429,166049,203567
172,2025,0.8304,0.2656,0.1875,0.1237,0.0418,0.0979,0.1914,0.0446,178656,215142
173,2025,0.847,0.3757,0.1284,0.076,0.049,0.0524,0.2358,0.0359,174948,206544
174,2025,0.8374,0.3054,0.1631,0.0881,0.0465,0.0574,0.2484,0.0416,146914,175443
175,2025,0.8558,0.3357,0.1664,0.1306,0.0657,0.0617,0.1638,0.0372,152705,178433
176,2025,0.8469,0.3075,0.1759,0.1324,0.0536,0.0713,0.1738,0.0384,149796,176870
177,2025,0.842,0.3343,0.1698,0.1219,0.056,0.0631,0.1759,0.0371,182782,217091
178,2025,0.7967,0.2662,0.1747,0.1596,0.0559,0.1151,0.1409,0.0492,148215,186038
179,2025,0.8185,0.2873,0.1831,0.1088,0.0494,0.0855,0.1927,0.0501,143429,175243
180,2025,0.8578,0.3512,0.1567,0.1449,0.0739,0.0661,0.1328,0.0366,165885,193390
181,2025,0.7915,0.2351,0.171,0.1805,0.0663,0.1539,0.1075,0.052,160179,202372
182,2025,0.8296,0.2491,0.172,0.2072,0.0658,0.1353,0.0934,0.0446,191532,230870
183,2025,0.8164,0.2718,0.2006,0.1135,0.0449,0.0995,0.1693,0.0566,140680,172314
184,2025,0.7986,0.2774,0.1745,0.1309,0.0541,0.115,0.1517,0.0565,174373,218352
185,2025,0.8476,0.2415,0.1852,0.1908,0.0479,0.1117,0.136,0.0446,202987,239490
186,2025,0.8446,0.3071,0.1813,0.1126,0.0494,0.0711,0.1875,0.0444,194831,230672
187,2025,0.8437,0.3122,0.1738,0.1121,0.0518,0.0609,0.2015,0.0428,164877,195419
188,2025,0.8031,0.2334,0.0856,0.0269,0.0297,0.1329,0.3894,0.0855,165873,206544
189,2025,0.7951,0.1967,0.0934,0.0298,0.0255,0.1308,0.4036,0.0936,159955,201183
190,2025,0.8301,0.1734,0.0904,0.0758,0.0307,0.1867,0.3246,0.0917,161207,194202
191,2025,0.803,0.1765,0.0883,0.0351,0.0266,0.1496,0.4056,0.0926,147985,184279
192,2025,0.8207,0.1757,0.1053,0.0876,0.0288,0.2212,0.2688,0.0897,175940,214387
193,2025,0.7885,0.1777,0.079,0.0286,0.0298,0.1302,0.4337,0.099,173700,220281
194,2025,0.816,0.1794,0.0753,0.0295,0.0281,0.1346,0.4292,0.0992,172602,211519
195,2025,0.8007,0.1748,0.0835,0.0248,0.026,0.1255,0.4309,0.1015,176212,220067
196,2025,0.8231,0.3226,0.1848,0.0812,0.044,0.0606,0.2175,0.0467,194324,236097
197,2025,0.835,0.3484,0.1792,0.0991,0.0477,0.0572,0.1832,0.0387,159650,191196
198,2025,0.8221,0.3147,0.1951,0.1163,0.0478,0.0768,0.164,0.04,155931,189667
199,2025,0.8432,0.3492,0.178,0.0773,0.0533,0.0525,0.1963,0.0396,142248,168705
200,2025,0.8157,0.303,0.2028,0.0795,0.0442,0.059,0.2231,0.0433,146442,179523
201,2025,0.8328,0.366,0.1694,0.0754,0.0452,0.0496,0.1791,0.0373,134533,161542
202,2025,0.8355,0.307,0.1996,0.1221,0.0466,0.0769,0.1545,0.0439,156721,187569
203,2025,0.8332,0.3249,0.1814,0.0846,0.046,0.0598,0.2101,0.0426,174499,209443
204,2025,0.8548,0.2657,0.1852,0.2066,0.0512,0.1107,0.1081,0.033,214618,251074
205,2025,0.8405,0.2882,0.1909,0.1068,0.0466,0.0635,0.2193,0.0393,178184,211986
206,2025,0.7918,0.2751,0.1942,0.0889,0.0439,0.0683,0.2343,0.0487,163099,205998
207,2025,0.8424,0.3036,0.1813,0.1181,0.0486,0.0557,0.2039,0.0407,182125,216200
208,2025,0.8152,0.249,0.2055,0.0823,0.0393,0.0606,0.2587,0.0498,179205,219842
209,2025,0.8198,0.3026,0.1741,0.0591,0.0412,0.0479,0.2708,0.0501,139067,169645
210,2025,0.8329,0.3084,0.1719,0.1109,0.043,0.0613,0.212,0.0431,179902,215995
211,2025,0.8174,0.3963,0.0837,0.078,0.0356,0.0453,0.2418,0.0332,137701,168462
212,2025,0.8713,0.4007,0.1009,0.1301,0.0505,0.0505,0.1651,0.0269,175164,201029
213,2025,0.8583,0.3846,0.099,0.1162,0.0436,0.0521,0.1907,0.0285,204980,238829
214,2025,0.8643,0.3968,0.1163,0.1397,0.0504,0.0533,0.1499,0.0269,199398,230710
215,2025,0.824,0.4026,0.1014,0.0923,0.0376,0.0474,0.2142,0.0302,195987,237848
216,2025,0.8298,0.289,0.1538,0.2284,0.0669,0.0907,0.0955,0.0328,185631,223701
217,2025,0.8412,0.3108,0.1514,0.2203,0.0628,0.0839,0.0963,0.0321,205040,243744
218,2025,0.8433,0.2869,0.1551,0.2408,0.0557,0.0935,0.0928,0.0309,181255,214947
219,2025,0.8552,0.2875,0.1535,0.2504,0.0596,0.0887,0.0894,0.0291,210862,246574
220,2025,0.8751,0.3905,0.1299,0.1723,0.0633,0.0503,0.1174,0.0257,205548,234884
221,2025,0.8438,0.3758,0.0959,0.1245,0.0466,0.0505,0.1959,0.0303,201583,238910
222,2025,0.8548,0.4189,0.0907,0.1244,0.0531,0.0404,0.1717,0.0273,141799,165895
223,2025,0.8733,0.3869,0.1151,0.1679,0.0584,0.0517,0.1348,0.0268,188310,215624
224,2025,0.8256,0.3885,0.0984,0.1028,0.0342,0.0437,0.2012,0.0343,172572,209020
225,2025,0.8548,0.4164,0.0969,0.1193,0.0472,0.0479,0.1691,0.0281,143698,168111
226,2025,0.8197,0.3844,0.0808,0.0507,0.0317,0.0309,0.2925,0.0295,135485,165283
227,2025,0.8396,0.3623,0.0946,0.087,0.0373,0.0463,0.2237,0.0294,208132,247907
228,2025,0.8183,0.3858,0.0967,0.0683,0.0327,0.0395,0.2551,0.0341,144115,176118
229,2025,0.8252,0.3844,0.0766,0.0551,0.03,0.0351,0.2607,0.0292,142709,172941
230,2025,0.8204,0.3928,0.0801,0.0529,0.0303,0.035,0.2772,0.0294,141540,172522
231,2025,0.8487,0.4008,0.1067,0.077,0.0329,0.044,0.2207,0.028,181941,214379
232,2025,0.8474,0.3568,0.1113,0.1336,0.035,0.0698,0.1875,0.0295,212696,250984
233,2025,0.8374,0.3926,0.0927,0.0497,0.0267,0.0328,0.2817,0.0249,185033,220950
234,2025,0.8408,0.404,0.1168,0.0581,0.0306,0.0394,0.2429,0.0259,136787,162689
235,2025,0.8579,0.3699,0.1132,0.1256,0.0393,0.0652,0.1933,0.0294,155529,181281
236,2025,0.8413,0.385,0.1227,0.0984,0.0373,0.0569,0.1996,0.0298,134067,159361
237,2025,0.8393,0.3719,0.1434,0.0748,0.0322,0.0543,0.2222,0.0338,128769,153429
238,2025,0.8196,0.3796,0.135,0.0605,0.0312,0.0532,0.2427,0.036,129424,157915
239,2025,0.8553,0.4026,0.1086,0.0721,0.0323,0.044,0.2338,0.0297,141525,165464
240,2025,0.8436,0.3728,0.1211,0.0946,0.0334,0.0499,0.2153,0.0364,203824,241618
241,2025,0.868,0.3374,0.1387,0.1801,0.0426,0.0714,0.1453,0.0296,162264,186938
242,2025,0.8374,0.3437,0.1417,0.1244,0.039,0.0679,0.1884,0.0356,208200,248612
243,2025,0.8087,0.2725,0.1563,0.1969,0.0433,0.1276,0.1214,0.0373,151372,187179
244,2025,0.7831,0.3225,0.1529,0.1121,0.0358,0.0858,0.1976,0.0446,136860,174758
245,2025,0.8659,0.3776,0.1339,0.1215,0.0381,0.0541,0.1803,0.0299,197152,227696
246,2025,0.8573,0.3804,0.1274,0.1116,0.0442,0.06,0.1903,0.0324,155293,181144
247,2025,0.8582,0.4176,0.0966,0.0741,0.0359,0.0459,0.2304,0.0294,180527,210364
248,2025,0.861,0.4111,0.1246,0.0891,0.0356,0.049,0.1931,0.0315,165463,192185
249,2025,0.842,0.394,0.1149,0.0911,0.0358,0.052,0.2113,0.0325,163446,194125
250,2025,0.8642,0.3579,0.1347,0.1641,0.0436,0.082,0.1353,0.0278,192406,222633
251,2025,0.7943,0.2841,0.1341,0.1648,0.0412,0.1055,0.175,0.0395,148097,186448
252,2025,0.8598,0.3974,0.1069,0.1098,0.0399,0.048,0.1942,0.0294,199564,232095
253,2025,0.8487,0.4124,0.0935,0.0728,0.0373,0.0384,0.2263,0.0305,163283,192393
254,2025,0.8292,0.3704,0.1075,0.0895,0.0413,0.0524,0.2322,0.0369,178435,215191
255,2025,0.8428,0.3909,0.0905,0.0834,0.0412,0.0444,0.234,0.0303,134558,159653
256,2025,0.8405,0.3798,0.1053,0.1236,0.043,0.0524,0.1751,0.0331,191695,228068
257,2025,0.8497,0.401,0.093,0.1001,0.0381,0.0474,0.2017,0.0315,136838,161048
258,2025,0.8581,0.2617,0.1492,0.2528,0.0727,0.1084,0.0892,0.0328,162105,188918
259,2025,0.798,0.2678,0.1624,0.1743,0.0582,0.1086,0.1438,0.0485,139575,174909
260,2025,0.8431,0.3321,0.144,0.1395,0.0701,0.0596,0.1753,0.0402,204946,243100
261,2025,0.8429,0.3252,0.1551,0.1499,0.0574,0.0716,0.1606,0.0386,139386,165367
262,2025,0.8513,0.3369,0.1413,0.1357,0.0667,0.0577,0.1799,0.0374,173192,203455
263,2025,0.8235,0.3347,0.1436,0.094,0.0554,0.0545,0.2327,0.0431,143877,174712
264,2025,0.8417,0.3333,0.1466,0.1276,0.0678,0.0583,0.1859,0.0382,184918,219692
265,2025,0.8466,0.3206,0.1509,0.1488,0.064,0.0687,0.1688,0.0396,179881,212465
266,2025,0.8569,0.3314,0.1445,0.1212,0.0631,0.0533,0.2032,0.0382,195890,228598
267,2025,0.8159,0.2943,0.1433,0.0946,0.0622,0.0616,0.2545,0.0436,194676,238592
268,2025,0.8292,0.3179,0.1321,0.0977,0.0572,0.0532,0.2509,0.0432,186108,224446
269,2025,0.8343,0.3257,0.1384,0.1066,0.0539,0.0578,0.2327,0.0434,146415,175503
270,2025,0.8299,0.3468,0.1408,0.0937,0.0487,0.054,0.2304,0.0441,180563,217574
271,2025,0.8311,0.2243,0.1559,0.2408,0.0516,0.112,0.1351,0.0372,168556,202812
272,2025,0.8504,0.3314,0.1503,0.1333,0.0554,0.0558,0.1904,0.0385,176259,207276
273,2025,0.8159,0.3336,0.1446,0.1085,0.0493,0.0536,0.2257,0.041,163973,200964
274,2025,0.8544,0.2627,0.1699,0.2186,0.0567,0.1014,0.1207,0.0344,186493,218284
275,2025,0.784,0.2313,0.1818,0.1601,0.0515,0.113,0.1756,0.047,153146,195336
276,2025,0.8302,0.3637,0.1325,0.0839,0.0479,0.0489,0.2357,0.0417,171415,206482
277,2025,0.8383,0.3109,0.1569,0.123,0.0564,0.0625,0.2067,0.0402,163898,195510
278,2025,0.8363,0.3214,0.1437,0.1092,0.0524,0.0574,0.2241,0.0434,162421,194216
279,2025,0.8185,0.3048,0.1317,0.1052,0.0621,0.0538,0.2536,0.0442,174321,212982
280,2025,0.8285,0.3382,0.1221,0.0882,0.0594,0.047,0.2556,0.0401,163682,197556
281,2025,0.8587,0.222,0.1533,0.2661,0.0424,0.1391,0.1039,0.0351,196067,228338
282,2025,0.8168,0.2924,0.1596,0.1523,0.049,0.0677,0.1818,0.0447,187809,229946
283,2025,0.8333,0.3222,0.1553,0.1323,0.0469,0.0589,0.1947,0.0403,182311,218790
284,2025,0.8195,0.3357,0.133,0.1109,0.0526,0.0569,0.218,0.0452,167833,204805
285,2025,0.8226,0.3436,0.108,0.0776,0.0608,0.0471,0.2708,0.0452,161387,196201
286,2025,0.8177,0.3404,0.1291,0.099,0.0528,0.0506,0.2377,0.0447,131135,160376
287,2025,0.8245,0.301,0.133,0.1684,0.0578,0.0745,0.1832,0.0408,170740,207094
288,2025,0.8248,0.3366,0.1434,0.1367,0.0499,0.0567,0.1908,0.0398,145383,176262
289,2025,0.8364,0.3258,0.1313,0.1222,0.0644,0.0606,0.2101,0.0458,165466,197827
290,2025,0.8618,0.285,0.1394,0.1921,0.05,0.096,0.1614,0.0399,172184,199799
291,2025,0.8501,0.339,0.1347,0.1357,0.0515,0.0645,0.1927,0.039,190020,223539
292,2025,0.8512,0.3828,0.104,0.0978,0.0508,0.0452,0.2318,0.0382,144530,169789
293,2025,0.8372,0.3504,0.1301,0.1355,0.0574,0.0554,0.189,0.0405,145115,173329
294,2025,0.8393,0.3502,0.1173,0.1325,0.0542,0.0648,0.1902,0.0415,157982,188225
295,2025,0.8232,0.3653,0.1105,0.0754,0.0546,0.0491,0.2623,0.0423,148788,180742
296,2025,0.7973,0.2286,0.2204,0.0994,0.0438,0.099,0.2004,0.0633,149368,187345
297,2025,0.8309,0.2825,0.2126,0.0625,0.0445,0.0677,0.2171,0.0677,164765,198307
298,2025,0.8519,0.3029,0.2219,0.0621,0.0406,0.0605,0.2073,0.0573,143181,168073
299,2025,0.8199,0.2605,0.2204,0.0659,0.0424,0.0669,0.2373,0.0577,147979,180479
